run,i,B,K,xi,gamma,C,C_acc_train,C_acc_test,C_gap_acc,C_auroc_train,C_auroc_test,C_gap_auroc,C_auprc_train,C_auprc_test,C_gap_auprc,C_hinge_gap,C_J_w,C_J_xi,Q_acc_test_max,Q_auroc_test_max,Q_auprc_test_max,Q_acc_train_max,Q_auroc_train_max,Q_auprc_train_max,Q_gap_acc_max,Q_gap_auroc_max,Q_gap_auprc_max,Q_hinge_gap_min,Q_J_w_max,Q_J_w_min,Q_J_w_mean,Q_J_xi_max,Q_J_xi_min,Q_J_xi_mean
1,0,5,3,1,0.0,31,0.5,0.5,0.0,0.5,0.5,0.0,0.5,0.5,0.0,0.0,-1.0097419586828951e-28,50.0,0.5,0.5,0.5,0.5,0.5,0.5,0.0,0.0,0.0,0.0,0.5,0.0,0.05,50.0,50.0,50.0
1,1,5,3,1,0.1,31,0.84,0.7666666666666667,0.07333333333333325,0.9344,0.8661333333333333,0.0682666666666667,0.9404859519565403,0.848163110503393,0.09232284145314729,0.11704885812190402,228.38105741405118,23.19621495493452,0.7466666666666667,0.8878222222222222,0.8837014273513628,0.86,0.9408,0.9475569265042949,0.16000000000000003,0.16924444444444442,0.17835724220309113,0.09777267663211764,223.08319008712064,113.93369030552012,173.81625609850173,71.68159408234249,25.611557187409872,32.10282359148044
1,2,5,3,1,0.2,31,0.88,0.8066666666666666,0.07333333333333336,0.9488000000000001,0.8922666666666667,0.056533333333333435,0.9513585296529239,0.8685758333167728,0.0827826963361511,0.12509523898395275,175.18249314917824,17.29259799480108,0.8666666666666667,0.9244444444444444,0.9020440288931961,0.92,0.9648,0.9685865486257226,0.16000000000000003,0.14346666666666652,0.15299724864040765,0.0740091874564196,267.5122915135859,120.77497547885346,203.43352322511583,30.30543483570249,18.133183452430806,21.13797192150433
1,3,5,3,1,0.3,31,0.88,0.8066666666666666,0.07333333333333336,0.9648,0.8981333333333335,0.06666666666666654,0.9649868006606398,0.8766116205431189,0.08837518011752088,0.14051579389435848,145.98951634135295,15.404328543836913,0.8466666666666667,0.9171555555555555,0.8946258692702795,0.88,0.9536,0.9563133738459086,0.16000000000000003,0.17919999999999991,0.23464762730780697,0.134035554118472,363.9243313398715,189.4619550978573,286.1975783301085,32.309980443723255,14.481695260385585,21.150377139268947
1,4,5,3,1,0.4,31,0.9,0.8133333333333334,0.08666666666666667,0.9712000000000001,0.8917333333333334,0.07946666666666669,0.9659035310317179,0.8722865664318659,0.09361696459985203,0.18489741895697243,156.10066059701515,13.327616246321597,0.8533333333333334,0.9139555555555555,0.890403323860147,0.92,0.9696,0.9690557347419863,0.19333333333333336,0.13439999999999996,0.1580330864332632,0.15269697568686402,411.91907047287475,222.59874863294672,305.9849091281581,28.98652424911161,13.330530955834382,18.672858594623243
1,5,5,3,1,0.5,31,0.9,0.82,0.08000000000000007,0.9696,0.8942222222222224,0.07537777777777765,0.9643093281331672,0.8747770010911495,0.08953232704201763,0.1837385832775913,128.23843792865944,12.977071320186983,0.8466666666666667,0.9061333333333333,0.891147607708669,0.9,0.968,0.9645195592813294,0.17333333333333334,0.18488888888888888,0.23124749936198696,0.3072037725703457,460.25648522849224,200.7760001179258,340.87539487511447,36.30892762036525,11.548462319881313,20.155915179901722
1,6,5,3,1,0.6,31,0.9,0.82,0.08000000000000007,0.9744,0.8986666666666667,0.07573333333333332,0.9701281952563822,0.8769713839522585,0.09315681130412368,0.20173444796027318,131.01376981894327,11.628934726106454,0.82,0.9091555555555556,0.9048516269732467,0.94,0.9792,0.9778136150653314,0.17333333333333334,0.16746666666666654,0.22022604213543917,0.30668385492376476,495.0803965959368,259.52440588306206,388.99807608350784,39.91876902217743,10.22784076853547,20.09049339287841
1,7,5,3,1,0.7,31,0.94,0.8133333333333334,0.1266666666666666,0.9808,0.8967111111111111,0.08408888888888888,0.9758857044138913,0.8731112141568141,0.10277449025707719,0.22268819345745533,129.09856402549678,10.80975391995792,0.8333333333333334,0.9187555555555555,0.9090242505518734,0.92,0.9743999999999999,0.9699691319309021,0.15333333333333332,0.1777777777777777,0.22946906937984168,0.39300636988670457,459.2443445001494,202.91986986579073,360.3959295673877,46.373344351072724,11.291728009051692,21.4367188222062
1,8,5,3,1,0.8,31,0.94,0.8,0.1399999999999999,0.9792,0.8864000000000001,0.09279999999999988,0.9730285615567484,0.8541816915999213,0.11884686995682714,0.2673566961828829,132.7749073934835,9.832595053952126,0.82,0.8999111111111111,0.8963279716722335,0.92,0.9807999999999999,0.9801718315614789,0.18666666666666665,0.13671111111111112,0.1967094162089954,0.41255654656586616,501.6422954208948,235.83924207295178,374.43437243742926,28.91323331452641,9.842930933392042,18.86192072688072
1,9,5,3,1,0.9,31,0.94,0.8,0.1399999999999999,0.9792,0.8830222222222223,0.0961777777777777,0.9730285615567484,0.8490021331204723,0.12402642843627609,0.2793313853381394,128.42888161940573,9.66319555756844,0.8333333333333334,0.9013333333333333,0.8661936517408707,0.94,0.9792,0.9768281952563822,0.16666666666666663,0.19217777777777767,0.27324411921065395,0.4189655939730038,499.0665062975151,279.338416119339,405.7263060359909,28.922872285850964,9.863519727784919,16.654592685030085
1,10,5,3,1,1.0,31,0.94,0.8,0.1399999999999999,0.9792,0.8856888888888889,0.0935111111111111,0.9730285615567484,0.850738510602184,0.12229005095456447,0.2814507240963103,124.71810226269153,9.457329041394205,0.84,0.9114666666666666,0.9056297611731998,0.92,0.9743999999999999,0.9725119559401428,0.17999999999999994,0.1466666666666665,0.2168758716342225,0.43629890234268753,479.35754820198304,249.39051203511502,380.124709730771,31.29475803066474,11.537024344885982,19.160466741229463
1,11,5,3,1,1.1,31,0.92,0.8,0.12,0.9792,0.8871111111111111,0.09208888888888889,0.9730285615567484,0.8526020327421364,0.12042652881461202,0.28360635914711596,126.50904534724759,9.233637894482877,0.8333333333333334,0.9091555555555556,0.8950782400057896,0.94,0.984,0.9842858474858476,0.16000000000000003,0.17155555555555546,0.261131728967229,0.40010480046782565,504.56570205467574,260.93766507286523,384.4187868505093,43.576901808693506,9.83511161867475,17.870837235583032
1,12,5,3,1,1.2,31,0.92,0.8,0.12,0.9792,0.8846222222222223,0.09457777777777765,0.9730285615567484,0.8492694788533237,0.12375908270342473,0.28566036203891254,118.29981224761431,9.220003327531149,0.8466666666666667,0.9098666666666667,0.8861176825974101,0.94,0.9808,0.9783051183333052,0.19999999999999996,0.21120000000000005,0.2849786102583659,0.2921924121394812,462.9234016548175,204.99504596343962,362.30503058193085,27.870803099166032,9.873070117993318,18.832660204312898
1,13,5,3,1,1.3,31,0.92,0.7933333333333333,0.1266666666666667,0.9808,0.8856888888888889,0.09511111111111115,0.9758857044138913,0.8435994545730868,0.1322862498408045,0.292414065555887,118.94212918613239,8.822718594826604,0.8266666666666667,0.9013333333333333,0.8992221672814509,0.92,0.9712000000000001,0.9681730586055933,0.17333333333333334,0.1651555555555555,0.26651502747630973,0.4734802275588794,448.3551146870747,252.5158507394956,369.1973207572092,58.14699751325938,10.969861261896302,20.45149311380886
1,14,5,3,1,1.4,31,0.94,0.8,0.1399999999999999,0.9808,0.8849777777777779,0.09582222222222214,0.9758857044138913,0.842262779968217,0.13362292444567436,0.3001153904168513,120.95412781910287,8.440379115367996,0.8133333333333334,0.8984888888888889,0.8986374434124647,0.92,0.9760000000000001,0.975266850718567,0.16000000000000003,0.16408888888888884,0.22413786956158765,0.4126692575600684,430.0562974188331,158.91404669024513,339.3291557259879,33.058455704058254,10.738296025493968,18.81042922829084
1,15,5,3,1,1.5,31,0.94,0.8,0.1399999999999999,0.9808,0.8833777777777778,0.09742222222222219,0.9758857044138913,0.8398925854237905,0.1359931189901008,0.3076483138485647,115.22847399186671,8.380810973885037,0.8266666666666667,0.9114666666666666,0.8980116715012145,0.94,0.9743999999999999,0.9723331376569767,0.19333333333333336,0.18737777777777775,0.2567321709182995,0.4312714699884318,404.17251031198623,225.1289310420437,336.8293788805146,39.3443026772633,11.022119429673012,17.64769788387931
1,16,5,3,1,1.6,31,0.94,0.8,0.1399999999999999,0.9808,0.8785777777777778,0.10222222222222221,0.9758857044138913,0.8348174596929117,0.14106824472097967,0.31890304074558784,110.5819572819053,8.289771775016389,0.7933333333333333,0.9009777777777778,0.9021873669896138,0.94,0.9744,0.9730259997820639,0.2333333333333334,0.20373333333333332,0.2838964718112673,0.48046128536806754,471.9331998391278,212.03521691636183,358.47337699964413,27.34057374495925,10.854024696493992,17.000426471544582
1,17,5,3,1,1.7,31,0.94,0.7933333333333333,0.1466666666666666,0.9808,0.8741333333333333,0.10666666666666669,0.9758857044138913,0.8287919435479508,0.1470937608659405,0.3319903799571792,106.94611507565918,8.165245783816175,0.8333333333333334,0.9036444444444444,0.9007292759658342,0.92,0.9728,0.9741656622324224,0.18000000000000005,0.17457777777777772,0.25827867034321594,0.5297415025277324,460.0411841536698,210.50096088398865,340.44737701537406,33.714900618204084,10.68391908457544,20.448842698383288
1,18,5,3,1,1.8,31,0.94,0.7933333333333333,0.1466666666666666,0.9792,0.8712888888888889,0.10791111111111107,0.9730285615567484,0.833111728624413,0.13991683293233548,0.3432652947744218,104.06377203041191,7.973678048235762,0.84,0.9072000000000001,0.8857909803947994,0.94,0.9696,0.9659391648190679,0.20666666666666667,0.1797333333333332,0.21418418586103238,0.5393418226116891,443.61156720246436,236.08307616110494,326.9296583907177,31.79595325960349,11.408745239094134,17.690387541218747
1,19,5,3,1,1.9,31,0.94,0.7866666666666666,0.15333333333333332,0.9792,0.8672000000000001,0.11199999999999988,0.9730285615567484,0.8323653687622186,0.14066319279452988,0.34909609638307865,102.01234217574859,7.967228486235931,0.8333333333333334,0.8984888888888889,0.8831792372467858,0.94,0.9743999999999999,0.9709755198272361,0.22000000000000008,0.2360888888888888,0.2870183357036892,0.4249418890487503,404.70378552973784,197.00216518391818,306.95864847626547,32.17707017584055,10.375170216291533,18.856965216007755
1,20,5,3,1,2.0,31,0.94,0.8066666666666666,0.1333333333333333,0.9792000000000001,0.8664888888888889,0.1127111111111112,0.9744612029893899,0.8245025780952813,0.1499586248941086,0.3503790810859847,101.04349475294231,8.071696585371896,0.82,0.9056,0.8901812783169374,0.94,0.976,0.9739273405555274,0.17999999999999994,0.1644444444444444,0.2448049811049643,0.2878775911094505,426.0897574683135,155.3266788187495,297.6108363430321,26.670645560085656,11.298121026166111,17.588074987730895
1,21,5,3,1,2.1,31,0.94,0.8066666666666666,0.1333333333333333,0.9792000000000001,0.8640000000000001,0.11519999999999997,0.9744612029893899,0.8190617804590359,0.155399422530354,0.3518951675014628,98.81162770727036,8.076227834643843,0.84,0.8906666666666667,0.8806601628740477,0.94,0.9872,0.9883716475095787,0.17999999999999994,0.1724444444444443,0.22369741058663473,0.2563272149163689,427.168626266578,169.16416196837892,285.8870815750847,24.424329985218314,11.497025306414741,17.473273567121403
1,22,5,3,1,2.2,31,0.94,0.8,0.1399999999999999,0.976,0.8645333333333333,0.11146666666666671,0.9701271370553239,0.8247376759247187,0.14538946113060525,0.35476141330237043,96.46465578222426,7.9026475836352805,0.84,0.8970666666666667,0.8892453019706229,0.92,0.9663999999999999,0.9646305647010305,0.18000000000000005,0.1637333333333334,0.24849366897892744,0.49214824524883616,398.91340501661944,196.32242983694277,282.62433872749125,39.58574455873801,12.412198135790618,20.509553684454445
1,23,5,3,1,2.3,31,0.94,0.7933333333333333,0.1466666666666666,0.9776,0.8643555555555557,0.11324444444444437,0.9729842799124668,0.8294192696957261,0.14356501021674073,0.3564880661281826,95.2423559146679,7.8114141648789,0.8,0.8833777777777778,0.874828849482883,0.9,0.9680000000000001,0.9661866575453533,0.18000000000000005,0.19395555555555555,0.23082862476569888,0.5098767354402325,421.95389986590203,180.67387140892424,265.4929042444704,38.53511659388852,12.580908668170185,20.887302878168416
1,24,5,3,1,2.4,31,0.94,0.7933333333333333,0.1466666666666666,0.9776,0.8647111111111112,0.11288888888888882,0.9729842799124668,0.8315335852382023,0.14145069467426452,0.35699014785554417,94.65727867812994,7.784781267562035,0.7933333333333333,0.8919111111111111,0.882487724093824,0.94,0.968,0.9743151915872814,0.22666666666666657,0.1690666666666666,0.19541243210067338,0.42172940853435004,390.91144013308326,124.735573357744,273.84403519787554,28.228151076431043,11.264097994785839,17.79331564240424
1,25,5,3,1,2.5,31,0.94,0.7933333333333333,0.1466666666666666,0.9776,0.8647111111111111,0.11288888888888893,0.9729842799124668,0.8327173242537338,0.14026695565873304,0.35874373101695733,94.7295459840264,7.763770258502407,0.8,0.8775111111111111,0.883636766296256,0.94,0.9776,0.9784159960177123,0.20000000000000007,0.1406222222222221,0.1898655343402592,0.5043530503160656,387.0718160609265,129.9475483364373,245.9386581024931,31.866784788096016,11.386060160458634,19.392931118009628
1,26,5,3,1,2.6,31,0.94,0.7933333333333333,0.1466666666666666,0.9776,0.8650666666666667,0.11253333333333337,0.9729842799124668,0.8375356656849922,0.13544861422747467,0.35978800464971283,95.75257908936644,7.67356102788604,0.8133333333333334,0.8897777777777778,0.8813421971295965,0.94,0.9808,0.9798700253217417,0.20000000000000007,0.1996444444444444,0.22487943764988327,0.3447403259484878,337.04185310255656,163.53350663791437,264.6776345962285,29.119740616234765,9.61396813416546,19.49578342444415
1,27,5,3,1,2.7,31,0.94,0.7866666666666666,0.15333333333333332,0.9792000000000001,0.8664888888888889,0.1127111111111112,0.9756509465791335,0.8393797664858986,0.1362711800932349,0.3616197567830418,98.02085729076086,7.569589742770514,0.8266666666666667,0.8935111111111111,0.8891243042677172,0.92,0.9792000000000001,0.9825913978494625,0.22000000000000008,0.17120000000000002,0.1993441829208541,0.5166302479930602,373.2793351974815,139.3076571128215,233.95464719779176,30.979891444475697,11.323210040827382,19.44637194867477
1,28,5,3,1,2.8,31,0.94,0.78,0.15999999999999992,0.9808,0.866311111111111,0.11448888888888897,0.9781509465791335,0.8406784986126505,0.13747244796648295,0.3648802382694566,101.13769808042768,7.484037538422587,0.7866666666666666,0.9111111111111111,0.9085025990207751,0.92,0.9776,0.9798649021229666,0.22666666666666668,0.18133333333333335,0.2849907183803353,0.34661937403786214,341.54764838523676,86.47960047178593,205.89053415873536,32.5147430338122,11.804194252563317,17.739093038367116
1,29,5,3,1,2.9,31,0.94,0.7733333333333333,0.16666666666666663,0.9808,0.8643555555555557,0.11644444444444435,0.9781509465791335,0.8391208580395922,0.13903008853954124,0.3689494345194845,103.54685749525677,7.413304810175276,0.8266666666666667,0.9009777777777779,0.9073071284458313,0.96,0.984,0.981052371080558,0.21999999999999997,0.16071111111111114,0.1889757728979904,0.42843903522325677,287.59269284875194,146.32834824843752,214.38682005434535,31.915130862950903,9.56062437532237,17.206725916956866
2,0,5,3,1,0.0,31,0.5,0.5,0.0,0.5,0.5,0.0,0.5,0.5,0.0,0.0,-1.0097419586828951e-28,50.0,0.5,0.5,0.5,0.5,0.5,0.5,0.0,0.0,0.0,0.0,0.5,0.0,0.075,50.00000000000001,50.0,50.0
2,1,5,3,1,0.1,31,0.84,0.7666666666666667,0.07333333333333325,0.9344,0.8661333333333333,0.0682666666666667,0.9404859519565403,0.848163110503393,0.09232284145314729,0.11704885812190402,228.38105741405118,23.19621495493452,0.7733333333333333,0.8958222222222223,0.8934720764316186,0.84,0.9376,0.9455651427079076,0.15999999999999992,0.15200000000000002,0.17969926484563936,0.08867336677849236,245.26294145370093,127.01666540684693,181.8150615761746,50.24108995802048,25.034105822105154,29.353790468731525
2,2,5,3,1,0.2,31,0.88,0.8066666666666666,0.07333333333333336,0.9488000000000001,0.8922666666666667,0.056533333333333435,0.9513585296529239,0.8685758333167728,0.0827826963361511,0.12509523898395275,175.18249314917824,17.29259799480108,0.84,0.9116444444444445,0.9037082691229124,0.9,0.9536,0.9559933087258434,0.09999999999999998,0.1265777777777778,0.2006992219196564,0.15446486047739982,330.19429565367,116.99545615286637,207.31790351931858,44.66257598621643,16.08753025181577,22.806266368682806
2,3,5,3,1,0.3,31,0.88,0.8066666666666666,0.07333333333333336,0.9648,0.8981333333333335,0.06666666666666654,0.9649868006606398,0.8766116205431189,0.08837518011752088,0.14051579389435848,145.98951634135295,15.404328543836913,0.8666666666666667,0.9208888888888889,0.9066970881190205,0.9,0.9663999999999999,0.9708306872956485,0.18666666666666665,0.17848888888888903,0.1940962286929233,0.14959092541302144,422.212865948437,162.24551684754482,291.453726173318,38.21341534883492,13.511305357499122,19.797288270320898
2,4,5,3,1,0.4,31,0.9,0.8133333333333334,0.08666666666666667,0.9712000000000001,0.8917333333333334,0.07946666666666669,0.9659035310317179,0.8722865664318659,0.09361696459985203,0.18489741895697243,156.10066059701515,13.327616246321597,0.8733333333333333,0.9233777777777776,0.8954497740751125,0.92,0.9696,0.9692237566478867,0.16666666666666674,0.1459555555555555,0.19278871064858372,0.27185104488244627,393.64574785379784,223.0700924714112,311.1610141278095,31.10855120610726,12.76593611129741,18.595855732618993
2,5,5,3,1,0.5,31,0.9,0.82,0.08000000000000007,0.9696,0.8942222222222224,0.07537777777777765,0.9643093281331672,0.8747770010911495,0.08953232704201763,0.1837385832775913,128.23843792865944,12.977071320186983,0.8466666666666667,0.9132444444444445,0.9053337612271668,0.92,0.976,0.9748648971166134,0.1133333333333334,0.1372444444444444,0.16452117459361248,0.24768757216134824,471.92494707183096,255.1284090898472,361.6389259064892,33.36697822724756,11.405329923861743,20.8741613627228
2,6,5,3,1,0.6,31,0.9,0.82,0.08000000000000007,0.9744,0.8986666666666667,0.07573333333333332,0.9701281952563822,0.8769713839522585,0.09315681130412368,0.20173444796027318,131.01376981894327,11.628934726106454,0.82,0.9084444444444445,0.8928075801015075,0.9,0.9712,0.9675291467952647,0.14666666666666672,0.13475555555555552,0.1832653522847396,0.3714490983698032,515.801294695826,282.8535010630081,386.720118142416,35.36780094465532,11.378892283252588,21.08130095139308
2,7,5,3,1,0.7,31,0.94,0.8133333333333334,0.1266666666666666,0.9808,0.8967111111111111,0.08408888888888888,0.9758857044138913,0.8731112141568141,0.10277449025707719,0.22268819345745533,129.09856402549678,10.80975391995792,0.8266666666666667,0.9018666666666666,0.8815409155957709,0.94,0.9728000000000001,0.9712804288465468,0.16666666666666674,0.14755555555555555,0.2055150221293186,0.4114557043388619,517.7180815291622,267.53567032485444,379.35512429852474,38.13433841766711,11.235713078569653,18.680893879614683
2,8,5,3,1,0.8,31,0.94,0.8,0.1399999999999999,0.9792,0.8864000000000001,0.09279999999999988,0.9730285615567484,0.8541816915999213,0.11884686995682714,0.2673566961828829,132.7749073934835,9.832595053952126,0.8533333333333334,0.9175111111111112,0.9077963864106057,0.92,0.9743999999999999,0.9737789133685607,0.1133333333333334,0.14062222222222232,0.20772901258348397,0.386541099393238,538.2834110135585,311.80170471913004,413.34357606891706,25.921986774656222,10.547322602093224,17.76494651486251
2,9,5,3,1,0.9,31,0.94,0.8,0.1399999999999999,0.9792,0.8830222222222223,0.0961777777777777,0.9730285615567484,0.8490021331204723,0.12402642843627609,0.2793313853381394,128.42888161940573,9.66319555756844,0.8266666666666667,0.9123555555555555,0.8968773658020721,0.92,0.976,0.9729606738888609,0.18000000000000005,0.16693333333333304,0.2032597385196382,0.5693577302201881,429.211577352037,304.21570353617034,359.0409510129799,27.42657266363256,12.2815500354709,18.23975239174842
2,10,5,3,1,1.0,31,0.94,0.8,0.1399999999999999,0.9792,0.8856888888888889,0.0935111111111111,0.9730285615567484,0.850738510602184,0.12229005095456447,0.2814507240963103,124.71810226269153,9.457329041394205,0.8266666666666667,0.9143111111111111,0.9028617021104005,0.9,0.9728,0.9733217391304348,0.19333333333333336,0.1591111111111112,0.2218507863974577,0.3329860376791724,548.7387324555984,230.18526746768632,366.16573106777685,34.402270688501794,11.514116803076138,21.463886235249653
2,11,5,3,1,1.1,31,0.92,0.8,0.12,0.9792,0.8871111111111111,0.09208888888888889,0.9730285615567484,0.8526020327421364,0.12042652881461202,0.28360635914711596,126.50904534724759,9.233637894482877,0.8266666666666667,0.896,0.884822217669182,0.96,0.9792000000000001,0.9795943360986841,0.17333333333333334,0.12248888888888887,0.17729937396561501,0.44447099486626906,440.5557167209922,249.0773117464494,361.1705777326729,29.89051583939133,9.492328704294128,16.536212850480133
2,12,5,3,1,1.2,31,0.92,0.8,0.12,0.9792,0.8846222222222223,0.09457777777777765,0.9730285615567484,0.8492694788533237,0.12375908270342473,0.28566036203891254,118.29981224761431,9.220003327531149,0.8133333333333334,0.8942222222222224,0.8852659021131681,0.96,0.9808,0.982052400614813,0.22666666666666668,0.20640000000000003,0.27879880730672413,0.41553717626888226,516.4868869693025,204.2630961842799,389.88942385050484,36.79842028759364,11.04840167296189,18.90947023953395
2,13,5,3,1,1.3,31,0.92,0.7933333333333333,0.1266666666666667,0.9808,0.8856888888888889,0.09511111111111115,0.9758857044138913,0.8435994545730868,0.1322862498408045,0.292414065555887,118.94212918613239,8.822718594826604,0.84,0.9240888888888888,0.9077955725572511,0.96,0.9776,0.9733493293510458,0.19333333333333336,0.14737777777777772,0.19022123797490387,0.4357326046881254,482.36505805082135,278.4076266728891,386.1592092201982,27.56498975584399,9.27542496864481,18.190765143107427
2,14,5,3,1,1.4,31,0.94,0.8,0.1399999999999999,0.9808,0.8849777777777779,0.09582222222222214,0.9758857044138913,0.842262779968217,0.13362292444567436,0.3001153904168513,120.95412781910287,8.440379115367996,0.8066666666666666,0.8887111111111111,0.8724239317597224,0.94,0.9792,0.9788043101939575,0.15333333333333332,0.15128888888888903,0.23033492386466392,0.4093176643522713,465.0199484985666,209.78236101181778,367.12281493542605,29.320431444007355,11.285178632622896,18.299755252059594
2,15,5,3,1,1.5,31,0.94,0.8,0.1399999999999999,0.9808,0.8833777777777778,0.09742222222222219,0.9758857044138913,0.8398925854237905,0.1359931189901008,0.3076483138485647,115.22847399186671,8.380810973885037,0.8266666666666667,0.8920888888888889,0.8968849907705533,0.94,0.9792000000000001,0.9804903067946547,0.18666666666666665,0.14631111111111106,0.23498083645219903,0.5716758386887102,472.3934024648371,283.71129592625385,372.5032543822043,21.838725859028962,9.565681359947023,15.540680835303672
2,16,5,3,1,1.6,31,0.94,0.8,0.1399999999999999,0.9808,0.8785777777777778,0.10222222222222221,0.9758857044138913,0.8348174596929117,0.14106824472097967,0.31890304074558784,110.5819572819053,8.289771775016389,0.8333333333333334,0.9132444444444444,0.8925306167076897,0.94,0.976,0.9758555922452395,0.23333333333333328,0.1996444444444444,0.22364566101805816,0.3041401753349379,420.6573321817774,246.5959691734659,335.09313743937275,24.02332582108097,9.635085829656228,17.110769366209574
2,17,5,3,1,1.7,31,0.94,0.7933333333333333,0.1466666666666666,0.9808,0.8741333333333333,0.10666666666666669,0.9758857044138913,0.8287919435479508,0.1470937608659405,0.3319903799571792,106.94611507565918,8.165245783816175,0.8533333333333334,0.9118222222222223,0.9055062069459194,0.96,0.9823999999999999,0.9816487546384021,0.15999999999999992,0.14755555555555566,0.2104177972707003,0.4645880054535013,403.9209861351855,212.89234391349152,322.9164923608731,33.528681320553225,7.972254012322987,19.90514941773808
2,18,5,3,1,1.8,31,0.94,0.7933333333333333,0.1466666666666666,0.9792,0.8712888888888889,0.10791111111111107,0.9730285615567484,0.833111728624413,0.13991683293233548,0.3432652947744218,104.06377203041191,7.973678048235762,0.8266666666666667,0.908088888888889,0.8974755762093585,0.94,0.9663999999999999,0.9609208052330005,0.19333333333333325,0.2255999999999999,0.31550026984643553,0.4400168498758838,415.8053938625999,171.4206246502813,308.0867235681617,29.344874752624243,11.588514518119306,20.474604656223015
2,19,5,3,1,1.9,31,0.94,0.7866666666666666,0.15333333333333332,0.9792,0.8672000000000001,0.11199999999999988,0.9730285615567484,0.8323653687622186,0.14066319279452988,0.34909609638307865,102.01234217574859,7.967228486235931,0.8266666666666667,0.9015111111111112,0.904755374545188,0.94,0.976,0.9762064988151945,0.17333333333333334,0.18648888888888893,0.24500939703217073,0.32561237066644577,430.22896963726396,173.48667034234842,326.36641478990583,37.95584158357395,12.457159373864927,19.130913807760805
2,20,5,3,1,2.0,31,0.94,0.8066666666666666,0.1333333333333333,0.9792000000000001,0.8664888888888889,0.1127111111111112,0.9744612029893899,0.8245025780952813,0.1499586248941086,0.3503790810859847,101.04349475294231,8.071696585371896,0.8133333333333334,0.8688,0.863035852817242,0.9,0.9696,0.9704006114023278,0.17333333333333334,0.2088888888888889,0.28620817555112854,0.6777946244445596,379.414384350755,174.5739266935085,306.8730171566093,33.889115538664036,11.854751851453901,21.903406382483563
2,21,5,3,1,2.1,31,0.94,0.8066666666666666,0.1333333333333333,0.9792000000000001,0.8640000000000001,0.11519999999999997,0.9744612029893899,0.8190617804590359,0.155399422530354,0.3518951675014628,98.81162770727036,8.076227834643843,0.8333333333333334,0.896888888888889,0.8895025323223635,0.92,0.96,0.9677078582744487,0.19333333333333336,0.20337777777777788,0.249955761207441,0.6932454282205986,410.17089834844023,107.78366702836257,281.96637191482756,40.556754157653025,13.719578391225951,19.686405362075007
2,22,5,3,1,2.2,31,0.94,0.8,0.1399999999999999,0.976,0.8645333333333333,0.11146666666666671,0.9701271370553239,0.8247376759247187,0.14538946113060525,0.35476141330237043,96.46465578222426,7.9026475836352805,0.82,0.8935111111111111,0.886865419005854,0.92,0.9712,0.9752337817105434,0.22666666666666668,0.19342222222222216,0.28811619158625823,0.3759855743460223,403.61366993242416,161.3196131500759,291.874364430213,45.99549084434773,12.761392636565494,19.944173069302796
2,23,5,3,1,2.3,31,0.94,0.7933333333333333,0.1466666666666666,0.9776,0.8643555555555557,0.11324444444444437,0.9729842799124668,0.8294192696957261,0.14356501021674073,0.3564880661281826,95.2423559146679,7.8114141648789,0.8066666666666666,0.8963555555555556,0.8902785627715193,0.92,0.9712,0.9725112858156337,0.14666666666666672,0.12586666666666668,0.17390589155673775,0.4372642591877196,404.0294270220607,185.17745594451856,284.61943347386034,26.85794054398024,11.388834888617062,17.865505201662774
2,24,5,3,1,2.4,31,0.94,0.7933333333333333,0.1466666666666666,0.9776,0.8647111111111112,0.11288888888888882,0.9729842799124668,0.8315335852382023,0.14145069467426452,0.35699014785554417,94.65727867812994,7.784781267562035,0.82,0.92,0.9189118573049551,0.9,0.9632000000000001,0.9672091850178808,0.16666666666666674,0.17884444444444436,0.2783952251465567,0.42222425496844285,377.1355491797225,197.06667211857368,287.7435500582395,39.176529338117646,11.957923812244914,19.58774330419998
2,25,5,3,1,2.5,31,0.94,0.7933333333333333,0.1466666666666666,0.9776,0.8647111111111111,0.11288888888888893,0.9729842799124668,0.8327173242537338,0.14026695565873304,0.35874373101695733,94.7295459840264,7.763770258502407,0.8266666666666667,0.8920888888888888,0.8794528305405401,0.92,0.9792,0.979842862451558,0.20666666666666667,0.2035555555555555,0.18174238510500496,0.331182459181815,356.8187172984093,182.45553864190353,276.36918492921984,27.063128141178886,12.168770951486382,17.763157885781858
2,26,5,3,1,2.6,31,0.94,0.7933333333333333,0.1466666666666666,0.9776,0.8650666666666667,0.11253333333333337,0.9729842799124668,0.8375356656849922,0.13544861422747467,0.35978800464971283,95.75257908936644,7.67356102788604,0.84,0.8979555555555555,0.8913530406936649,0.94,0.9872000000000001,0.9883275362318842,0.18666666666666676,0.16266666666666652,0.23218710419318045,0.48881963681251217,345.41422163365735,87.59070327424621,242.9101723937175,30.203287498162222,11.565227171534598,17.591546977753985
2,27,5,3,1,2.7,31,0.94,0.7866666666666666,0.15333333333333332,0.9792000000000001,0.8664888888888889,0.1127111111111112,0.9756509465791335,0.8393797664858986,0.1362711800932349,0.3616197567830418,98.02085729076086,7.569589742770514,0.8133333333333334,0.8915555555555555,0.8864151845161001,0.9,0.9664,0.9732161696929313,0.16666666666666674,0.15164444444444447,0.16305570735547859,0.541552490722746,357.89337515735394,172.80282434257597,252.89957583769962,49.442183427003016,11.211795738489101,20.255963397993007
2,28,5,3,1,2.8,31,0.94,0.78,0.15999999999999992,0.9808,0.866311111111111,0.11448888888888897,0.9781509465791335,0.8406784986126505,0.13747244796648295,0.3648802382694566,101.13769808042768,7.484037538422587,0.8266666666666667,0.9061333333333333,0.9100492230827611,0.94,0.9696,0.9733290198057816,0.21333333333333337,0.16266666666666663,0.2092730923070959,0.3243393764696765,322.8485701537245,115.96057600285101,221.01139443751177,30.307348492645687,11.503681951077672,18.579659588884667
2,29,5,3,1,2.9,31,0.94,0.7733333333333333,0.16666666666666663,0.9808,0.8643555555555557,0.11644444444444435,0.9781509465791335,0.8391208580395922,0.13903008853954124,0.3689494345194845,103.54685749525677,7.413304810175276,0.82,0.8755555555555556,0.8648469708371879,0.96,0.9855999999999999,0.9834053122570285,0.18666666666666676,0.18933333333333335,0.29192156963969607,0.3001204747996838,296.0642880910991,104.64131229691958,210.58807576673357,29.41028829602603,11.20344114475075,19.007069351025557
3,0,5,3,1,0.0,31,0.5,0.5,0.0,0.5,0.5,0.0,0.5,0.5,0.0,0.0,-1.0097419586828951e-28,50.0,0.5,0.5,0.5,0.5,0.5,0.5,0.0,0.0,0.0,0.0,0.5,0.0,0.1,50.00000000000001,50.0,50.0
3,1,5,3,1,0.1,31,0.84,0.7666666666666667,0.07333333333333325,0.9344,0.8661333333333333,0.0682666666666667,0.9404859519565403,0.848163110503393,0.09232284145314729,0.11704885812190402,228.38105741405118,23.19621495493452,0.8666666666666667,0.9264,0.9082750809912243,0.88,0.9503999999999999,0.9581092016376795,0.15333333333333343,0.15164444444444447,0.16675216011548688,0.15267775231432368,207.45303401260475,93.0393315316374,169.50884660747946,36.2926880804238,26.346938382763597,29.074098089467732
3,2,5,3,1,0.2,31,0.88,0.8066666666666666,0.07333333333333336,0.9488000000000001,0.8922666666666667,0.056533333333333435,0.9513585296529239,0.8685758333167728,0.0827826963361511,0.12509523898395275,175.18249314917824,17.29259799480108,0.8466666666666667,0.9038222222222223,0.8912019800987121,0.9,0.952,0.9531473621936151,0.15333333333333332,0.1651555555555556,0.17966146320155518,0.10483625320133061,312.79750972286,115.74933700755884,224.68790340159862,30.390755607724138,17.560567999632276,20.703873255122026
3,3,5,3,1,0.3,31,0.88,0.8066666666666666,0.07333333333333336,0.9648,0.8981333333333335,0.06666666666666654,0.9649868006606398,0.8766116205431189,0.08837518011752088,0.14051579389435848,145.98951634135295,15.404328543836913,0.8666666666666667,0.9248000000000001,0.9038378786002869,0.9,0.9648000000000001,0.9706249489973628,0.12,0.14026666666666665,0.1865109430746983,0.08917641996250847,409.2342599293595,150.49064223684377,255.34741371600003,30.614275335918627,13.804544741133212,19.183596190255194
3,4,5,3,1,0.4,31,0.9,0.8133333333333334,0.08666666666666667,0.9712000000000001,0.8917333333333334,0.07946666666666669,0.9659035310317179,0.8722865664318659,0.09361696459985203,0.18489741895697243,156.10066059701515,13.327616246321597,0.84,0.9084444444444444,0.8834827972580258,0.92,0.9616,0.9646611704085389,0.15333333333333332,0.12408888888888892,0.17964475440583982,0.18442265243282546,411.16668307062065,154.59669614520155,311.05791711675016,29.938207885343747,13.75453076655058,20.277822325251087
3,5,5,3,1,0.5,31,0.9,0.82,0.08000000000000007,0.9696,0.8942222222222224,0.07537777777777765,0.9643093281331672,0.8747770010911495,0.08953232704201763,0.1837385832775913,128.23843792865944,12.977071320186983,0.8133333333333334,0.8935111111111111,0.8712615853701915,0.94,0.9808,0.9791811364328528,0.17333333333333334,0.15342222222222235,0.21742228962669397,0.37570207856559834,491.97079125739134,246.41809598297607,352.6730273295408,42.156208822492005,11.214768009008786,21.042063850165725
3,6,5,3,1,0.6,31,0.9,0.82,0.08000000000000007,0.9744,0.8986666666666667,0.07573333333333332,0.9701281952563822,0.8769713839522585,0.09315681130412368,0.20173444796027318,131.01376981894327,11.628934726106454,0.8533333333333334,0.917511111111111,0.8996443124141158,0.92,0.9728000000000001,0.9715463881745751,0.20666666666666667,0.16426666666666667,0.2140232240034382,0.31212220825446063,472.68972261700696,270.4493023156875,365.4261399173405,40.03662012558982,11.591799936021344,19.54233547967238
3,7,5,3,1,0.7,31,0.94,0.8133333333333334,0.1266666666666666,0.9808,0.8967111111111111,0.08408888888888888,0.9758857044138913,0.8731112141568141,0.10277449025707719,0.22268819345745533,129.09856402549678,10.80975391995792,0.8466666666666667,0.9182222222222222,0.8947662027669159,0.9,0.96,0.9641698559259201,0.15333333333333332,0.1233777777777777,0.1608842268820535,0.38087215867341606,443.25697652523866,275.5584736311805,372.4976239101496,38.86111361648743,13.875400811741144,18.295216533438612
3,8,5,3,1,0.8,31,0.94,0.8,0.1399999999999999,0.9792,0.8864000000000001,0.09279999999999988,0.9730285615567484,0.8541816915999213,0.11884686995682714,0.2673566961828829,132.7749073934835,9.832595053952126,0.8466666666666667,0.9189333333333334,0.9067907366047039,0.94,0.9728,0.9742875017455663,0.18000000000000005,0.12693333333333345,0.17676305978077234,0.3015602284132972,470.1249233592792,252.68417469841023,378.90622988875367,41.608397990603564,11.290025351512133,18.5095446174248
3,9,5,3,1,0.9,31,0.94,0.8,0.1399999999999999,0.9792,0.8830222222222223,0.0961777777777777,0.9730285615567484,0.8490021331204723,0.12402642843627609,0.2793313853381394,128.42888161940573,9.66319555756844,0.8466666666666667,0.9224888888888889,0.9085816744353962,0.92,0.9631999999999998,0.9626642195144013,0.18000000000000005,0.18400000000000005,0.26361555380527324,0.31764008508508446,539.2860151424385,281.4133226781686,391.25903403294785,38.73754900062121,12.134928212756336,19.979928536724895
3,10,5,3,1,1.0,31,0.94,0.8,0.1399999999999999,0.9792,0.8856888888888889,0.0935111111111111,0.9730285615567484,0.850738510602184,0.12229005095456447,0.2814507240963103,124.71810226269153,9.457329041394205,0.84,0.9203555555555555,0.8943484984603902,0.96,0.9792000000000001,0.9800001332001332,0.19999999999999996,0.1802666666666668,0.23634624268889282,0.4765247488282071,555.676593409617,225.88020573527777,374.60771714607074,33.96980881383865,10.594633850743959,18.441666059351583
3,11,5,3,1,1.1,31,0.92,0.8,0.12,0.9792,0.8871111111111111,0.09208888888888889,0.9730285615567484,0.8526020327421364,0.12042652881461202,0.28360635914711596,126.50904534724759,9.233637894482877,0.8266666666666667,0.9079111111111111,0.9116913924909629,0.94,0.9792,0.9779496093392567,0.1466666666666666,0.13973333333333338,0.19834081309470508,0.49222558758204116,472.26122290288805,307.57539654836376,382.32449575152657,27.954793848544025,10.09377580361791,18.302431506595827
3,12,5,3,1,1.2,31,0.92,0.8,0.12,0.9792,0.8846222222222223,0.09457777777777765,0.9730285615567484,0.8492694788533237,0.12375908270342473,0.28566036203891254,118.29981224761431,9.220003327531149,0.8466666666666667,0.9157333333333333,0.915633680277566,0.94,0.9776,0.9741176132458002,0.18666666666666676,0.14151111111111114,0.23796781380133047,0.4688103653021599,496.43573088366287,174.25893119525307,377.9662875681835,34.54061985320479,10.374196746892487,17.173257187166836
3,13,5,3,1,1.3,31,0.92,0.7933333333333333,0.1266666666666667,0.9808,0.8856888888888889,0.09511111111111115,0.9758857044138913,0.8435994545730868,0.1322862498408045,0.292414065555887,118.94212918613239,8.822718594826604,0.8533333333333334,0.9198222222222222,0.9064796944150209,0.96,0.9855999999999999,0.9834053122570285,0.18666666666666665,0.16977777777777792,0.21847616857014018,0.5442074415058282,463.34639094317004,240.1776436691698,348.44897789965046,42.81956921515411,8.73815977426736,18.808218184068664
3,14,5,3,1,1.4,31,0.94,0.8,0.1399999999999999,0.9808,0.8849777777777779,0.09582222222222214,0.9758857044138913,0.842262779968217,0.13362292444567436,0.3001153904168513,120.95412781910287,8.440379115367996,0.8133333333333334,0.9020444444444444,0.8837194925958799,0.94,0.976,0.980897435897436,0.16666666666666663,0.15075555555555564,0.18786680153828972,0.4487137971520292,431.7876140040486,235.5539869744421,340.62432458236185,23.379286702087782,11.012870876237375,16.053650320734793
3,15,5,3,1,1.5,31,0.94,0.8,0.1399999999999999,0.9808,0.8833777777777778,0.09742222222222219,0.9758857044138913,0.8398925854237905,0.1359931189901008,0.3076483138485647,115.22847399186671,8.380810973885037,0.8333333333333334,0.9093333333333334,0.9024031559918116,0.92,0.9696,0.9659488971351485,0.16666666666666674,0.17653333333333332,0.2534668432956192,0.4420222927466467,481.83608206689706,195.8924959218713,333.3098352543229,33.301639638416894,11.895538370266637,19.62955594339384
3,16,5,3,1,1.6,31,0.94,0.8,0.1399999999999999,0.9808,0.8785777777777778,0.10222222222222221,0.9758857044138913,0.8348174596929117,0.14106824472097967,0.31890304074558784,110.5819572819053,8.289771775016389,0.8333333333333334,0.9112888888888889,0.9002440938558995,0.94,0.9776,0.9798215617715619,0.18000000000000005,0.13742222222222222,0.2053177626033762,0.40686208522118184,438.00777932191266,251.71560122556883,349.1295734415999,26.92432471758407,10.531323622977418,17.522748738102145
3,17,5,3,1,1.7,31,0.94,0.7933333333333333,0.1466666666666666,0.9808,0.8741333333333333,0.10666666666666669,0.9758857044138913,0.8287919435479508,0.1470937608659405,0.3319903799571792,106.94611507565918,8.165245783816175,0.8066666666666666,0.9073777777777778,0.8888416726549124,0.88,0.9616,0.9663271337358295,0.18666666666666665,0.18879999999999997,0.288782635724506,0.4500857749623848,507.0268627548753,220.44172369214726,323.03903499711095,43.60289931269358,12.988332171657763,21.109454433044867
3,18,5,3,1,1.8,31,0.94,0.7933333333333333,0.1466666666666666,0.9792,0.8712888888888889,0.10791111111111107,0.9730285615567484,0.833111728624413,0.13991683293233548,0.3432652947744218,104.06377203041191,7.973678048235762,0.8466666666666667,0.9160888888888888,0.9051156603450878,0.92,0.976,0.9763666525045835,0.16000000000000003,0.17546666666666655,0.23973540691806938,0.46572250988212893,455.0769412715896,227.92403644502025,318.45478731643186,43.45998931857497,10.200825824501107,18.889740047633683
3,19,5,3,1,1.9,31,0.94,0.7866666666666666,0.15333333333333332,0.9792,0.8672000000000001,0.11199999999999988,0.9730285615567484,0.8323653687622186,0.14066319279452988,0.34909609638307865,102.01234217574859,7.967228486235931,0.7866666666666666,0.8853333333333333,0.871445862598147,0.92,0.9712000000000001,0.9760387805431285,0.19999999999999996,0.15857777777777793,0.23871867657914658,0.32858428288455477,372.03371736578015,201.77799638550874,289.5394012990505,38.20035018627971,12.336843210423565,19.726924986058044
3,20,5,3,1,2.0,31,0.94,0.8066666666666666,0.1333333333333333,0.9792000000000001,0.8664888888888889,0.1127111111111112,0.9744612029893899,0.8245025780952813,0.1499586248941086,0.3503790810859847,101.04349475294231,8.071696585371896,0.8133333333333334,0.9068444444444445,0.8891214941686372,0.88,0.9696,0.9682346114208629,0.16666666666666663,0.12284444444444442,0.209476177083452,0.43827757275117607,348.0258364414476,178.18999077073764,266.12901644790145,30.16665895703459,11.759425834210237,20.905438778678935
3,21,5,3,1,2.1,31,0.94,0.8066666666666666,0.1333333333333333,0.9792000000000001,0.8640000000000001,0.11519999999999997,0.9744612029893899,0.8190617804590359,0.155399422530354,0.3518951675014628,98.81162770727036,8.076227834643843,0.8333333333333334,0.9059555555555554,0.8826717001102118,0.96,0.9808,0.9758857044138913,0.23333333333333328,0.20977777777777773,0.2907222319341659,0.4367798456926623,415.5043283990958,197.6774318149976,298.94344941858856,32.009459068478826,9.026732384958027,19.930835630653792
3,22,5,3,1,2.2,31,0.94,0.8,0.1399999999999999,0.976,0.8645333333333333,0.11146666666666671,0.9701271370553239,0.8247376759247187,0.14538946113060525,0.35476141330237043,96.46465578222426,7.9026475836352805,0.82,0.8887111111111111,0.88040947673356,0.92,0.9792000000000001,0.9805212591756072,0.18000000000000005,0.15733333333333344,0.18885264931295642,0.34952441651014954,356.3010576815585,204.5947366292192,272.48237047597274,29.873138170248613,10.239178978067413,18.915302295421593
3,23,5,3,1,2.3,31,0.94,0.7933333333333333,0.1466666666666666,0.9776,0.8643555555555557,0.11324444444444437,0.9729842799124668,0.8294192696957261,0.14356501021674073,0.3564880661281826,95.2423559146679,7.8114141648789,0.8133333333333334,0.8860444444444445,0.8914231730199236,0.92,0.9696,0.9675901373988331,0.20000000000000007,0.19537777777777776,0.2801225380161857,0.40007629439789893,357.2017793327294,118.26715651802267,260.64233558673203,29.400082727888545,10.470731626396727,17.62356522822047
3,24,5,3,1,2.4,31,0.94,0.7933333333333333,0.1466666666666666,0.9776,0.8647111111111112,0.11288888888888882,0.9729842799124668,0.8315335852382023,0.14145069467426452,0.35699014785554417,94.65727867812994,7.784781267562035,0.8066666666666666,0.9057777777777778,0.9016460028268378,0.94,0.9952000000000001,0.9954370370370371,0.19333333333333336,0.18115555555555551,0.2098797260324603,0.42096861785085105,394.5729514517635,177.31242196390963,281.5755822400398,32.34998367892007,11.014285047759122,18.85235292739094
3,25,5,3,1,2.5,31,0.94,0.7933333333333333,0.1466666666666666,0.9776,0.8647111111111111,0.11288888888888893,0.9729842799124668,0.8327173242537338,0.14026695565873304,0.35874373101695733,94.7295459840264,7.763770258502407,0.7933333333333333,0.8912,0.894948732914046,0.96,0.9696,0.9698658266218908,0.18666666666666676,0.20711111111111102,0.2846237621836589,0.41028719175658646,369.6512226352276,125.60411507827112,256.4624499176676,38.070019044712694,10.28305039170703,19.724656259345448
3,26,5,3,1,2.6,31,0.94,0.7933333333333333,0.1466666666666666,0.9776,0.8650666666666667,0.11253333333333337,0.9729842799124668,0.8375356656849922,0.13544861422747467,0.35978800464971283,95.75257908936644,7.67356102788604,0.8,0.8940444444444444,0.8850876170716602,0.94,0.9632,0.9640578018816409,0.20666666666666667,0.21528888888888886,0.3021136159044354,0.34372245393682876,325.25509511825805,154.96628588358408,255.56159037701792,30.71779316240182,12.970233098192114,19.647193078108124
3,27,5,3,1,2.7,31,0.94,0.7866666666666666,0.15333333333333332,0.9792000000000001,0.8664888888888889,0.1127111111111112,0.9756509465791335,0.8393797664858986,0.1362711800932349,0.3616197567830418,98.02085729076086,7.569589742770514,0.8266666666666667,0.898488888888889,0.8942506858363889,0.96,0.984,0.9837540177962967,0.14666666666666672,0.16480000000000006,0.1876604621489295,0.23523896800231087,323.175671726092,110.53031157824717,225.96199428100311,28.811296859050458,11.795863706388221,18.64932384086848
3,28,5,3,1,2.8,31,0.94,0.78,0.15999999999999992,0.9808,0.866311111111111,0.11448888888888897,0.9781509465791335,0.8406784986126505,0.13747244796648295,0.3648802382694566,101.13769808042768,7.484037538422587,0.7866666666666666,0.8784,0.8825570175521154,0.94,0.9648,0.9666103896103897,0.18000000000000005,0.15875555555555565,0.1773362740197184,0.3875439527307623,299.45850842453336,140.74567578716383,213.1032824970821,32.30092957701599,10.024108054378758,21.455342420888627
3,29,5,3,1,2.9,31,0.94,0.7733333333333333,0.16666666666666663,0.9808,0.8643555555555557,0.11644444444444435,0.9781509465791335,0.8391208580395922,0.13903008853954124,0.3689494345194845,103.54685749525677,7.413304810175276,0.8066666666666666,0.8947555555555556,0.8875610561632561,0.94,0.968,0.9788113695090439,0.20666666666666667,0.16746666666666654,0.218351228987541,0.5041869402803347,346.28547086295424,121.96596649444267,233.91233277263782,30.01878347339247,10.83666432153365,17.885681182203125
4,0,5,3,1,0.0,31,0.5,0.5,0.0,0.5,0.5,0.0,0.5,0.5,0.0,0.0,-1.0097419586828951e-28,50.0,0.5,0.5,0.5,0.5,0.5,0.5,0.0,0.0,0.0,1.1102230246251565e-16,0.5,0.0,0.15,50.00000000000001,49.99999999999999,50.0
4,1,5,3,1,0.1,31,0.84,0.7666666666666667,0.07333333333333325,0.9344,0.8661333333333333,0.0682666666666667,0.9404859519565403,0.848163110503393,0.09232284145314729,0.11704885812190402,228.38105741405118,23.19621495493452,0.7933333333333333,0.9006222222222222,0.861852032128188,0.86,0.9600000000000001,0.963581755154169,0.18000000000000005,0.1664,0.20162487128330608,0.1186672710302129,207.3546661440291,116.25724438505334,163.83751180275644,45.272038377725664,25.70980697862094,30.447952764391765
4,2,5,3,1,0.2,31,0.88,0.8066666666666666,0.07333333333333336,0.9488000000000001,0.8922666666666667,0.056533333333333435,0.9513585296529239,0.8685758333167728,0.0827826963361511,0.12509523898395275,175.18249314917824,17.29259799480108,0.86,0.9235555555555555,0.8981822905522236,0.88,0.9584,0.9637810768751947,0.12,0.12053333333333338,0.16609870558627216,0.12382029721868548,324.48986804178185,126.9376918516456,208.8089351385118,29.176422077631287,17.52964774784505,21.480667838654718
4,3,5,3,1,0.3,31,0.88,0.8066666666666666,0.07333333333333336,0.9648,0.8981333333333335,0.06666666666666654,0.9649868006606398,0.8766116205431189,0.08837518011752088,0.14051579389435848,145.98951634135295,15.404328543836913,0.84,0.9013333333333333,0.8749333490881028,0.9,0.96,0.9605783606451209,0.10666666666666669,0.12355555555555564,0.15196362713914824,0.14053007953892377,330.5187144403508,160.28100830422056,228.6603421140676,27.63753707457319,15.261214621062354,19.407057926843137
4,4,5,3,1,0.4,31,0.9,0.8133333333333334,0.08666666666666667,0.9712000000000001,0.8917333333333334,0.07946666666666669,0.9659035310317179,0.8722865664318659,0.09361696459985203,0.18489741895697243,156.10066059701515,13.327616246321597,0.8,0.8929777777777778,0.8695954237489454,0.9,0.968,0.9659163846781548,0.20666666666666667,0.14115555555555548,0.16380171400815102,0.31317282206746316,422.75010340857574,219.35111862437856,304.3364193555402,30.27402284728565,12.150165184408621,18.930500789862265
4,5,5,3,1,0.5,31,0.9,0.82,0.08000000000000007,0.9696,0.8942222222222224,0.07537777777777765,0.9643093281331672,0.8747770010911495,0.08953232704201763,0.1837385832775913,128.23843792865944,12.977071320186983,0.8333333333333334,0.9150222222222223,0.9090611542950857,0.9,0.9632000000000001,0.9614894810659187,0.16000000000000003,0.13831111111111116,0.18695063097166997,0.20423091613519756,470.4297631835865,212.01936932934285,334.3637262195398,52.236898143413526,13.240616244255456,21.357755185044645
4,6,5,3,1,0.6,31,0.9,0.82,0.08000000000000007,0.9744,0.8986666666666667,0.07573333333333332,0.9701281952563822,0.8769713839522585,0.09315681130412368,0.20173444796027318,131.01376981894327,11.628934726106454,0.8533333333333334,0.92,0.9142963963995614,0.92,0.9712,0.9708112482417266,0.1333333333333333,0.14222222222222214,0.15880293974547943,0.3429467512495461,466.52295244551897,244.98917039708863,359.15636333361124,40.08606707630646,11.756910437410017,19.722213974029973
4,7,5,3,1,0.7,31,0.94,0.8133333333333334,0.1266666666666666,0.9808,0.8967111111111111,0.08408888888888888,0.9758857044138913,0.8731112141568141,0.10277449025707719,0.22268819345745533,129.09856402549678,10.80975391995792,0.8333333333333334,0.908088888888889,0.8957561886687364,0.92,0.9616,0.9638120470315052,0.20000000000000007,0.14382222222222218,0.19739520051291026,0.578357228808232,480.6421681191001,301.0645817212164,402.9415202714379,38.85700292986885,14.034749174374351,20.45741564491681
4,8,5,3,1,0.8,31,0.94,0.8,0.1399999999999999,0.9792,0.8864000000000001,0.09279999999999988,0.9730285615567484,0.8541816915999213,0.11884686995682714,0.2673566961828829,132.7749073934835,9.832595053952126,0.84,0.9116444444444445,0.8856273711705728,0.94,0.9728000000000001,0.9768954849498328,0.1466666666666666,0.13955555555555543,0.17638151777241606,0.36761864471026423,503.2119109128958,261.16883089478597,388.8805146100843,24.985088871542803,10.433184310871965,17.184192906568082
4,9,5,3,1,0.9,31,0.94,0.8,0.1399999999999999,0.9792,0.8830222222222223,0.0961777777777777,0.9730285615567484,0.8490021331204723,0.12402642843627609,0.2793313853381394,128.42888161940573,9.66319555756844,0.84,0.9137777777777779,0.8966524504372236,0.96,0.976,0.9780425469804781,0.14,0.15964444444444448,0.23749670230929842,0.3763201973698914,504.41389613874725,273.1956301769096,376.55708603948847,41.62320136878364,9.272206097123458,18.269635466855547
4,10,5,3,1,1.0,31,0.94,0.8,0.1399999999999999,0.9792,0.8856888888888889,0.0935111111111111,0.9730285615567484,0.850738510602184,0.12229005095456447,0.2814507240963103,124.71810226269153,9.457329041394205,0.8266666666666667,0.9016888888888889,0.892056817167054,0.94,0.9743999999999999,0.9738408326190195,0.1466666666666666,0.13706666666666656,0.19901363648109538,0.37992244442470197,511.29247825386864,152.55062630194251,367.00947001118925,28.31616513881784,9.952475936510716,18.68484113876945
4,11,5,3,1,1.1,31,0.92,0.8,0.12,0.9792,0.8871111111111111,0.09208888888888889,0.9730285615567484,0.8526020327421364,0.12042652881461202,0.28360635914711596,126.50904534724759,9.233637894482877,0.84,0.9009777777777778,0.8905896669016325,0.94,0.9776,0.9771515459139584,0.17333333333333334,0.15306666666666657,0.2294631637909189,0.33980186301565724,572.5956871895551,241.53616302514115,375.30370743469615,35.8390377199142,11.024710654397193,16.73942503731171
4,12,5,3,1,1.2,31,0.92,0.8,0.12,0.9792,0.8846222222222223,0.09457777777777765,0.9730285615567484,0.8492694788533237,0.12375908270342473,0.28566036203891254,118.29981224761431,9.220003327531149,0.8266666666666667,0.9009777777777779,0.8895159350087714,0.92,0.9696,0.973276007198421,0.22000000000000008,0.1637333333333333,0.17927973387606966,0.35681088254531995,442.3416110284593,222.86776786440223,331.4678578312578,34.75633661749477,13.701911255063905,19.745046787131365
4,13,5,3,1,1.3,31,0.92,0.7933333333333333,0.1266666666666667,0.9808,0.8856888888888889,0.09511111111111115,0.9758857044138913,0.8435994545730868,0.1322862498408045,0.292414065555887,118.94212918613239,8.822718594826604,0.8266666666666667,0.9098666666666667,0.8955496276186937,0.92,0.9823999999999999,0.978552371080558,0.19999999999999996,0.15608888888888894,0.21048062668759016,0.4203960597346815,544.8075795506189,241.8613690234645,368.5428236369828,31.091259477808713,9.971601117350794,17.88031744242577
4,14,5,3,1,1.4,31,0.94,0.8,0.1399999999999999,0.9808,0.8849777777777779,0.09582222222222214,0.9758857044138913,0.842262779968217,0.13362292444567436,0.3001153904168513,120.95412781910287,8.440379115367996,0.8066666666666666,0.8970666666666667,0.8857392598350027,0.94,0.9888,0.9877327976371455,0.18666666666666665,0.1637333333333333,0.20958275220260503,0.41025524716654027,434.70571842076134,169.67315187584722,341.57910549206434,30.03367168199205,8.652404313210905,17.547217144837212
4,15,5,3,1,1.5,31,0.94,0.8,0.1399999999999999,0.9808,0.8833777777777778,0.09742222222222219,0.9758857044138913,0.8398925854237905,0.1359931189901008,0.3076483138485647,115.22847399186671,8.380810973885037,0.84,0.9198222222222223,0.9120772169762116,0.94,0.9807999999999999,0.9824139578562368,0.20666666666666667,0.21653333333333336,0.23185835544205846,0.43685991979784206,498.0684726410859,148.7498523954403,332.69924849213476,29.07214166261887,9.972915032687881,17.149426307110353
4,16,5,3,1,1.6,31,0.94,0.8,0.1399999999999999,0.9808,0.8785777777777778,0.10222222222222221,0.9758857044138913,0.8348174596929117,0.14106824472097967,0.31890304074558784,110.5819572819053,8.289771775016389,0.84,0.9022222222222223,0.8945112550467085,0.92,0.9712,0.9698317692935393,0.21999999999999997,0.21920000000000006,0.2919474270928898,0.3253770251320881,482.7225890885452,193.5987142171082,323.78690472465104,24.888834052678664,10.826115655680386,17.684650227518127
4,17,5,3,1,1.7,31,0.94,0.7933333333333333,0.1466666666666666,0.9808,0.8741333333333333,0.10666666666666669,0.9758857044138913,0.8287919435479508,0.1470937608659405,0.3319903799571792,106.94611507565918,8.165245783816175,0.8333333333333334,0.908088888888889,0.8851353795905132,0.92,0.9632000000000001,0.9642654660154661,0.18666666666666665,0.20906666666666662,0.3012964008532655,0.40411488071149027,420.12980680655784,165.20957968948892,327.8618867986396,28.830868451191943,11.798560822941255,18.88141319804149
4,18,5,3,1,1.8,31,0.94,0.7933333333333333,0.1466666666666666,0.9792,0.8712888888888889,0.10791111111111107,0.9730285615567484,0.833111728624413,0.13991683293233548,0.3432652947744218,104.06377203041191,7.973678048235762,0.8133333333333334,0.9027555555555555,0.8949719546711715,0.94,0.9792,0.981044336098684,0.14666666666666672,0.16800000000000004,0.24927137300894808,0.41647988475809417,470.17861993391716,135.01042907497643,319.1078690262469,29.11977902914322,10.237580995172985,18.055930039124785
4,19,5,3,1,1.9,31,0.94,0.7866666666666666,0.15333333333333332,0.9792,0.8672000000000001,0.11199999999999988,0.9730285615567484,0.8323653687622186,0.14066319279452988,0.34909609638307865,102.01234217574859,7.967228486235931,0.82,0.9024,0.899610343929429,0.94,0.9823999999999999,0.9822770947193736,0.16666666666666663,0.19342222222222216,0.22760480575722153,0.35010799877638205,393.3789257545209,228.6008418146548,304.34309200880523,32.04743057807175,10.317168757230307,19.379224732545122
4,20,5,3,1,2.0,31,0.94,0.8066666666666666,0.1333333333333333,0.9792000000000001,0.8664888888888889,0.1127111111111112,0.9744612029893899,0.8245025780952813,0.1499586248941086,0.3503790810859847,101.04349475294231,8.071696585371896,0.82,0.8862222222222221,0.8600875972200286,0.96,0.9776,0.9811108627093283,0.18666666666666665,0.18275555555555556,0.26559503422584607,0.5053189796998725,416.8839190349115,201.41631603693918,298.3633233749298,56.05297057970373,8.431431465014178,19.80899812172918
4,21,5,3,1,2.1,31,0.94,0.8066666666666666,0.1333333333333333,0.9792000000000001,0.8640000000000001,0.11519999999999997,0.9744612029893899,0.8190617804590359,0.155399422530354,0.3518951675014628,98.81162770727036,8.076227834643843,0.82,0.8855111111111111,0.8854281265289132,0.9,0.9664,0.9658340805901448,0.17333333333333334,0.23768888888888895,0.32489414879495837,0.516904903972957,402.9708156113095,161.77613287606337,277.3613265874355,44.84981874994387,12.975837129482766,21.73483573251442
4,22,5,3,1,2.2,31,0.94,0.8,0.1399999999999999,0.976,0.8645333333333333,0.11146666666666671,0.9701271370553239,0.8247376759247187,0.14538946113060525,0.35476141330237043,96.46465578222426,7.9026475836352805,0.8066666666666666,0.8862222222222221,0.893053280505545,0.94,0.9776,0.9768001840519003,0.19999999999999996,0.18062222222222224,0.2709641646282478,0.3000670948923414,362.2289189652655,150.94238512012925,268.6589916957357,32.11490192445965,10.669659089981996,19.382697444897452
4,23,5,3,1,2.3,31,0.94,0.7933333333333333,0.1466666666666666,0.9776,0.8643555555555557,0.11324444444444437,0.9729842799124668,0.8294192696957261,0.14356501021674073,0.3564880661281826,95.2423559146679,7.8114141648789,0.8333333333333334,0.8901333333333333,0.8699560006168008,0.94,0.968,0.9686103321163964,0.22666666666666657,0.19662222222222214,0.2951482806601974,0.4571656746233644,348.9144472018188,176.52444601863397,272.46340986557016,32.783114084141495,12.94781186926421,18.34681545747001
4,24,5,3,1,2.4,31,0.94,0.7933333333333333,0.1466666666666666,0.9776,0.8647111111111112,0.11288888888888882,0.9729842799124668,0.8315335852382023,0.14145069467426452,0.35699014785554417,94.65727867812994,7.784781267562035,0.8066666666666666,0.8746666666666667,0.871046752851727,0.94,0.9648,0.9697995250936429,0.20000000000000007,0.18151111111111096,0.2234571862791196,0.4914683777809098,393.91074523171386,160.77749560978012,271.29010600369367,27.171747952708298,11.952586639434463,19.350853693897825
4,25,5,3,1,2.5,31,0.94,0.7933333333333333,0.1466666666666666,0.9776,0.8647111111111111,0.11288888888888893,0.9729842799124668,0.8327173242537338,0.14026695565873304,0.35874373101695733,94.7295459840264,7.763770258502407,0.8133333333333334,0.8961777777777779,0.8939291578635069,0.96,0.9712,0.9780148874771301,0.17333333333333323,0.12160000000000004,0.1475276973340256,0.31212252897020204,310.8154633729948,159.56083633789711,234.58167829068285,36.01709045423571,10.005528865276911,20.50407524970507
4,26,5,3,1,2.6,31,0.94,0.7933333333333333,0.1466666666666666,0.9776,0.8650666666666667,0.11253333333333337,0.9729842799124668,0.8375356656849922,0.13544861422747467,0.35978800464971283,95.75257908936644,7.67356102788604,0.8066666666666666,0.8835555555555555,0.8851825559676216,0.92,0.9696,0.9760492492492493,0.18666666666666665,0.18382222222222222,0.22240132202567264,0.33861065999668594,343.9991212638672,157.8780963662146,229.47527285400034,30.385725345830874,12.471093148840074,20.65206411772312
4,27,5,3,1,2.7,31,0.94,0.7866666666666666,0.15333333333333332,0.9792000000000001,0.8664888888888889,0.1127111111111112,0.9756509465791335,0.8393797664858986,0.1362711800932349,0.3616197567830418,98.02085729076086,7.569589742770514,0.7866666666666666,0.8803555555555556,0.8809367429601879,0.92,0.9663999999999999,0.9680782326369284,0.20666666666666667,0.16888888888888876,0.22397817522003605,0.44546294355230953,328.58505504622764,150.5612078873429,260.9614069025547,38.21376220170969,12.895859123270093,22.73100693628924
4,28,5,3,1,2.8,31,0.94,0.78,0.15999999999999992,0.9808,0.866311111111111,0.11448888888888897,0.9781509465791335,0.8406784986126505,0.13747244796648295,0.3648802382694566,101.13769808042768,7.484037538422587,0.8266666666666667,0.8837333333333334,0.8701563249648,0.92,0.9808,0.9811495584874896,0.20666666666666667,0.16391111111111112,0.18200721609749138,0.46312245601812013,325.7122903419345,96.73981181852301,213.16802197136886,30.05812170746826,9.196972832602398,19.277278958232678
4,29,5,3,1,2.9,31,0.94,0.7733333333333333,0.16666666666666663,0.9808,0.8643555555555557,0.11644444444444435,0.9781509465791335,0.8391208580395922,0.13903008853954124,0.3689494345194845,103.54685749525677,7.413304810175276,0.7733333333333333,0.8650666666666667,0.8758222621870115,0.94,0.9728,0.9749199745867348,0.20666666666666667,0.1751111111111111,0.21014892889488468,0.47681654945782503,318.34593325918377,101.6519851260067,212.27302046674623,32.484227878120606,10.166154500953363,19.84259527522668
5,0,5,3,1,0.0,31,0.5,0.5,0.0,0.5,0.5,0.0,0.5,0.5,0.0,0.0,-1.0097419586828951e-28,50.0,0.5,0.5,0.5,0.5,0.5,0.5,0.0,0.0,0.0,0.0,0.5,0.0,0.025,50.0,50.0,50.0
5,1,5,3,1,0.1,31,0.84,0.7666666666666667,0.07333333333333325,0.9344,0.8661333333333333,0.0682666666666667,0.9404859519565403,0.848163110503393,0.09232284145314729,0.11704885812190402,228.38105741405118,23.19621495493452,0.76,0.8391111111111111,0.8310676290647326,0.82,0.9232,0.9303437512499433,0.16000000000000003,0.1585777777777777,0.1894701877814493,0.09079860868535894,242.97131563546495,102.94222090629967,179.66415304359307,50.24702509301905,25.934358534673123,30.42974031857006
5,2,5,3,1,0.2,31,0.88,0.8066666666666666,0.07333333333333336,0.9488000000000001,0.8922666666666667,0.056533333333333435,0.9513585296529239,0.8685758333167728,0.0827826963361511,0.12509523898395275,175.18249314917824,17.29259799480108,0.8533333333333334,0.9178666666666667,0.8940369177886092,0.92,0.9551999999999999,0.9568795832356474,0.18666666666666665,0.16231111111111107,0.17649562793531537,0.16173338665361325,338.3181220908559,162.36282845545497,251.25690424999001,32.90713717781389,16.375423751757403,22.070896340170478
5,3,5,3,1,0.3,31,0.88,0.8066666666666666,0.07333333333333336,0.9648,0.8981333333333335,0.06666666666666654,0.9649868006606398,0.8766116205431189,0.08837518011752088,0.14051579389435848,145.98951634135295,15.404328543836913,0.7933333333333333,0.8942222222222223,0.879992910739734,0.9,0.9584,0.9576510771140901,0.1133333333333334,0.11680000000000001,0.16773648872998392,0.18796637114945913,397.2325216749544,140.40555399314923,270.2930413137607,26.759681217108596,13.987365952273137,19.486827688121636
5,4,5,3,1,0.4,31,0.9,0.8133333333333334,0.08666666666666667,0.9712000000000001,0.8917333333333334,0.07946666666666669,0.9659035310317179,0.8722865664318659,0.09361696459985203,0.18489741895697243,156.10066059701515,13.327616246321597,0.8533333333333334,0.9176888888888889,0.8951821192884142,0.94,0.9808,0.9791811364328528,0.1399999999999999,0.13546666666666674,0.1657876033578063,0.19991815001014918,390.9302998593421,183.86406736211356,298.1416369705995,25.952512115219953,12.442203726336121,18.32522928417375
5,5,5,3,1,0.5,31,0.9,0.82,0.08000000000000007,0.9696,0.8942222222222224,0.07537777777777765,0.9643093281331672,0.8747770010911495,0.08953232704201763,0.1837385832775913,128.23843792865944,12.977071320186983,0.84,0.9020444444444445,0.879178243649804,0.92,0.9776,0.9772018383116191,0.16666666666666674,0.16888888888888898,0.2516783447930242,0.29124469131342046,466.5640076897337,193.73694722595468,345.45067625580026,32.437071926299474,11.964686753610373,19.73109362026924
5,6,5,3,1,0.6,31,0.9,0.82,0.08000000000000007,0.9744,0.8986666666666667,0.07573333333333332,0.9701281952563822,0.8769713839522585,0.09315681130412368,0.20173444796027318,131.01376981894327,11.628934726106454,0.84,0.9187555555555555,0.8955801418288662,0.92,0.9792,0.9779496093392567,0.16666666666666663,0.15075555555555564,0.2256944686569472,0.4393535431984602,514.976016009376,229.3101614226883,386.4381684479839,34.73814459005947,10.791321320543041,19.362197588435247
5,7,5,3,1,0.7,31,0.94,0.8133333333333334,0.1266666666666666,0.9808,0.8967111111111111,0.08408888888888888,0.9758857044138913,0.8731112141568141,0.10277449025707719,0.22268819345745533,129.09856402549678,10.80975391995792,0.8333333333333334,0.9056,0.8863822053446587,0.94,0.9743999999999999,0.9756301445680756,0.15999999999999992,0.12177777777777787,0.1854275918959849,0.48367510138563763,549.6562302912469,284.55096681248904,399.2387910948467,47.98485903311446,10.269908844965592,19.46153375503991
5,8,5,3,1,0.8,31,0.94,0.8,0.1399999999999999,0.9792,0.8864000000000001,0.09279999999999988,0.9730285615567484,0.8541816915999213,0.11884686995682714,0.2673566961828829,132.7749073934835,9.832595053952126,0.8466666666666667,0.9139555555555555,0.8880987409755287,0.96,0.9808,0.9771278696560566,0.16666666666666663,0.14364444444444435,0.19676187465270123,0.39398158115333826,453.36219253786555,216.6615677645707,364.97905729680195,36.07805277658676,10.667373994885025,17.988734196384407
5,9,5,3,1,0.9,31,0.94,0.8,0.1399999999999999,0.9792,0.8830222222222223,0.0961777777777777,0.9730285615567484,0.8490021331204723,0.12402642843627609,0.2793313853381394,128.42888161940573,9.66319555756844,0.8466666666666667,0.9153777777777778,0.9018330907160061,0.94,0.9808,0.9815293236917362,0.17999999999999994,0.1756444444444445,0.2162455836613275,0.5284764006567276,517.3353792860817,189.3917493109036,353.6951616803612,22.603694741084688,9.59321233143812,16.021752067821268
5,10,5,3,1,1.0,31,0.94,0.8,0.1399999999999999,0.9792,0.8856888888888889,0.0935111111111111,0.9730285615567484,0.850738510602184,0.12229005095456447,0.2814507240963103,124.71810226269153,9.457329041394205,0.82,0.9248000000000001,0.9058730492592042,0.94,0.9728,0.9744663200287325,0.18666666666666676,0.15484444444444445,0.19889280187271963,0.3846647300412348,498.6928105501426,305.63088885981335,403.3031692312513,27.4552206541085,10.662428222110758,17.466316198721305
5,11,5,3,1,1.1,31,0.92,0.8,0.12,0.9792,0.8871111111111111,0.09208888888888889,0.9730285615567484,0.8526020327421364,0.12042652881461202,0.28360635914711596,126.50904534724759,9.233637894482877,0.84,0.9125333333333332,0.9093633440459437,0.94,0.9792000000000001,0.9785025039542203,0.1466666666666666,0.17031111111111108,0.2228676091870745,0.4409701628107986,440.57097495394646,249.2014662669062,361.18540040511573,26.821222005488977,9.219230240325981,15.844437313999254
5,12,5,3,1,1.2,31,0.92,0.8,0.12,0.9792,0.8846222222222223,0.09457777777777765,0.9730285615567484,0.8492694788533237,0.12375908270342473,0.28566036203891254,118.29981224761431,9.220003327531149,0.8466666666666667,0.9148444444444445,0.8967633433266291,0.92,0.9696,0.9706595242061511,0.18666666666666665,0.17671111111111115,0.2227728048898242,0.2838384099431919,510.08588514407484,215.73847889993243,371.4658019977577,29.708949874737662,12.22615688432219,18.301490560706405
5,13,5,3,1,1.3,31,0.92,0.7933333333333333,0.1266666666666667,0.9808,0.8856888888888889,0.09511111111111115,0.9758857044138913,0.8435994545730868,0.1322862498408045,0.292414065555887,118.94212918613239,8.822718594826604,0.8133333333333334,0.9100444444444444,0.8751027321530506,0.92,0.968,0.9681562527649485,0.22666666666666668,0.1770666666666666,0.2157282560461461,0.6823499485161698,453.3624054155589,203.67227680105316,336.2536660355624,24.32867113442316,12.12109962281322,17.9044992451612
5,14,5,3,1,1.4,31,0.94,0.8,0.1399999999999999,0.9808,0.8849777777777779,0.09582222222222214,0.9758857044138913,0.842262779968217,0.13362292444567436,0.3001153904168513,120.95412781910287,8.440379115367996,0.84,0.912711111111111,0.905422778633385,0.94,0.9743999999999999,0.9690497817158996,0.20666666666666667,0.16479999999999995,0.2598260671399064,0.44099299368613737,462.1463292627661,219.74544918543023,360.44183893616673,26.606063407237393,9.684391133936051,16.62082507139718
5,15,5,3,1,1.5,31,0.94,0.8,0.1399999999999999,0.9808,0.8833777777777778,0.09742222222222219,0.9758857044138913,0.8398925854237905,0.1359931189901008,0.3076483138485647,115.22847399186671,8.380810973885037,0.8,0.9093333333333333,0.9042886537809451,0.92,0.968,0.9719335173852337,0.16666666666666674,0.15626666666666666,0.24101864315968546,0.47242738780971816,414.8275603704346,241.63219223545786,335.2500683204313,29.397611545958497,12.62027666093186,18.515206889516847
5,16,5,3,1,1.6,31,0.94,0.8,0.1399999999999999,0.9808,0.8785777777777778,0.10222222222222221,0.9758857044138913,0.8348174596929117,0.14106824472097967,0.31890304074558784,110.5819572819053,8.289771775016389,0.7933333333333333,0.8929777777777778,0.8900509982224076,0.94,0.9743999999999999,0.9748999858379169,0.19333333333333336,0.18222222222222229,0.2871896410902095,0.4813043360741944,380.29920881854565,131.82771722551158,295.30442296440714,31.65371427724077,9.592730378168584,17.51801219744375
5,17,5,3,1,1.7,31,0.94,0.7933333333333333,0.1466666666666666,0.9808,0.8741333333333333,0.10666666666666669,0.9758857044138913,0.8287919435479508,0.1470937608659405,0.3319903799571792,106.94611507565918,8.165245783816175,0.8066666666666666,0.9027555555555556,0.8927831116356835,0.94,0.984,0.9839485197572154,0.17333333333333334,0.19591111111111104,0.29167370081425337,0.3946034432904316,429.5932560713212,159.93082896471333,315.3913917868662,30.992809435926794,9.365981671821753,18.2607933170463
5,18,5,3,1,1.8,31,0.94,0.7933333333333333,0.1466666666666666,0.9792,0.8712888888888889,0.10791111111111107,0.9730285615567484,0.833111728624413,0.13991683293233548,0.3432652947744218,104.06377203041191,7.973678048235762,0.82,0.888,0.8881652611617021,0.92,0.9648,0.9707957559681698,0.18000000000000005,0.14826666666666666,0.20783305385972672,0.5103738102733495,428.71724549749615,206.8602764347891,333.1593506811434,34.20489683015191,11.932127768487685,20.926064369329584
5,19,5,3,1,1.9,31,0.94,0.7866666666666666,0.15333333333333332,0.9792,0.8672000000000001,0.11199999999999988,0.9730285615567484,0.8323653687622186,0.14066319279452988,0.34909609638307865,102.01234217574859,7.967228486235931,0.82,0.9279999999999999,0.9183653607575251,0.94,0.9712,0.9739266704310183,0.18666666666666665,0.18044444444444452,0.27475960109090747,0.5057300642441966,475.8375020690686,178.0980644445501,317.82390587400516,38.014384690351875,11.522955979885255,19.187572783777465
5,20,5,3,1,2.0,31,0.94,0.8066666666666666,0.1333333333333333,0.9792000000000001,0.8664888888888889,0.1127111111111112,0.9744612029893899,0.8245025780952813,0.1499586248941086,0.3503790810859847,101.04349475294231,8.071696585371896,0.84,0.8990222222222222,0.8850182487975117,0.94,0.9743999999999999,0.9755715515732679,0.18000000000000005,0.1432888888888889,0.2480339594682086,0.3557352051338214,426.14651556039775,211.03222643590686,308.7994268500316,28.72063112870355,10.308474732814886,19.615997566995404
5,21,5,3,1,2.1,31,0.94,0.8066666666666666,0.1333333333333333,0.9792000000000001,0.8640000000000001,0.11519999999999997,0.9744612029893899,0.8190617804590359,0.155399422530354,0.3518951675014628,98.81162770727036,8.076227834643843,0.8,0.8949333333333334,0.8755070506565538,0.92,0.976,0.9781434813978294,0.21999999999999997,0.16231111111111096,0.2752368167669028,0.3700995573400405,341.29092764210236,198.0257996340537,283.09255097183217,30.10174821848221,12.201699497737856,19.566279501262784
5,22,5,3,1,2.2,31,0.94,0.8,0.1399999999999999,0.976,0.8645333333333333,0.11146666666666671,0.9701271370553239,0.8247376759247187,0.14538946113060525,0.35476141330237043,96.46465578222426,7.9026475836352805,0.8066666666666666,0.8908444444444443,0.8880233570897579,0.92,0.9696,0.9693026591879587,0.22000000000000008,0.1690666666666667,0.17646177450047673,0.47657107745178456,386.97398897423443,220.1811999731986,313.8390321473329,35.67549443786504,12.56129265214745,21.76881948312903
5,23,5,3,1,2.3,31,0.94,0.7933333333333333,0.1466666666666666,0.9776,0.8643555555555557,0.11324444444444437,0.9729842799124668,0.8294192696957261,0.14356501021674073,0.3564880661281826,95.2423559146679,7.8114141648789,0.7933333333333333,0.9056000000000001,0.9085413767770223,0.92,0.96,0.9564533616358964,0.24,0.18844444444444453,0.22196358693818063,0.44870454396544607,399.6418969078893,72.90214771566815,248.39234944809945,29.96073027521409,12.338858489561957,20.464185510596458
5,24,5,3,1,2.4,31,0.94,0.7933333333333333,0.1466666666666666,0.9776,0.8647111111111112,0.11288888888888882,0.9729842799124668,0.8315335852382023,0.14145069467426452,0.35699014785554417,94.65727867812994,7.784781267562035,0.8466666666666667,0.8986666666666666,0.8892226131162857,0.94,0.9695999999999999,0.9715781493868452,0.21333333333333337,0.23644444444444446,0.3145491546294369,0.281213102275509,347.54900173931566,186.2825520342779,269.6864060946699,34.425619622003424,10.968175707933836,19.706565183161782
5,25,5,3,1,2.5,31,0.94,0.7933333333333333,0.1466666666666666,0.9776,0.8647111111111111,0.11288888888888893,0.9729842799124668,0.8327173242537338,0.14026695565873304,0.35874373101695733,94.7295459840264,7.763770258502407,0.86,0.9109333333333333,0.9067291412093272,0.9,0.9728000000000001,0.9715463881745751,0.19333333333333336,0.1564444444444445,0.18490643453230837,0.3863658049361469,331.5840981189212,149.49750592001297,251.95054470230426,31.579440691549728,11.981106984522405,20.20839165328348
5,26,5,3,1,2.6,31,0.94,0.7933333333333333,0.1466666666666666,0.9776,0.8650666666666667,0.11253333333333337,0.9729842799124668,0.8375356656849922,0.13544861422747467,0.35978800464971283,95.75257908936644,7.67356102788604,0.78,0.9006222222222222,0.897976783833875,0.96,0.9695999999999999,0.9769122848166327,0.20000000000000007,0.19199999999999995,0.16751087669804898,0.2699230094281068,378.18644465514956,83.86435708293017,233.01574778932613,23.246188416865298,12.357642566410235,19.04117541718777
5,27,5,3,1,2.7,31,0.94,0.7866666666666666,0.15333333333333332,0.9792000000000001,0.8664888888888889,0.1127111111111112,0.9756509465791335,0.8393797664858986,0.1362711800932349,0.3616197567830418,98.02085729076086,7.569589742770514,0.8266666666666667,0.8965333333333333,0.8883257897616774,0.94,0.976,0.975048754638402,0.19999999999999996,0.1644444444444445,0.1935497757490502,0.35028448427943376,310.7957950342251,57.432821625773215,196.16289333046183,42.302564785244904,10.927623224868396,19.061836664354352
5,28,5,3,1,2.8,31,0.94,0.78,0.15999999999999992,0.9808,0.866311111111111,0.11448888888888897,0.9781509465791335,0.8406784986126505,0.13747244796648295,0.3648802382694566,101.13769808042768,7.484037538422587,0.7933333333333333,0.8693333333333333,0.8549745964323795,0.92,0.9808,0.982052400614813,0.24,0.23324444444444448,0.30204102026271207,0.40628299278924473,351.59305528789685,150.03297909980466,242.99079237652842,27.701485213556957,12.99702987196038,19.251593349609184
5,29,5,3,1,2.9,31,0.94,0.7733333333333333,0.16666666666666663,0.9808,0.8643555555555557,0.11644444444444435,0.9781509465791335,0.8391208580395922,0.13903008853954124,0.3689494345194845,103.54685749525677,7.413304810175276,0.8133333333333334,0.8844444444444445,0.8902993314805377,0.94,0.9823999999999999,0.9838293424716213,0.18666666666666665,0.16426666666666656,0.17783268040317568,0.48610409118419134,318.17726579283925,76.18631265204743,201.35793959418191,32.92883265168596,10.226323422103153,18.155288260968923
6,0,5,3,1,0.0,31,0.5,0.5,0.0,0.5,0.5,0.0,0.5,0.5,0.0,0.0,-1.0097419586828951e-28,50.0,0.5,0.5,0.5,0.5,0.5,0.5,0.0,0.0,0.0,0.0,0.5,0.0,0.125,50.00000000000001,50.0,50.0
6,1,5,3,1,0.1,31,0.84,0.7666666666666667,0.07333333333333325,0.9344,0.8661333333333333,0.0682666666666667,0.9404859519565403,0.848163110503393,0.09232284145314729,0.11704885812190402,228.38105741405118,23.19621495493452,0.78,0.8915555555555555,0.8641589066147408,0.86,0.952,0.955851483468792,0.15999999999999992,0.15306666666666657,0.18279161382489095,0.0844649681260542,195.64876597467236,123.52561107518656,173.92541860226828,31.426620514092058,25.37225748246406,28.504101779743458
6,2,5,3,1,0.2,31,0.88,0.8066666666666666,0.07333333333333336,0.9488000000000001,0.8922666666666667,0.056533333333333435,0.9513585296529239,0.8685758333167728,0.0827826963361511,0.12509523898395275,175.18249314917824,17.29259799480108,0.8333333333333334,0.9098666666666666,0.8865948900413131,0.9,0.9664,0.9696355868660653,0.1266666666666666,0.12444444444444447,0.1885772170164669,0.11653267587236171,299.3142298338952,152.0743667467063,224.51830444875546,24.596750717568355,16.882182804616807,20.435032058660802
6,3,5,3,1,0.3,31,0.88,0.8066666666666666,0.07333333333333336,0.9648,0.8981333333333335,0.06666666666666654,0.9649868006606398,0.8766116205431189,0.08837518011752088,0.14051579389435848,145.98951634135295,15.404328543836913,0.8533333333333334,0.9112888888888889,0.8957235723503482,0.92,0.9632000000000001,0.9701511586452763,0.17333333333333334,0.16568888888888889,0.1867782087954547,0.183067989838271,398.7317863093392,149.5572234658962,260.9806315122794,29.547049710630276,15.580000943801151,21.620790980997803
6,4,5,3,1,0.4,31,0.9,0.8133333333333334,0.08666666666666667,0.9712000000000001,0.8917333333333334,0.07946666666666669,0.9659035310317179,0.8722865664318659,0.09361696459985203,0.18489741895697243,156.10066059701515,13.327616246321597,0.86,0.9212444444444445,0.8894711837965709,0.92,0.9663999999999999,0.9637102497921535,0.17333333333333334,0.17884444444444447,0.19013755144618105,0.210805101062704,372.08809150229115,137.2064336091496,287.19755887937794,33.1760259599754,13.05713766939315,20.262572136964145
6,5,5,3,1,0.5,31,0.9,0.82,0.08000000000000007,0.9696,0.8942222222222224,0.07537777777777765,0.9643093281331672,0.8747770010911495,0.08953232704201763,0.1837385832775913,128.23843792865944,12.977071320186983,0.8333333333333334,0.9166222222222222,0.9008137148131707,0.94,0.9712,0.9689259721920901,0.19333333333333336,0.15502222222222228,0.18670236557362285,0.22520280617438695,477.5557577006356,261.1577489686919,362.9780308495309,26.13326626475062,12.383602292898336,18.44136956491002
6,6,5,3,1,0.6,31,0.9,0.82,0.08000000000000007,0.9744,0.8986666666666667,0.07573333333333332,0.9701281952563822,0.8769713839522585,0.09315681130412368,0.20173444796027318,131.01376981894327,11.628934726106454,0.86,0.9212444444444445,0.8999032527055035,0.9,0.9728,0.9737181676560988,0.1333333333333333,0.12213333333333332,0.19268588140136278,0.26238395629630834,493.81613249690406,255.95968927294493,385.5203182434051,26.12277091682899,11.838560716301469,17.105050413420777
6,7,5,3,1,0.7,31,0.94,0.8133333333333334,0.1266666666666666,0.9808,0.8967111111111111,0.08408888888888888,0.9758857044138913,0.8731112141568141,0.10277449025707719,0.22268819345745533,129.09856402549678,10.80975391995792,0.8333333333333334,0.9258666666666667,0.9147162750737987,0.9,0.9744,0.9753203617971234,0.14666666666666672,0.13813333333333333,0.20420634526699,0.4915811104027247,504.9023289237355,233.027349357238,393.57219667895197,39.127461873875596,11.097128964188933,18.970021898425774
6,8,5,3,1,0.8,31,0.94,0.8,0.1399999999999999,0.9792,0.8864000000000001,0.09279999999999988,0.9730285615567484,0.8541816915999213,0.11884686995682714,0.2673566961828829,132.7749073934835,9.832595053952126,0.84,0.9036444444444445,0.9009451527705818,0.94,0.9792000000000001,0.9768281952563822,0.15333333333333332,0.11751111111111101,0.17451137388091587,0.33375272589302096,469.49977581198834,162.0051747063914,397.09837228174933,33.21795621629883,8.954818995134461,17.25469995770092
6,9,5,3,1,0.9,31,0.94,0.8,0.1399999999999999,0.9792,0.8830222222222223,0.0961777777777777,0.9730285615567484,0.8490021331204723,0.12402642843627609,0.2793313853381394,128.42888161940573,9.66319555756844,0.8266666666666667,0.9159111111111111,0.891964864825558,0.92,0.9808,0.9783051183333052,0.14,0.1431111111111112,0.2326591465730934,0.5268083697792723,533.1734577141002,281.07189162259033,399.0842656444356,32.26098346526778,10.90755116239529,18.747520426383026
6,10,5,3,1,1.0,31,0.94,0.8,0.1399999999999999,0.9792,0.8856888888888889,0.0935111111111111,0.9730285615567484,0.850738510602184,0.12229005095456447,0.2814507240963103,124.71810226269153,9.457329041394205,0.8533333333333334,0.9073777777777777,0.9034489567344738,0.94,0.976,0.9703132223634041,0.16666666666666674,0.14702222222222228,0.22855528660735014,0.4311911890775959,442.46935849903343,220.75238001373683,355.5194503259873,27.09356358532867,9.688229016676159,18.153852868038893
6,11,5,3,1,1.1,31,0.92,0.8,0.12,0.9792,0.8871111111111111,0.09208888888888889,0.9730285615567484,0.8526020327421364,0.12042652881461202,0.28360635914711596,126.50904534724759,9.233637894482877,0.84,0.9093333333333333,0.8926207848807095,0.92,0.9744,0.9747061669578833,0.14666666666666672,0.13955555555555543,0.2082838734230975,0.5705132326998771,515.4504801438254,234.14422724278103,382.22165713092204,20.523818797985495,10.23989615217551,14.560949369665682
6,12,5,3,1,1.2,31,0.92,0.8,0.12,0.9792,0.8846222222222223,0.09457777777777765,0.9730285615567484,0.8492694788533237,0.12375908270342473,0.28566036203891254,118.29981224761431,9.220003327531149,0.84,0.9189333333333334,0.899986267561238,0.94,0.9712000000000001,0.9734545786269926,0.18666666666666665,0.1425777777777777,0.22145813311678653,0.3712783237509754,532.1000772701042,257.838949490542,392.07454025241964,34.6375051365639,11.680221557117918,18.962824812875922
6,13,5,3,1,1.3,31,0.92,0.7933333333333333,0.1266666666666667,0.9808,0.8856888888888889,0.09511111111111115,0.9758857044138913,0.8435994545730868,0.1322862498408045,0.292414065555887,118.94212918613239,8.822718594826604,0.8066666666666666,0.9006222222222223,0.883996388746276,0.94,0.9696,0.969109246803242,0.20666666666666667,0.1731555555555555,0.23988659482847075,0.3993864193888208,477.0448114888928,227.55084160118687,336.42729226500785,29.515456141454738,10.949325483146156,17.39064047989369
6,14,5,3,1,1.4,31,0.94,0.8,0.1399999999999999,0.9808,0.8849777777777779,0.09582222222222214,0.9758857044138913,0.842262779968217,0.13362292444567436,0.3001153904168513,120.95412781910287,8.440379115367996,0.8666666666666667,0.9066666666666667,0.8809281660704571,0.92,0.9792,0.9791495584874896,0.16666666666666674,0.17155555555555546,0.22857918117874176,0.504943991102941,488.9284096196795,219.06233628113068,351.04524201885056,39.78264003347288,11.598583236618817,19.707800512932927
6,15,5,3,1,1.5,31,0.94,0.8,0.1399999999999999,0.9808,0.8833777777777778,0.09742222222222219,0.9758857044138913,0.8398925854237905,0.1359931189901008,0.3076483138485647,115.22847399186671,8.380810973885037,0.8266666666666667,0.9009777777777779,0.87963827894638,0.94,0.9792,0.9758051183333053,0.18666666666666665,0.1632,0.2610566815530757,0.4139440903166286,396.80946596017367,242.32791826486348,323.32787131209705,45.21571584229314,9.554280611701046,17.382745203602873
6,16,5,3,1,1.6,31,0.94,0.8,0.1399999999999999,0.9808,0.8785777777777778,0.10222222222222221,0.9758857044138913,0.8348174596929117,0.14106824472097967,0.31890304074558784,110.5819572819053,8.289771775016389,0.82,0.9146666666666667,0.8907112552722698,0.96,0.9776,0.9759241659523528,0.17999999999999994,0.1676444444444446,0.25842241885534323,0.6180593987851705,462.7266808617564,228.39299459481052,341.4821703285364,36.06805817482932,10.289571752696926,16.720696165016907
6,17,5,3,1,1.7,31,0.94,0.7933333333333333,0.1466666666666666,0.9808,0.8741333333333333,0.10666666666666669,0.9758857044138913,0.8287919435479508,0.1470937608659405,0.3319903799571792,106.94611507565918,8.165245783816175,0.7933333333333333,0.9000888888888888,0.903878563071684,0.92,0.968,0.9671654479120746,0.15333333333333332,0.19875555555555557,0.2765259118890059,0.5021957111608438,396.5901040738053,186.37831596962883,313.3455203024736,33.32686132707651,12.80490476694407,20.79737994050725
6,18,5,3,1,1.8,31,0.94,0.7933333333333333,0.1466666666666666,0.9792,0.8712888888888889,0.10791111111111107,0.9730285615567484,0.833111728624413,0.13991683293233548,0.3432652947744218,104.06377203041191,7.973678048235762,0.8466666666666667,0.8961777777777777,0.8762985872003304,0.92,0.9856,0.9861818566241356,0.16000000000000003,0.1134222222222222,0.19025943536128975,0.3721999921049885,436.9960379499717,214.2600471816521,334.8866266052924,27.217658299554905,8.593896210932048,19.099097793969737
6,19,5,3,1,1.9,31,0.94,0.7866666666666666,0.15333333333333332,0.9792,0.8672000000000001,0.11199999999999988,0.9730285615567484,0.8323653687622186,0.14066319279452988,0.34909609638307865,102.01234217574859,7.967228486235931,0.8066666666666666,0.8968888888888888,0.896580392833878,0.96,0.9744,0.9729139095420964,0.18666666666666665,0.20479999999999998,0.283365406868221,0.4371874940717485,381.14146377048877,218.0786540669256,291.3533288528348,26.475983384767503,9.937731567975437,18.187123126863032
6,20,5,3,1,2.0,31,0.94,0.8066666666666666,0.1333333333333333,0.9792000000000001,0.8664888888888889,0.1127111111111112,0.9744612029893899,0.8245025780952813,0.1499586248941086,0.3503790810859847,101.04349475294231,8.071696585371896,0.8066666666666666,0.8920888888888889,0.8976229771440813,0.92,0.9792,0.9825877857862514,0.20666666666666667,0.24586666666666668,0.2944563111541185,0.45155785118240976,427.4521949753273,179.31926602869288,283.05017739096763,36.40576831725237,12.197904776482375,19.331201608981097
6,21,5,3,1,2.1,31,0.94,0.8066666666666666,0.1333333333333333,0.9792000000000001,0.8640000000000001,0.11519999999999997,0.9744612029893899,0.8190617804590359,0.155399422530354,0.3518951675014628,98.81162770727036,8.076227834643843,0.8333333333333334,0.9002666666666667,0.8684018419921091,0.92,0.9792,0.9766326118326119,0.18000000000000005,0.16551111111111105,0.27080535251865223,0.35011532486171026,388.02012028505646,179.89661305645132,287.02891601260194,39.692454188386336,10.708088153276607,20.296392232774718
6,22,5,3,1,2.2,31,0.94,0.8,0.1399999999999999,0.976,0.8645333333333333,0.11146666666666671,0.9701271370553239,0.8247376759247187,0.14538946113060525,0.35476141330237043,96.46465578222426,7.9026475836352805,0.8333333333333334,0.9036444444444445,0.8865697478825988,0.9,0.9776,0.9785121958501268,0.17333333333333334,0.17884444444444447,0.28611905624016176,0.764419487901763,383.5972627221771,210.84528529801085,282.2369929026257,40.528901637804324,10.651518803408958,21.9038377146472
6,23,5,3,1,2.3,31,0.94,0.7933333333333333,0.1466666666666666,0.9776,0.8643555555555557,0.11324444444444437,0.9729842799124668,0.8294192696957261,0.14356501021674073,0.3564880661281826,95.2423559146679,7.8114141648789,0.8133333333333334,0.9047111111111111,0.8901594754611687,0.94,0.9872000000000001,0.986831373135721,0.20000000000000007,0.14862222222222232,0.19972702737723236,0.3653206830413934,290.50431787243576,183.51465502448923,243.01747458495112,29.16589828575369,9.290596559295102,17.365903740955723
6,24,5,3,1,2.4,31,0.94,0.7933333333333333,0.1466666666666666,0.9776,0.8647111111111112,0.11288888888888882,0.9729842799124668,0.8315335852382023,0.14145069467426452,0.35699014785554417,94.65727867812994,7.784781267562035,0.8533333333333334,0.9150222222222222,0.9163714591885088,0.92,0.9824,0.981192776644493,0.20666666666666667,0.19608888888888898,0.290961789105595,0.8982890813176869,376.2472403563858,202.769160918945,292.9357997682822,31.613453927763686,11.760536522940942,18.479444260059545
6,25,5,3,1,2.5,31,0.94,0.7933333333333333,0.1466666666666666,0.9776,0.8647111111111111,0.11288888888888893,0.9729842799124668,0.8327173242537338,0.14026695565873304,0.35874373101695733,94.7295459840264,7.763770258502407,0.8,0.874488888888889,0.8694940677739178,0.96,0.984,0.9828802817319982,0.22000000000000008,0.2094222222222223,0.2650073859486394,0.47444389788306396,368.229218179666,89.57740990777388,248.70209638229312,30.10678612893591,8.684765880358887,17.568683668428967
6,26,5,3,1,2.6,31,0.94,0.7933333333333333,0.1466666666666666,0.9776,0.8650666666666667,0.11253333333333337,0.9729842799124668,0.8375356656849922,0.13544861422747467,0.35978800464971283,95.75257908936644,7.67356102788604,0.8333333333333334,0.9050666666666667,0.9093164979730805,0.94,0.9744,0.9769535434303052,0.22666666666666668,0.23502222222222224,0.3182758128837082,0.4661449234836248,363.7157341032856,162.66269287813026,239.80680004602272,37.57296417921829,9.579627830021069,20.024902562346693
6,27,5,3,1,2.7,31,0.94,0.7866666666666666,0.15333333333333332,0.9792000000000001,0.8664888888888889,0.1127111111111112,0.9756509465791335,0.8393797664858986,0.1362711800932349,0.3616197567830418,98.02085729076086,7.569589742770514,0.8133333333333334,0.8901333333333333,0.8979729379718748,0.94,0.9872,0.9882058355437666,0.18000000000000005,0.17297777777777779,0.18862821028828003,0.42049952674969115,335.54370151205245,155.3660304572007,238.3687568878695,29.809756894993022,9.678958098389502,18.50808985411466
6,28,5,3,1,2.8,31,0.94,0.78,0.15999999999999992,0.9808,0.866311111111111,0.11448888888888897,0.9781509465791335,0.8406784986126505,0.13747244796648295,0.3648802382694566,101.13769808042768,7.484037538422587,0.8066666666666666,0.8851555555555556,0.8975778455292474,0.92,0.9776,0.9791219891219892,0.17333333333333334,0.19075555555555546,0.2018884730302295,0.41663476398389077,345.7345482676342,158.9955179193138,228.68674040030592,33.11462187542718,11.32574158065745,19.671834478702614
6,29,5,3,1,2.9,31,0.94,0.7733333333333333,0.16666666666666663,0.9808,0.8643555555555557,0.11644444444444435,0.9781509465791335,0.8391208580395922,0.13903008853954124,0.3689494345194845,103.54685749525677,7.413304810175276,0.8,0.9016888888888889,0.8925949282469583,0.92,0.9712,0.9732794372294373,0.17999999999999994,0.1930666666666665,0.23191289752410071,0.41736662632323884,343.04763829748777,66.36470546022845,204.14058784559538,29.62869295672501,10.748022609976449,18.630562074091205
7,0,5,3,1,0.0,31,0.5,0.5,0.0,0.5,0.5,0.0,0.5,0.5,0.0,0.0,-1.0097419586828951e-28,50.0,0.5,0.5,0.5,0.5,0.5,0.5,0.0,0.0,0.0,0.0,0.5,0.0,0.1,50.0,50.0,50.0
7,1,5,3,1,0.1,31,0.84,0.7666666666666667,0.07333333333333325,0.9344,0.8661333333333333,0.0682666666666667,0.9404859519565403,0.848163110503393,0.09232284145314729,0.11704885812190402,228.38105741405118,23.19621495493452,0.76,0.8398222222222222,0.8255793124177717,0.82,0.9151999999999999,0.9176436022629366,0.15333333333333332,0.1431111111111112,0.18410863891662788,0.10418237109233963,245.07242437012417,94.9034298774821,178.8815202110747,36.24835214546853,25.906524999000634,28.81946628961657
7,2,5,3,1,0.2,31,0.88,0.8066666666666666,0.07333333333333336,0.9488000000000001,0.8922666666666667,0.056533333333333435,0.9513585296529239,0.8685758333167728,0.0827826963361511,0.12509523898395275,175.18249314917824,17.29259799480108,0.8666666666666667,0.9262222222222222,0.8932988634475403,0.88,0.9536,0.9591514496847839,0.12,0.13226666666666653,0.15774846595855663,0.08926187511875916,342.15444194086274,154.52702123264098,219.34282616652405,31.11202017025464,16.5647292289852,21.221675423061065
7,3,5,3,1,0.3,31,0.88,0.8066666666666666,0.07333333333333336,0.9648,0.8981333333333335,0.06666666666666654,0.9649868006606398,0.8766116205431189,0.08837518011752088,0.14051579389435848,145.98951634135295,15.404328543836913,0.8466666666666667,0.9159111111111111,0.9025763440706212,0.88,0.9712,0.9726752917333563,0.19333333333333336,0.14577777777777767,0.18337883419769152,0.25404898586056385,426.39930249378176,143.95001036755656,265.0563207719207,36.83863111128129,12.778816342207387,19.203490066427822
7,4,5,3,1,0.4,31,0.9,0.8133333333333334,0.08666666666666667,0.9712000000000001,0.8917333333333334,0.07946666666666669,0.9659035310317179,0.8722865664318659,0.09361696459985203,0.18489741895697243,156.10066059701515,13.327616246321597,0.8466666666666667,0.9216,0.9112246371239971,0.9,0.9647999999999999,0.9675384393384393,0.17333333333333334,0.1452444444444444,0.20763672395188126,0.3522265454984353,386.74614597562106,208.17681000414333,326.48831227716084,28.68841270695516,13.392637399269999,19.736370649481852
7,5,5,3,1,0.5,31,0.9,0.82,0.08000000000000007,0.9696,0.8942222222222224,0.07537777777777765,0.9643093281331672,0.8747770010911495,0.08953232704201763,0.1837385832775913,128.23843792865944,12.977071320186983,0.8333333333333334,0.9063111111111112,0.8981569520700176,0.92,0.9728,0.9721847104700099,0.19333333333333336,0.14488888888888884,0.1830355321194368,0.3170927960919537,463.1247604382079,187.76163166796258,322.6103485937751,26.120481739439406,11.345794864810241,18.27576401817679
7,6,5,3,1,0.6,31,0.9,0.82,0.08000000000000007,0.9744,0.8986666666666667,0.07573333333333332,0.9701281952563822,0.8769713839522585,0.09315681130412368,0.20173444796027318,131.01376981894327,11.628934726106454,0.84,0.9166222222222222,0.8926876564568718,0.92,0.9743999999999999,0.9728240605338414,0.12,0.1413333333333333,0.20917414942358803,0.35089209056248855,486.8453376157914,252.22973209634011,389.89751922292965,29.37806798112218,10.896119329460321,18.588352955372876
7,7,5,3,1,0.7,31,0.94,0.8133333333333334,0.1266666666666666,0.9808,0.8967111111111111,0.08408888888888888,0.9758857044138913,0.8731112141568141,0.10277449025707719,0.22268819345745533,129.09856402549678,10.80975391995792,0.8466666666666667,0.912,0.8968234216577129,0.92,0.968,0.9678648404735362,0.18666666666666665,0.13244444444444436,0.18285033852778698,0.16693059790001907,504.42788432115265,290.13149962453394,409.40627572131547,34.161537929932734,12.636180434167926,22.036722709993985
7,8,5,3,1,0.8,31,0.94,0.8,0.1399999999999999,0.9792,0.8864000000000001,0.09279999999999988,0.9730285615567484,0.8541816915999213,0.11884686995682714,0.2673566961828829,132.7749073934835,9.832595053952126,0.8533333333333334,0.9159111111111111,0.8756081383263447,0.94,0.976,0.9757249152346961,0.15333333333333332,0.14097777777777787,0.2177623213591885,0.39711814404218326,501.11825983836786,263.9901972227209,379.71502784980646,31.6731579941384,11.01477996984211,21.002273272759616
7,9,5,3,1,0.9,31,0.94,0.8,0.1399999999999999,0.9792,0.8830222222222223,0.0961777777777777,0.9730285615567484,0.8490021331204723,0.12402642843627609,0.2793313853381394,128.42888161940573,9.66319555756844,0.8466666666666667,0.9175111111111112,0.8987924274665826,0.92,0.9776,0.9775344689241162,0.14666666666666672,0.15342222222222235,0.24573809810950764,0.35202211724292,548.2419982805075,247.92511214079926,382.45319662303405,48.243238548114675,10.27272303300282,21.395388764613706
7,10,5,3,1,1.0,31,0.94,0.8,0.1399999999999999,0.9792,0.8856888888888889,0.0935111111111111,0.9730285615567484,0.850738510602184,0.12229005095456447,0.2814507240963103,124.71810226269153,9.457329041394205,0.8133333333333334,0.9136000000000001,0.8975550694299204,0.94,0.9792000000000001,0.9778136150653314,0.18666666666666665,0.13831111111111105,0.20411490018075062,0.5002617692273487,481.51863134748874,236.12217997900217,383.64259770128774,26.430032935193,8.816771894390381,19.568115075981925
7,11,5,3,1,1.1,31,0.92,0.8,0.12,0.9792,0.8871111111111111,0.09208888888888889,0.9730285615567484,0.8526020327421364,0.12042652881461202,0.28360635914711596,126.50904534724759,9.233637894482877,0.8266666666666667,0.9086222222222222,0.88274754723623,0.94,0.9824,0.9817038369038369,0.18000000000000005,0.16071111111111114,0.2409189502911886,0.4050034622116758,436.4515692928742,296.15912444057153,366.2808404547026,31.512233887260624,10.3517075766316,18.61896850026297
7,12,5,3,1,1.2,31,0.92,0.8,0.12,0.9792,0.8846222222222223,0.09457777777777765,0.9730285615567484,0.8492694788533237,0.12375908270342473,0.28566036203891254,118.29981224761431,9.220003327531149,0.8466666666666667,0.9228444444444445,0.920442130779773,0.9,0.9728,0.973630898140679,0.17333333333333334,0.1557333333333334,0.2025979783582066,0.49831722406872725,474.07892239834564,266.6862352996794,384.08927611647806,31.6338785565654,11.015614347106196,18.10119031332997
7,13,5,3,1,1.3,31,0.92,0.7933333333333333,0.1266666666666667,0.9808,0.8856888888888889,0.09511111111111115,0.9758857044138913,0.8435994545730868,0.1322862498408045,0.292414065555887,118.94212918613239,8.822718594826604,0.8066666666666666,0.9050666666666667,0.8943078273906944,0.94,0.9743999999999999,0.9723331376569767,0.16666666666666663,0.1505777777777776,0.20678891376747943,0.6605854083409632,454.44240251893575,239.47706758797628,372.73824091739266,33.6949768508576,10.925937003619444,18.551740430137052
7,14,5,3,1,1.4,31,0.94,0.8,0.1399999999999999,0.9808,0.8849777777777779,0.09582222222222214,0.9758857044138913,0.842262779968217,0.13362292444567436,0.3001153904168513,120.95412781910287,8.440379115367996,0.8333333333333334,0.9088,0.8914031260133661,0.92,0.9712,0.9703938629220498,0.19333333333333336,0.16995555555555553,0.2432821059320348,0.36136532416069833,456.8545757273888,210.43751843042725,349.0637016167896,29.664930335119678,11.692717603392104,18.562538005727923
7,15,5,3,1,1.5,31,0.94,0.8,0.1399999999999999,0.9808,0.8833777777777778,0.09742222222222219,0.9758857044138913,0.8398925854237905,0.1359931189901008,0.3076483138485647,115.22847399186671,8.380810973885037,0.8533333333333334,0.9100444444444444,0.9057397868214981,0.94,0.9823999999999999,0.9816487546384021,0.18666666666666676,0.16213333333333324,0.21732190320712852,0.412569788614613,436.48326312300486,248.56678025107144,322.99457951647656,29.54552720073775,9.576168505576321,16.897545593775323
7,16,5,3,1,1.6,31,0.94,0.8,0.1399999999999999,0.9808,0.8785777777777778,0.10222222222222221,0.9758857044138913,0.8348174596929117,0.14106824472097967,0.31890304074558784,110.5819572819053,8.289771775016389,0.8066666666666666,0.8919111111111111,0.8737485849087085,0.94,0.9696,0.9705256742479788,0.16000000000000003,0.14204444444444453,0.23919811420403914,0.32137811454747495,450.6529428071468,223.34462181763683,346.8704517036952,27.6774270685817,9.42768814303457,20.672608136611824
7,17,5,3,1,1.7,31,0.94,0.7933333333333333,0.1466666666666666,0.9808,0.8741333333333333,0.10666666666666669,0.9758857044138913,0.8287919435479508,0.1470937608659405,0.3319903799571792,106.94611507565918,8.165245783816175,0.8066666666666666,0.8931555555555556,0.8602413403715404,0.92,0.9712,0.9703790880730833,0.21333333333333337,0.1671111111111111,0.2657510523392548,0.47771812955760884,423.20575849533634,216.70938309851314,319.06897929659107,27.28812687987155,11.055157581250112,16.72921456391443
7,18,5,3,1,1.8,31,0.94,0.7933333333333333,0.1466666666666666,0.9792,0.8712888888888889,0.10791111111111107,0.9730285615567484,0.833111728624413,0.13991683293233548,0.3432652947744218,104.06377203041191,7.973678048235762,0.7666666666666667,0.9024000000000001,0.9008090681613266,0.9,0.9536,0.9504104376327421,0.21333333333333337,0.2208,0.307426700308596,0.4409315229941502,380.5393532497139,171.27679605561883,313.14795920100204,31.46729628379392,13.917321722344425,21.62021882746249
7,19,5,3,1,1.9,31,0.94,0.7866666666666666,0.15333333333333332,0.9792,0.8672000000000001,0.11199999999999988,0.9730285615567484,0.8323653687622186,0.14066319279452988,0.34909609638307865,102.01234217574859,7.967228486235931,0.8133333333333334,0.9233777777777777,0.9203493419319217,0.92,0.9696,0.9700603990745278,0.18000000000000005,0.18417777777777777,0.2617640455756646,0.6029065495632068,448.1036382916967,160.1249207762513,332.0469184404364,39.863456185392145,11.577253854421162,19.80615538479365
7,20,5,3,1,2.0,31,0.94,0.8066666666666666,0.1333333333333333,0.9792000000000001,0.8664888888888889,0.1127111111111112,0.9744612029893899,0.8245025780952813,0.1499586248941086,0.3503790810859847,101.04349475294231,8.071696585371896,0.7933333333333333,0.888888888888889,0.8813232108084972,0.92,0.9872000000000001,0.9863082962126442,0.16000000000000003,0.1644444444444444,0.25349540364519485,0.3185942850610495,381.700180239346,170.00650702340442,301.536084851335,40.526613216137925,13.758692415331291,21.11667385605683
7,21,5,3,1,2.1,31,0.94,0.8066666666666666,0.1333333333333333,0.9792000000000001,0.8640000000000001,0.11519999999999997,0.9744612029893899,0.8190617804590359,0.155399422530354,0.3518951675014628,98.81162770727036,8.076227834643843,0.82,0.8876444444444445,0.8772537477396144,0.94,0.9824,0.981192776644493,0.17333333333333334,0.18400000000000005,0.2401385482249232,0.29600906600263766,357.20260728895903,135.78534925797658,283.3666266720731,28.104304443669427,10.670258112831037,17.827077477496236
7,22,5,3,1,2.2,31,0.94,0.8,0.1399999999999999,0.976,0.8645333333333333,0.11146666666666671,0.9701271370553239,0.8247376759247187,0.14538946113060525,0.35476141330237043,96.46465578222426,7.9026475836352805,0.8066666666666666,0.8840888888888889,0.8774314802746483,0.92,0.9696,0.9706723884810842,0.17333333333333334,0.17920000000000003,0.21863595336095587,0.21858490590908225,344.48227949223207,166.76090254045963,257.1562929131616,55.30730963611855,12.892381238811703,21.048855530912995
7,23,5,3,1,2.3,31,0.94,0.7933333333333333,0.1466666666666666,0.9776,0.8643555555555557,0.11324444444444437,0.9729842799124668,0.8294192696957261,0.14356501021674073,0.3564880661281826,95.2423559146679,7.8114141648789,0.82,0.8928,0.8801892159396357,0.94,0.9776,0.9752948619230488,0.18000000000000005,0.16728888888888904,0.1964424418684787,0.3377067552988635,417.0582042964435,201.47852557958802,303.2478128181841,27.50875457799748,10.473801432398284,17.15534804701744
7,24,5,3,1,2.4,31,0.94,0.7933333333333333,0.1466666666666666,0.9776,0.8647111111111112,0.11288888888888882,0.9729842799124668,0.8315335852382023,0.14145069467426452,0.35699014785554417,94.65727867812994,7.784781267562035,0.8,0.8952888888888889,0.8883853807237702,0.94,0.9744,0.9742347909908551,0.18666666666666665,0.18684444444444437,0.2941554663676582,0.5529983088817993,400.5707416490808,154.50076579368803,276.8831898724039,45.05274574018355,11.599310543849104,18.427579532805865
7,25,5,3,1,2.5,31,0.94,0.7933333333333333,0.1466666666666666,0.9776,0.8647111111111111,0.11288888888888893,0.9729842799124668,0.8327173242537338,0.14026695565873304,0.35874373101695733,94.7295459840264,7.763770258502407,0.8133333333333334,0.8892444444444444,0.8845573442553617,0.94,0.9792000000000001,0.98071619202054,0.20000000000000007,0.21404444444444448,0.236696020001546,0.3364559933427501,336.75557220048444,196.06668838638944,266.86034917294455,38.69097235284928,10.24728065083144,19.485969367373148
7,26,5,3,1,2.6,31,0.94,0.7933333333333333,0.1466666666666666,0.9776,0.8650666666666667,0.11253333333333337,0.9729842799124668,0.8375356656849922,0.13544861422747467,0.35978800464971283,95.75257908936644,7.67356102788604,0.8266666666666667,0.904,0.9063733583746629,0.92,0.984,0.9841411004454483,0.19333333333333336,0.18844444444444453,0.28216194043312226,0.22784721034877994,333.22416001140385,118.69818356465885,242.424573032811,22.50949667838508,11.34745785137495,16.416901352747537
7,27,5,3,1,2.7,31,0.94,0.7866666666666666,0.15333333333333332,0.9792000000000001,0.8664888888888889,0.1127111111111112,0.9756509465791335,0.8393797664858986,0.1362711800932349,0.3616197567830418,98.02085729076086,7.569589742770514,0.8133333333333334,0.8888888888888888,0.8877339354163986,0.92,0.9727999999999999,0.9711016105633806,0.22000000000000008,0.18773333333333342,0.2078396707929333,0.43192728736008756,329.48142265595936,136.54907418700358,240.26788772752906,32.78547331472728,10.8006266064578,18.765027841117952
7,28,5,3,1,2.8,31,0.94,0.78,0.15999999999999992,0.9808,0.866311111111111,0.11448888888888897,0.9781509465791335,0.8406784986126505,0.13747244796648295,0.3648802382694566,101.13769808042768,7.484037538422587,0.8133333333333334,0.8728888888888889,0.8726545940988898,0.94,0.9616,0.9608678777960648,0.20666666666666667,0.1717333333333333,0.22340059932342549,0.3432713832218465,337.795047992837,123.47844625927277,220.27738948683213,24.809131074189725,10.621043560890477,18.941980063846323
7,29,5,3,1,2.9,31,0.94,0.7733333333333333,0.16666666666666663,0.9808,0.8643555555555557,0.11644444444444435,0.9781509465791335,0.8391208580395922,0.13903008853954124,0.3689494345194845,103.54685749525677,7.413304810175276,0.8466666666666667,0.9166222222222222,0.8993417925231502,0.96,0.9776,0.980555375059723,0.18666666666666665,0.1850666666666665,0.24876511483645503,0.487413482826597,295.0474707737694,153.06012476397282,217.11199248341958,23.623145736911113,9.752877569855993,16.527495716172712
8,0,5,3,1,0.0,31,0.5,0.5,0.0,0.5,0.5,0.0,0.5,0.5,0.0,0.0,-1.0097419586828951e-28,50.0,0.5,0.5,0.5,0.5,0.5,0.5,0.0,0.0,0.0,0.0,0.5,0.0,0.1,50.0,50.0,50.0
8,1,5,3,1,0.1,31,0.84,0.7666666666666667,0.07333333333333325,0.9344,0.8661333333333333,0.0682666666666667,0.9404859519565403,0.848163110503393,0.09232284145314729,0.11704885812190402,228.38105741405118,23.19621495493452,0.78,0.8945777777777778,0.8868992163185464,0.86,0.9392,0.9459628685613461,0.16000000000000003,0.1504000000000001,0.20818457505933297,0.11031975181743026,226.1074637090245,128.9997263744005,172.03933113222598,43.53364039183647,25.575472377340077,29.498740367404093
8,2,5,3,1,0.2,31,0.88,0.8066666666666666,0.07333333333333336,0.9488000000000001,0.8922666666666667,0.056533333333333435,0.9513585296529239,0.8685758333167728,0.0827826963361511,0.12509523898395275,175.18249314917824,17.29259799480108,0.8533333333333334,0.915911111111111,0.9027166072423409,0.86,0.9584,0.9576510771140901,0.14,0.15839999999999999,0.1779778855152082,0.12509011615004467,303.375910818964,142.7295469191645,211.20561465428864,26.5272514221082,18.303990101837545,21.20611323853095
8,3,5,3,1,0.3,31,0.88,0.8066666666666666,0.07333333333333336,0.9648,0.8981333333333335,0.06666666666666654,0.9649868006606398,0.8766116205431189,0.08837518011752088,0.14051579389435848,145.98951634135295,15.404328543836913,0.84,0.9176888888888889,0.8942975044379711,0.92,0.9712000000000001,0.9699014967682571,0.16666666666666663,0.14044444444444448,0.20061549823499014,0.14802953577593847,410.1237305861091,182.61936570826134,263.31543524169643,49.466695557373264,14.284914032159046,21.939851193524614
8,4,5,3,1,0.4,31,0.9,0.8133333333333334,0.08666666666666667,0.9712000000000001,0.8917333333333334,0.07946666666666669,0.9659035310317179,0.8722865664318659,0.09361696459985203,0.18489741895697243,156.10066059701515,13.327616246321597,0.86,0.9219555555555556,0.8973513073127981,0.92,0.9696,0.9684714432275073,0.1466666666666666,0.1279999999999999,0.18134805932133757,0.2741710313567656,404.64515097961055,201.20013431898462,314.58439653595667,50.36546988954046,12.895394311091339,18.85032192434752
8,5,5,3,1,0.5,31,0.9,0.82,0.08000000000000007,0.9696,0.8942222222222224,0.07537777777777765,0.9643093281331672,0.8747770010911495,0.08953232704201763,0.1837385832775913,128.23843792865944,12.977071320186983,0.84,0.9235555555555556,0.9086576447021787,0.9,0.9616,0.9613903028042027,0.15333333333333332,0.1260444444444444,0.17378527259811627,0.4279969207345882,478.6485916081441,272.82022813411663,364.62472593368136,29.722652190563892,13.12980727486169,19.696351917225556
8,6,5,3,1,0.6,31,0.9,0.82,0.08000000000000007,0.9744,0.8986666666666667,0.07573333333333332,0.9701281952563822,0.8769713839522585,0.09315681130412368,0.20173444796027318,131.01376981894327,11.628934726106454,0.8466666666666667,0.9151999999999999,0.9098721882503524,0.92,0.9776,0.9774894794361062,0.19999999999999996,0.1665777777777777,0.24254717945960946,0.44027489473325643,472.0233262026014,254.64709576949312,363.1944208728455,48.142362427770266,11.316253256707443,23.158893146238558
8,7,5,3,1,0.7,31,0.94,0.8133333333333334,0.1266666666666666,0.9808,0.8967111111111111,0.08408888888888888,0.9758857044138913,0.8731112141568141,0.10277449025707719,0.22268819345745533,129.09856402549678,10.80975391995792,0.8533333333333334,0.9150222222222223,0.8968408396120201,0.94,0.9712000000000001,0.9725687423687425,0.19999999999999996,0.16871111111111103,0.2379435616654697,0.38223708418337976,515.9327105540151,303.67898351818803,393.8719411343219,37.887674385208186,11.54419351444208,19.873226936834733
8,8,5,3,1,0.8,31,0.94,0.8,0.1399999999999999,0.9792,0.8864000000000001,0.09279999999999988,0.9730285615567484,0.8541816915999213,0.11884686995682714,0.2673566961828829,132.7749073934835,9.832595053952126,0.82,0.9088,0.8869488664970105,0.96,0.976,0.9705246314186265,0.16666666666666663,0.15004444444444442,0.23027223515946382,0.28443177355911164,575.264694852784,170.37018565666182,405.2052944941432,55.011828937313645,10.83575426948866,21.8313744549346
8,9,5,3,1,0.9,31,0.94,0.8,0.1399999999999999,0.9792,0.8830222222222223,0.0961777777777777,0.9730285615567484,0.8490021331204723,0.12402642843627609,0.2793313853381394,128.42888161940573,9.66319555756844,0.84,0.9148444444444445,0.890170353499429,0.92,0.9696,0.9698144730199061,0.14666666666666672,0.15662222222222222,0.23261357540539052,0.4954390962638208,446.17755609504013,260.5917303630336,359.7815610710223,31.415057729258216,11.40344024461407,19.085869619025544
8,10,5,3,1,1.0,31,0.94,0.8,0.1399999999999999,0.9792,0.8856888888888889,0.0935111111111111,0.9730285615567484,0.850738510602184,0.12229005095456447,0.2814507240963103,124.71810226269153,9.457329041394205,0.8533333333333334,0.9107555555555557,0.8933994042824586,0.94,0.976,0.9783942028985508,0.18000000000000005,0.14933333333333343,0.2272870043818065,0.29628694368222763,536.0879071994327,268.49392530850884,411.0607210410235,25.525850497967774,10.376340591781908,16.614585952173762
8,11,5,3,1,1.1,31,0.92,0.8,0.12,0.9792,0.8871111111111111,0.09208888888888889,0.9730285615567484,0.8526020327421364,0.12042652881461202,0.28360635914711596,126.50904534724759,9.233637894482877,0.8266666666666667,0.8947555555555555,0.8863413163276345,0.94,0.9808,0.980607767112115,0.16666666666666663,0.19413333333333327,0.28508612802786015,0.47403638980138874,477.9101233155121,186.85521167888174,351.4084293654482,32.99403825061043,9.579154064523271,18.743364602122536
8,12,5,3,1,1.2,31,0.92,0.8,0.12,0.9792,0.8846222222222223,0.09457777777777765,0.9730285615567484,0.8492694788533237,0.12375908270342473,0.28566036203891254,118.29981224761431,9.220003327531149,0.8466666666666667,0.9150222222222222,0.9038654229009586,0.94,0.9792,0.9788043101939575,0.18666666666666665,0.16533333333333333,0.22499538823097776,0.3581984673191275,490.76988032607676,233.90345432269248,343.5227966291974,40.772679758818406,11.19664027916868,18.56747242676557
8,13,5,3,1,1.3,31,0.92,0.7933333333333333,0.1266666666666667,0.9808,0.8856888888888889,0.09511111111111115,0.9758857044138913,0.8435994545730868,0.1322862498408045,0.292414065555887,118.94212918613239,8.822718594826604,0.8333333333333334,0.9107555555555557,0.9035171884393571,0.94,0.9776,0.9748196012250342,0.1466666666666666,0.18115555555555563,0.23646205896691963,0.46736276757494166,473.08311412540877,100.34057165279913,337.6246012560177,31.84986386238701,9.577971690681768,18.161471462000343
8,14,5,3,1,1.4,31,0.94,0.8,0.1399999999999999,0.9808,0.8849777777777779,0.09582222222222214,0.9758857044138913,0.842262779968217,0.13362292444567436,0.3001153904168513,120.95412781910287,8.440379115367996,0.8266666666666667,0.9015111111111112,0.8848899423590171,0.94,0.9856,0.9856085988085989,0.19333333333333336,0.15964444444444437,0.22694141292027614,0.45691522354938785,455.3949066806148,230.65397839149205,324.7532745101072,27.78534428934575,8.402858049750789,16.716145829055506
8,15,5,3,1,1.5,31,0.94,0.8,0.1399999999999999,0.9808,0.8833777777777778,0.09742222222222219,0.9758857044138913,0.8398925854237905,0.1359931189901008,0.3076483138485647,115.22847399186671,8.380810973885037,0.8,0.9080888888888888,0.8945889859638543,0.92,0.968,0.9633434271575558,0.20000000000000007,0.1930666666666666,0.26196288722662286,0.8016024819871537,440.3450138952678,261.7972112354944,348.95885801671386,28.74304349608062,11.993617808986142,17.303297666857105
8,16,5,3,1,1.6,31,0.94,0.8,0.1399999999999999,0.9808,0.8785777777777778,0.10222222222222221,0.9758857044138913,0.8348174596929117,0.14106824472097967,0.31890304074558784,110.5819572819053,8.289771775016389,0.84,0.9178666666666667,0.9084029896495278,0.96,0.9856,0.984831373135721,0.19333333333333336,0.18062222222222224,0.26102996179222715,0.5802820525459398,415.01542916281886,191.22088500640263,315.7427316504549,27.33909763139581,9.20079771863324,19.430076151850464
8,17,5,3,1,1.7,31,0.94,0.7933333333333333,0.1466666666666666,0.9808,0.8741333333333333,0.10666666666666669,0.9758857044138913,0.8287919435479508,0.1470937608659405,0.3319903799571792,106.94611507565918,8.165245783816175,0.8066666666666666,0.8867555555555555,0.8740497284342905,0.9,0.976,0.9761219580685848,0.20000000000000007,0.1685333333333333,0.26523541528283123,0.33685990904301644,450.2528414454484,139.23399306611137,328.97878207051707,28.65861189010412,10.923609588638962,17.668273047656452
8,18,5,3,1,1.8,31,0.94,0.7933333333333333,0.1466666666666666,0.9792,0.8712888888888889,0.10791111111111107,0.9730285615567484,0.833111728624413,0.13991683293233548,0.3432652947744218,104.06377203041191,7.973678048235762,0.82,0.8958222222222222,0.8930877182061413,0.94,0.9616,0.9637399554260371,0.20000000000000007,0.194311111111111,0.28676946124445213,0.2902670430495933,414.9226194824603,223.8000658134912,318.6557580251564,32.693901957880605,13.507523688021179,19.6820916988189
8,19,5,3,1,1.9,31,0.94,0.7866666666666666,0.15333333333333332,0.9792,0.8672000000000001,0.11199999999999988,0.9730285615567484,0.8323653687622186,0.14066319279452988,0.34909609638307865,102.01234217574859,7.967228486235931,0.8066666666666666,0.8858666666666667,0.8808730852334109,0.92,0.9776,0.9729842799124668,0.16666666666666663,0.16622222222222227,0.25497566600141286,0.7562753017088983,481.42205615428946,228.96647371504824,348.64082551616895,36.55573453822092,10.04520207166081,18.138721399881995
8,20,5,3,1,2.0,31,0.94,0.8066666666666666,0.1333333333333333,0.9792000000000001,0.8664888888888889,0.1127111111111112,0.9744612029893899,0.8245025780952813,0.1499586248941086,0.3503790810859847,101.04349475294231,8.071696585371896,0.8333333333333334,0.8944,0.8933897107081508,0.9,0.9728,0.9727398321485279,0.18000000000000005,0.19928888888888885,0.2979605379240937,0.4634243629051992,419.3855534680497,222.5255650304816,309.4652509530624,28.743772368728948,10.375713245409859,17.95508848542118
8,21,5,3,1,2.1,31,0.94,0.8066666666666666,0.1333333333333333,0.9792000000000001,0.8640000000000001,0.11519999999999997,0.9744612029893899,0.8190617804590359,0.155399422530354,0.3518951675014628,98.81162770727036,8.076227834643843,0.8133333333333334,0.8949333333333334,0.8942602574233411,0.96,0.9808,0.9800437578524536,0.17333333333333334,0.18400000000000016,0.23862367134911844,0.3954290128620752,424.3771261363171,181.01059320068347,278.57079045771394,29.83690612511835,9.958365113120273,18.19195962758375
8,22,5,3,1,2.2,31,0.94,0.8,0.1399999999999999,0.976,0.8645333333333333,0.11146666666666671,0.9701271370553239,0.8247376759247187,0.14538946113060525,0.35476141330237043,96.46465578222426,7.9026475836352805,0.8533333333333334,0.8997333333333333,0.8723601252524934,0.92,0.9792,0.9778136150653314,0.21999999999999997,0.19982222222222212,0.2805543455335906,0.5363677458143553,365.35980379201857,129.0464092710778,274.6957981073044,38.85721264126844,9.557263965585255,19.30680247089736
8,23,5,3,1,2.3,31,0.94,0.7933333333333333,0.1466666666666666,0.9776,0.8643555555555557,0.11324444444444437,0.9729842799124668,0.8294192696957261,0.14356501021674073,0.3564880661281826,95.2423559146679,7.8114141648789,0.8333333333333334,0.9045333333333333,0.897215327211262,0.92,0.9776,0.9760536002009688,0.20000000000000007,0.1928888888888889,0.2679049384121297,0.38903453569819224,382.3910718318184,155.45586791005059,278.94236666998347,28.10755629570467,10.636708842094222,17.448910052703987
8,24,5,3,1,2.4,31,0.94,0.7933333333333333,0.1466666666666666,0.9776,0.8647111111111112,0.11288888888888882,0.9729842799124668,0.8315335852382023,0.14145069467426452,0.35699014785554417,94.65727867812994,7.784781267562035,0.8266666666666667,0.9089777777777778,0.9115544105736997,0.9,0.9696,0.9698956066422333,0.18000000000000005,0.15644444444444439,0.20920364601478236,0.43672163077551757,350.7494792971199,198.93441474606698,268.0280263605622,25.589985627218706,13.57893436766405,18.989492346542672
8,25,5,3,1,2.5,31,0.94,0.7933333333333333,0.1466666666666666,0.9776,0.8647111111111111,0.11288888888888893,0.9729842799124668,0.8327173242537338,0.14026695565873304,0.35874373101695733,94.7295459840264,7.763770258502407,0.8133333333333334,0.9011555555555556,0.8965517818180053,0.94,0.9712,0.9724023596540761,0.20666666666666667,0.19822222222222208,0.31684390420913433,0.29534466956728356,330.9695204137789,114.56927395343631,241.20581068312472,30.928954568095868,11.513926289934506,17.84010061415492
8,26,5,3,1,2.6,31,0.94,0.7933333333333333,0.1466666666666666,0.9776,0.8650666666666667,0.11253333333333337,0.9729842799124668,0.8375356656849922,0.13544861422747467,0.35978800464971283,95.75257908936644,7.67356102788604,0.8066666666666666,0.9011555555555556,0.8976034756351989,0.92,0.9808,0.9804993293510456,0.19999999999999996,0.18115555555555563,0.19887508590079261,0.35599378393247216,348.5562625252023,140.16423632204348,226.90778597770822,28.580665548042674,9.658550887224308,17.578658094178202
8,27,5,3,1,2.7,31,0.94,0.7866666666666666,0.15333333333333332,0.9792000000000001,0.8664888888888889,0.1127111111111112,0.9756509465791335,0.8393797664858986,0.1362711800932349,0.3616197567830418,98.02085729076086,7.569589742770514,0.8266666666666667,0.8887111111111111,0.8775069188559029,0.98,0.976,0.9713314690254642,0.20000000000000007,0.18808888888888886,0.2572519359509301,0.4231481817579966,327.027874905599,133.70506546955198,221.34326509914928,29.79435126237066,9.039375442321607,18.169118228334973
8,28,5,3,1,2.8,31,0.94,0.78,0.15999999999999992,0.9808,0.866311111111111,0.11448888888888897,0.9781509465791335,0.8406784986126505,0.13747244796648295,0.3648802382694566,101.13769808042768,7.484037538422587,0.8,0.8936888888888891,0.906108406466563,0.92,0.976,0.9771243616287095,0.20000000000000007,0.18417777777777766,0.20992584466199682,0.30950350659192405,341.39958636291016,115.08155144744943,233.95387285505717,30.567078805161596,11.028227253329177,18.18138125041065
8,29,5,3,1,2.9,31,0.94,0.7733333333333333,0.16666666666666663,0.9808,0.8643555555555557,0.11644444444444435,0.9781509465791335,0.8391208580395922,0.13903008853954124,0.3689494345194845,103.54685749525677,7.413304810175276,0.7733333333333333,0.9029333333333334,0.905480274932918,0.92,0.9776,0.9782268147311626,0.19333333333333336,0.1758222222222222,0.23256900915873702,0.4917730727495041,296.42835171201256,105.94256361511175,202.77231848726404,26.742392944461525,10.85750595191194,17.582525373009297
9,0,5,3,1,0.0,31,0.5,0.5,0.0,0.5,0.5,0.0,0.5,0.5,0.0,0.0,-1.0097419586828951e-28,50.0,0.5,0.5,0.5,0.5,0.5,0.5,0.0,0.0,0.0,0.0,0.5,0.0,0.05,50.0,50.0,50.0
9,1,5,3,1,0.1,31,0.84,0.7666666666666667,0.07333333333333325,0.9344,0.8661333333333333,0.0682666666666667,0.9404859519565403,0.848163110503393,0.09232284145314729,0.11704885812190402,228.38105741405118,23.19621495493452,0.8266666666666667,0.9150222222222222,0.8840726896424946,0.88,0.9583999999999999,0.9614101310455885,0.15333333333333332,0.15431111111111107,0.1686386427326474,0.10843468690908076,253.94312447889016,124.1204917524712,171.3458507737337,37.65613770387178,26.25001467895529,29.903440703467293
9,2,5,3,1,0.2,31,0.88,0.8066666666666666,0.07333333333333336,0.9488000000000001,0.8922666666666667,0.056533333333333435,0.9513585296529239,0.8685758333167728,0.0827826963361511,0.12509523898395275,175.18249314917824,17.29259799480108,0.8666666666666667,0.9251555555555556,0.8978635130693609,0.88,0.9552,0.9594784773812908,0.15333333333333343,0.16266666666666663,0.18934466671461692,0.04036760187475791,316.65871646390906,139.3156957320915,222.74685321615297,27.23974523890018,17.530031380855288,20.871175877556542
9,3,5,3,1,0.3,31,0.88,0.8066666666666666,0.07333333333333336,0.9648,0.8981333333333335,0.06666666666666654,0.9649868006606398,0.8766116205431189,0.08837518011752088,0.14051579389435848,145.98951634135295,15.404328543836913,0.8333333333333334,0.9016888888888889,0.8978607322959334,0.92,0.9776,0.9760536002009688,0.18000000000000005,0.13884444444444433,0.14316921916978442,0.16439895946914568,339.02826954834535,127.91909696809425,251.53114386587384,27.772354143448837,13.50204087022284,19.437757792777735
9,4,5,3,1,0.4,31,0.9,0.8133333333333334,0.08666666666666667,0.9712000000000001,0.8917333333333334,0.07946666666666669,0.9659035310317179,0.8722865664318659,0.09361696459985203,0.18489741895697243,156.10066059701515,13.327616246321597,0.86,0.9226666666666666,0.9018745268728406,0.88,0.9696,0.9709657571036882,0.14666666666666672,0.15022222222222226,0.17850463343117828,0.21837486362821806,436.88237289022015,196.44385493239065,301.400518881587,33.623303217269495,12.820236808440502,18.321076753036856
9,5,5,3,1,0.5,31,0.9,0.82,0.08000000000000007,0.9696,0.8942222222222224,0.07537777777777765,0.9643093281331672,0.8747770010911495,0.08953232704201763,0.1837385832775913,128.23843792865944,12.977071320186983,0.84,0.9072,0.8786531480530153,0.9,0.9712,0.9668739133064481,0.18000000000000005,0.14897777777777788,0.18760618649801497,0.3946882447863763,550.2760095746726,305.0846084475111,373.1282812846037,33.8827035141958,12.472532860712484,19.574747802719347
9,6,5,3,1,0.6,31,0.9,0.82,0.08000000000000007,0.9744,0.8986666666666667,0.07573333333333332,0.9701281952563822,0.8769713839522585,0.09315681130412368,0.20173444796027318,131.01376981894327,11.628934726106454,0.8533333333333334,0.9191111111111112,0.9050952902964896,0.9,0.9743999999999999,0.972469131930902,0.14666666666666672,0.16035555555555558,0.22524319314711716,0.38343661452456435,453.29206342181243,230.74240291165137,359.39755764995346,29.00472071488109,11.48635584978772,18.63881412680004
9,7,5,3,1,0.7,31,0.94,0.8133333333333334,0.1266666666666666,0.9808,0.8967111111111111,0.08408888888888888,0.9758857044138913,0.8731112141568141,0.10277449025707719,0.22268819345745533,129.09856402549678,10.80975391995792,0.8333333333333334,0.9182222222222223,0.9039257657640258,0.9,0.9712000000000001,0.9702765469047337,0.14666666666666672,0.13777777777777767,0.21660206061743714,0.5152549573530488,525.9168142113019,173.20934037264584,404.2766628092929,34.6883816944088,11.823425927563154,18.48661481807573
9,8,5,3,1,0.8,31,0.94,0.8,0.1399999999999999,0.9792,0.8864000000000001,0.09279999999999988,0.9730285615567484,0.8541816915999213,0.11884686995682714,0.2673566961828829,132.7749073934835,9.832595053952126,0.86,0.9212444444444444,0.9101414013953422,0.94,0.9743999999999999,0.9731619940559892,0.18666666666666665,0.16657777777777794,0.21712972521725504,0.5543284375771703,456.15515421924715,225.6891174804127,380.3779973374184,31.351408194281298,11.576624711943989,17.827534433474764
9,9,5,3,1,0.9,31,0.94,0.8,0.1399999999999999,0.9792,0.8830222222222223,0.0961777777777777,0.9730285615567484,0.8490021331204723,0.12402642843627609,0.2793313853381394,128.42888161940573,9.66319555756844,0.8666666666666667,0.9264000000000001,0.9102711762467346,0.92,0.976,0.9804974789915967,0.15333333333333332,0.1802666666666668,0.25822290418791316,0.3105503974035072,487.46813076682565,240.64265301670574,403.505299089658,22.717731556334975,10.899297757860417,16.278538304222145
9,10,5,3,1,1.0,31,0.94,0.8,0.1399999999999999,0.9792,0.8856888888888889,0.0935111111111111,0.9730285615567484,0.850738510602184,0.12229005095456447,0.2814507240963103,124.71810226269153,9.457329041394205,0.8666666666666667,0.9123555555555556,0.8988908262980317,0.9,0.9823999999999999,0.9841530882910194,0.14666666666666672,0.15039999999999998,0.24928334641399508,0.3174126391198972,529.3006210773833,256.18974513020913,383.47049553901206,35.66476245703491,9.995558731754143,18.718338196060895
9,11,5,3,1,1.1,31,0.92,0.8,0.12,0.9792,0.8871111111111111,0.09208888888888889,0.9730285615567484,0.8526020327421364,0.12042652881461202,0.28360635914711596,126.50904534724759,9.233637894482877,0.8533333333333334,0.912,0.9041745040640558,0.94,0.9696,0.9717135549527289,0.19999999999999996,0.16462222222222223,0.18973286364820174,0.4130608376546893,500.9766674304237,239.2820137637782,356.29519759471293,30.55586812565774,10.797249558676434,17.59084180947334
9,12,5,3,1,1.2,31,0.92,0.8,0.12,0.9792,0.8846222222222223,0.09457777777777765,0.9730285615567484,0.8492694788533237,0.12375908270342473,0.28566036203891254,118.29981224761431,9.220003327531149,0.82,0.8958222222222222,0.8838859943789252,0.96,0.9808,0.9758857044138913,0.17333333333333334,0.18346666666666678,0.26297597646157667,0.5337382681753018,485.60667859627864,251.10764811842088,363.3997388849466,37.463982164792114,8.563112764850139,18.041225905402733
9,13,5,3,1,1.3,31,0.92,0.7933333333333333,0.1266666666666667,0.9808,0.8856888888888889,0.09511111111111115,0.9758857044138913,0.8435994545730868,0.1322862498408045,0.292414065555887,118.94212918613239,8.822718594826604,0.8066666666666666,0.9002666666666667,0.8795961740247796,0.92,0.9728,0.9708719740582255,0.18666666666666676,0.1758222222222222,0.24658045134420592,0.5519371289549917,474.3146719369068,201.9025718376435,352.9533653164375,37.80629009780125,11.059803985294957,20.69067495815578
9,14,5,3,1,1.4,31,0.94,0.8,0.1399999999999999,0.9808,0.8849777777777779,0.09582222222222214,0.9758857044138913,0.842262779968217,0.13362292444567436,0.3001153904168513,120.95412781910287,8.440379115367996,0.8533333333333334,0.8956444444444445,0.8662382485025595,0.94,0.9680000000000001,0.9689407867494824,0.2333333333333334,0.19199999999999995,0.2616544969573251,0.5085619984644533,508.66650628130543,227.59561758065718,382.9660771524282,31.980246095695996,11.562814955654808,18.247002643001995
9,15,5,3,1,1.5,31,0.94,0.8,0.1399999999999999,0.9808,0.8833777777777778,0.09742222222222219,0.9758857044138913,0.8398925854237905,0.1359931189901008,0.3076483138485647,115.22847399186671,8.380810973885037,0.82,0.9093333333333333,0.8947303231551104,0.9,0.9808000000000001,0.9815943360986841,0.19333333333333336,0.18204444444444434,0.2550839587140221,0.44056700473254773,486.0116701684153,235.02880672892715,344.3802532484151,39.09307809295676,10.54953740580743,21.067336284563144
9,16,5,3,1,1.6,31,0.94,0.8,0.1399999999999999,0.9808,0.8785777777777778,0.10222222222222221,0.9758857044138913,0.8348174596929117,0.14106824472097967,0.31890304074558784,110.5819572819053,8.289771775016389,0.8466666666666667,0.9153777777777778,0.9029284795953315,0.92,0.9776,0.9764162760059234,0.16000000000000003,0.18257777777777784,0.253461480637609,0.4246155249763981,410.8401812800232,185.6019520106713,304.94189255496485,24.161159818133278,10.511988606680072,16.535620051469962
9,17,5,3,1,1.7,31,0.94,0.7933333333333333,0.1466666666666666,0.9808,0.8741333333333333,0.10666666666666669,0.9758857044138913,0.8287919435479508,0.1470937608659405,0.3319903799571792,106.94611507565918,8.165245783816175,0.82,0.9210666666666667,0.9163878381184523,0.92,0.9648000000000001,0.9643755198272361,0.16000000000000003,0.15075555555555542,0.2250014420063735,0.3435426543412522,455.98698923957136,160.01424384454762,323.50355877147933,51.44398100177686,12.902042750540044,23.204503197720737
9,18,5,3,1,1.8,31,0.94,0.7933333333333333,0.1466666666666666,0.9792,0.8712888888888889,0.10791111111111107,0.9730285615567484,0.833111728624413,0.13991683293233548,0.3432652947744218,104.06377203041191,7.973678048235762,0.82,0.8970666666666667,0.8837736883931471,0.94,0.9743999999999999,0.9721724745966047,0.16000000000000003,0.17191111111111113,0.22758344586930312,0.444993240506501,447.8663799548519,184.9947002287397,309.63355306079166,32.15860963051424,9.473768590066433,19.10419027129863
9,19,5,3,1,1.9,31,0.94,0.7866666666666666,0.15333333333333332,0.9792,0.8672000000000001,0.11199999999999988,0.9730285615567484,0.8323653687622186,0.14066319279452988,0.34909609638307865,102.01234217574859,7.967228486235931,0.8,0.9079111111111111,0.89115293737747,0.94,0.9808,0.9794265324161797,0.18000000000000005,0.20284444444444438,0.2882732306819422,0.4208783832817954,398.28914431037134,181.37668312127954,288.4102415390122,25.71329738512849,10.002660603644731,19.106310144703354
9,20,5,3,1,2.0,31,0.94,0.8066666666666666,0.1333333333333333,0.9792000000000001,0.8664888888888889,0.1127111111111112,0.9744612029893899,0.8245025780952813,0.1499586248941086,0.3503790810859847,101.04349475294231,8.071696585371896,0.82,0.9009777777777778,0.8995280307329268,0.92,0.9584,0.9620647030718642,0.17333333333333334,0.1838222222222221,0.20438903184900947,0.5163071211078687,420.73678251879414,159.3799013932669,301.4993563942081,28.70062593443123,12.038182690390531,18.799005129750622
9,21,5,3,1,2.1,31,0.94,0.8066666666666666,0.1333333333333333,0.9792000000000001,0.8640000000000001,0.11519999999999997,0.9744612029893899,0.8190617804590359,0.155399422530354,0.3518951675014628,98.81162770727036,8.076227834643843,0.8,0.8814222222222222,0.8844593424067477,0.92,0.9664,0.971416977225673,0.19333333333333336,0.18079999999999996,0.27325656020400735,0.4036026740439378,409.81482598580067,132.75201089342877,303.0195268193305,34.07369425170897,11.630992201395284,18.989454495425313
9,22,5,3,1,2.2,31,0.94,0.8,0.1399999999999999,0.976,0.8645333333333333,0.11146666666666671,0.9701271370553239,0.8247376759247187,0.14538946113060525,0.35476141330237043,96.46465578222426,7.9026475836352805,0.8266666666666667,0.8942222222222223,0.8765226973506639,0.92,0.9743999999999999,0.9778201149425289,0.21333333333333337,0.1950222222222222,0.19908862222525103,0.28693166745315635,415.03407243221227,183.34626526454426,299.5493626257087,28.218708163513767,10.17364491148425,19.84834755655664
9,23,5,3,1,2.3,31,0.94,0.7933333333333333,0.1466666666666666,0.9776,0.8643555555555557,0.11324444444444437,0.9729842799124668,0.8294192696957261,0.14356501021674073,0.3564880661281826,95.2423559146679,7.8114141648789,0.8,0.9032888888888889,0.8942027589266595,0.94,0.9663999999999999,0.9695981795981796,0.16666666666666663,0.2128000000000001,0.29370416722976167,0.44604484102340536,420.80236257700403,196.32081689077907,279.73063241967435,44.45789307832825,12.013933809529654,19.57346531655387
9,24,5,3,1,2.4,31,0.94,0.7933333333333333,0.1466666666666666,0.9776,0.8647111111111112,0.11288888888888882,0.9729842799124668,0.8315335852382023,0.14145069467426452,0.35699014785554417,94.65727867812994,7.784781267562035,0.8466666666666667,0.908088888888889,0.8994302255809488,0.92,0.976,0.9773080407848025,0.20000000000000007,0.20391111111111115,0.28863974773777434,0.4461903011105875,356.370529252725,86.58711290542774,248.79439664512915,34.15375090592465,10.63789258833118,17.799769509561692
9,25,5,3,1,2.5,31,0.94,0.7933333333333333,0.1466666666666666,0.9776,0.8647111111111111,0.11288888888888893,0.9729842799124668,0.8327173242537338,0.14026695565873304,0.35874373101695733,94.7295459840264,7.763770258502407,0.7933333333333333,0.8572444444444444,0.8701311663251671,0.94,0.9712,0.9689576587663544,0.19999999999999996,0.18328888888888883,0.20161279713989866,0.49627778357393515,373.3594377820332,198.22597630854554,268.8380215578962,35.151978304724565,10.031033232529293,21.86185769761527
9,26,5,3,1,2.6,31,0.94,0.7933333333333333,0.1466666666666666,0.9776,0.8650666666666667,0.11253333333333337,0.9729842799124668,0.8375356656849922,0.13544861422747467,0.35978800464971283,95.75257908936644,7.67356102788604,0.82,0.9020444444444444,0.9065962543810558,0.9,0.9776,0.9815615231599887,0.21333333333333337,0.16462222222222211,0.1850100857806195,0.45797699771087447,353.9234964048692,133.06465060323598,256.4788917454682,34.79163935352734,12.785255899371386,20.60278839847141
9,27,5,3,1,2.7,31,0.94,0.7866666666666666,0.15333333333333332,0.9792000000000001,0.8664888888888889,0.1127111111111112,0.9756509465791335,0.8393797664858986,0.1362711800932349,0.3616197567830418,98.02085729076086,7.569589742770514,0.8133333333333334,0.9047111111111111,0.9125074388052865,0.94,0.9680000000000001,0.964059188815253,0.23333333333333328,0.18666666666666665,0.29184358557783674,0.22300624862144006,337.30213201344145,115.22180145559835,237.41698255455108,29.593174562994406,11.572607009647083,18.773810134130876
9,28,5,3,1,2.8,31,0.94,0.78,0.15999999999999992,0.9808,0.866311111111111,0.11448888888888897,0.9781509465791335,0.8406784986126505,0.13747244796648295,0.3648802382694566,101.13769808042768,7.484037538422587,0.78,0.8609777777777777,0.847494342146407,0.92,0.9728000000000001,0.972483944735661,0.24,0.18328888888888883,0.21910015918547732,0.4897726611093893,324.66420930756624,153.1376522719379,222.34450871081913,27.932423961668537,12.293289722457931,19.659234255631816
9,29,5,3,1,2.9,31,0.94,0.7733333333333333,0.16666666666666663,0.9808,0.8643555555555557,0.11644444444444435,0.9781509465791335,0.8391208580395922,0.13903008853954124,0.3689494345194845,103.54685749525677,7.413304810175276,0.8066666666666666,0.8958222222222223,0.8714763964616095,0.96,0.9904000000000001,0.990213058117406,0.19333333333333325,0.137422222222222,0.18598867297528265,0.3795442632433669,302.3287415587535,91.9400104059165,215.885009621163,30.132853734743613,9.746734547541259,18.527994325913262
10,0,5,3,1,0.0,31,0.5,0.5,0.0,0.5,0.5,0.0,0.5,0.5,0.0,0.0,-1.0097419586828951e-28,50.0,0.5,0.5,0.5,0.5,0.5,0.5,0.0,0.0,0.0,0.0,0.5,0.0,0.175,50.00000000000001,50.0,50.0
10,1,5,3,1,0.1,31,0.84,0.7666666666666667,0.07333333333333325,0.9344,0.8661333333333333,0.0682666666666667,0.9404859519565403,0.848163110503393,0.09232284145314729,0.11704885812190402,228.38105741405118,23.19621495493452,0.7866666666666666,0.8588444444444445,0.8303149283317248,0.82,0.9248000000000001,0.9306633805152786,0.1466666666666666,0.14471111111111112,0.19978730679741918,0.12718751569866887,250.2454245729557,114.31829254921942,183.08410238959826,43.51881765311755,24.058151830160526,30.797048532432882
10,2,5,3,1,0.2,31,0.88,0.8066666666666666,0.07333333333333336,0.9488000000000001,0.8922666666666667,0.056533333333333435,0.9513585296529239,0.8685758333167728,0.0827826963361511,0.12509523898395275,175.18249314917824,17.29259799480108,0.8133333333333334,0.9015111111111112,0.8745345937254689,0.86,0.96,0.9623697429784387,0.16666666666666674,0.1591111111111111,0.20966550263538508,0.16870728411808367,330.84331301274153,112.55715145425117,228.8340526039583,31.402980226849756,17.84409615915752,22.64042216683719
10,3,5,3,1,0.3,31,0.88,0.8066666666666666,0.07333333333333336,0.9648,0.8981333333333335,0.06666666666666654,0.9649868006606398,0.8766116205431189,0.08837518011752088,0.14051579389435848,145.98951634135295,15.404328543836913,0.8466666666666667,0.9185777777777777,0.9030203375365683,0.92,0.9600000000000001,0.9626429309989951,0.1466666666666666,0.15537777777777784,0.20230321803886342,0.13509193589600782,383.78200926399785,154.304745328135,250.45203454820754,37.601764021773015,14.05956299040147,19.240852273033962
10,4,5,3,1,0.4,31,0.9,0.8133333333333334,0.08666666666666667,0.9712000000000001,0.8917333333333334,0.07946666666666669,0.9659035310317179,0.8722865664318659,0.09361696459985203,0.18489741895697243,156.10066059701515,13.327616246321597,0.8466666666666667,0.9173333333333333,0.89894909039448,0.92,0.9680000000000001,0.9688604939457934,0.15333333333333332,0.12302222222222237,0.15085246189122836,0.3256764046998318,441.1027175409845,165.63801912101835,304.5454093404404,24.859266576619568,12.86085634422398,17.53264838801925
10,5,5,3,1,0.5,31,0.9,0.82,0.08000000000000007,0.9696,0.8942222222222224,0.07537777777777765,0.9643093281331672,0.8747770010911495,0.08953232704201763,0.1837385832775913,128.23843792865944,12.977071320186983,0.82,0.8986666666666666,0.8978425399607768,0.9,0.9680000000000001,0.9660368006606398,0.18000000000000005,0.14204444444444453,0.18126711622470437,0.24999118989127428,450.6845923616271,239.19683796669648,358.0641814474091,25.812777375959836,12.56601277270745,18.82436677028325
10,6,5,3,1,0.6,31,0.9,0.82,0.08000000000000007,0.9744,0.8986666666666667,0.07573333333333332,0.9701281952563822,0.8769713839522585,0.09315681130412368,0.20173444796027318,131.01376981894327,11.628934726106454,0.8533333333333334,0.9066666666666666,0.8806235846400418,0.94,0.9776,0.9759241659523528,0.14,0.1459555555555555,0.17271172518815414,0.3394011595798344,551.8465566103552,297.25474447197837,397.14128345813225,29.757253848094884,10.818557479108803,18.244263108420625
10,7,5,3,1,0.7,31,0.94,0.8133333333333334,0.1266666666666666,0.9808,0.8967111111111111,0.08408888888888888,0.9758857044138913,0.8731112141568141,0.10277449025707719,0.22268819345745533,129.09856402549678,10.80975391995792,0.8666666666666667,0.9228444444444445,0.9019380966903126,0.94,0.976,0.9775415888459367,0.16666666666666663,0.13671111111111112,0.20314500694568516,0.2891916020521952,502.98478451027563,249.60629407088788,377.95157169947987,43.44439462821411,11.436436342100377,18.67520567232602
10,8,5,3,1,0.8,31,0.94,0.8,0.1399999999999999,0.9792,0.8864000000000001,0.09279999999999988,0.9730285615567484,0.8541816915999213,0.11884686995682714,0.2673566961828829,132.7749073934835,9.832595053952126,0.8133333333333334,0.8990222222222223,0.8913706293842955,0.9,0.9648000000000001,0.961070471371072,0.16666666666666663,0.18488888888888888,0.2702826738710661,0.35521488824168895,512.9345518376768,233.2540156453173,398.1168277620129,28.998866344376083,12.999088696730201,20.258135069458852
10,9,5,3,1,0.9,31,0.94,0.8,0.1399999999999999,0.9792,0.8830222222222223,0.0961777777777777,0.9730285615567484,0.8490021331204723,0.12402642843627609,0.2793313853381394,128.42888161940573,9.66319555756844,0.8133333333333334,0.9084444444444444,0.9039492631808714,0.94,0.9823999999999999,0.981403358655075,0.14666666666666672,0.1260444444444444,0.15430071445680804,0.33934408187633824,511.180890331925,248.6079383578026,375.8537475715663,37.38064160749524,9.283730007837633,16.335078790906124
10,10,5,3,1,1.0,31,0.94,0.8,0.1399999999999999,0.9792,0.8856888888888889,0.0935111111111111,0.9730285615567484,0.850738510602184,0.12229005095456447,0.2814507240963103,124.71810226269153,9.457329041394205,0.82,0.8928,0.8855054140827984,0.94,0.9792,0.9795981795981796,0.17333333333333323,0.15715555555555538,0.2042041729523898,0.38025095154357624,502.9825652755003,274.64769459093316,397.2618939782938,39.68497649938209,10.560436933689772,20.16342357851043
10,11,5,3,1,1.1,31,0.92,0.8,0.12,0.9792,0.8871111111111111,0.09208888888888889,0.9730285615567484,0.8526020327421364,0.12042652881461202,0.28360635914711596,126.50904534724759,9.233637894482877,0.8333333333333334,0.9178666666666667,0.909298195754638,0.96,0.9792,0.9730285615567484,0.18000000000000005,0.14542222222222223,0.24266536950108908,0.35761452668476473,504.86881799018545,276.3903322733494,376.6844939062305,27.390905735352142,9.78057755542606,16.713836519727597
10,12,5,3,1,1.2,31,0.92,0.8,0.12,0.9792,0.8846222222222223,0.09457777777777765,0.9730285615567484,0.8492694788533237,0.12375908270342473,0.28566036203891254,118.29981224761431,9.220003327531149,0.8466666666666667,0.9169777777777779,0.8954576016445714,0.92,0.968,0.9658297215079086,0.15333333333333332,0.14488888888888884,0.2220865493681824,0.3047820604976502,460.72334257344636,203.34598108714846,337.03040308388086,26.092634127459654,12.791022307501237,18.007491171281814
10,13,5,3,1,1.3,31,0.92,0.7933333333333333,0.1266666666666667,0.9808,0.8856888888888889,0.09511111111111115,0.9758857044138913,0.8435994545730868,0.1322862498408045,0.292414065555887,118.94212918613239,8.822718594826604,0.8266666666666667,0.9025777777777777,0.8919662751289614,0.94,0.9776,0.9772061008045664,0.16666666666666674,0.18222222222222229,0.23859217673178112,0.4806668383005912,510.37290081935237,197.8712295967259,360.3421623067626,47.99696685515726,10.486179075065575,19.699411999222228
10,14,5,3,1,1.4,31,0.94,0.8,0.1399999999999999,0.9808,0.8849777777777779,0.09582222222222214,0.9758857044138913,0.842262779968217,0.13362292444567436,0.3001153904168513,120.95412781910287,8.440379115367996,0.8266666666666667,0.9041777777777779,0.8969264953469537,0.94,0.9808,0.980607767112115,0.17999999999999994,0.15146666666666675,0.2044224777554865,0.45820971201446925,492.3556539452183,265.61269465475596,361.4282374384571,42.667395460900224,10.778455354521205,21.20891717761183
10,15,5,3,1,1.5,31,0.94,0.8,0.1399999999999999,0.9808,0.8833777777777778,0.09742222222222219,0.9758857044138913,0.8398925854237905,0.1359931189901008,0.3076483138485647,115.22847399186671,8.380810973885037,0.82,0.9045333333333333,0.882140590657,0.94,0.9792,0.9795981795981796,0.19999999999999996,0.1823999999999999,0.23411658980574612,0.37818469643196934,416.99929700818814,203.954224563135,335.29242137465883,44.795595116049576,10.456349457024158,18.541014189198336
10,16,5,3,1,1.6,31,0.94,0.8,0.1399999999999999,0.9808,0.8785777777777778,0.10222222222222221,0.9758857044138913,0.8348174596929117,0.14106824472097967,0.31890304074558784,110.5819572819053,8.289771775016389,0.8066666666666666,0.8970666666666667,0.88708812690436,0.94,0.9680000000000001,0.9653883116106162,0.20666666666666667,0.1505777777777778,0.16990676508771585,0.4497463394582196,432.916801551237,119.43884909774278,322.6467853646627,52.59374112378324,12.216643455591864,20.372271844336527
10,17,5,3,1,1.7,31,0.94,0.7933333333333333,0.1466666666666666,0.9808,0.8741333333333333,0.10666666666666669,0.9758857044138913,0.8287919435479508,0.1470937608659405,0.3319903799571792,106.94611507565918,8.165245783816175,0.82,0.8908444444444443,0.8838804603781626,0.94,0.9823999999999999,0.9826257684344641,0.17333333333333334,0.15946666666666665,0.2208688139687991,0.30071978223595613,426.34505937440605,234.0413596930133,337.01572915230327,28.416737744175556,11.029636927770945,18.27777832330309
10,18,5,3,1,1.8,31,0.94,0.7933333333333333,0.1466666666666666,0.9792,0.8712888888888889,0.10791111111111107,0.9730285615567484,0.833111728624413,0.13991683293233548,0.3432652947744218,104.06377203041191,7.973678048235762,0.8266666666666667,0.8894222222222223,0.8847925860089324,0.92,0.9696,0.9703719532541478,0.15333333333333332,0.16142222222222213,0.2561028115100249,0.4409231335015914,431.28394667965404,183.27893103645837,316.44392058203164,38.79955876542013,11.266863059612263,21.538939486935192
10,19,5,3,1,1.9,31,0.94,0.7866666666666666,0.15333333333333332,0.9792,0.8672000000000001,0.11199999999999988,0.9730285615567484,0.8323653687622186,0.14066319279452988,0.34909609638307865,102.01234217574859,7.967228486235931,0.8333333333333334,0.9066666666666667,0.8890337146182568,0.92,0.9776,0.9793080407848025,0.21333333333333337,0.1537777777777779,0.17532288726941025,0.38474807945844547,455.1597250234623,254.00667769470664,345.8231966951333,32.860771170728334,11.545753462920157,18.671837554770796
10,20,5,3,1,2.0,31,0.94,0.8066666666666666,0.1333333333333333,0.9792000000000001,0.8664888888888889,0.1127111111111112,0.9744612029893899,0.8245025780952813,0.1499586248941086,0.3503790810859847,101.04349475294231,8.071696585371896,0.8666666666666667,0.912888888888889,0.904504096622264,0.94,0.9728,0.9659728586389765,0.19333333333333325,0.17724444444444432,0.22360377529457376,0.49466054410039806,423.526866746455,201.48373784095824,295.5443937047319,29.40851847775635,10.340864173658488,19.137837613732433
10,21,5,3,1,2.1,31,0.94,0.8066666666666666,0.1333333333333333,0.9792000000000001,0.8640000000000001,0.11519999999999997,0.9744612029893899,0.8190617804590359,0.155399422530354,0.3518951675014628,98.81162770727036,8.076227834643843,0.8066666666666666,0.8874666666666666,0.886956507225353,0.94,0.9696,0.9671596275921623,0.22666666666666668,0.2001777777777778,0.260384327103639,0.26209513427914843,465.6096242552072,162.35110633035328,297.83700407080477,37.40044542546895,11.931956080361287,19.045716326280278
10,22,5,3,1,2.2,31,0.94,0.8,0.1399999999999999,0.976,0.8645333333333333,0.11146666666666671,0.9701271370553239,0.8247376759247187,0.14538946113060525,0.35476141330237043,96.46465578222426,7.9026475836352805,0.82,0.8840888888888889,0.8733110861937738,0.92,0.9728,0.9741419584000229,0.20000000000000007,0.21848888888888895,0.2783345618364471,0.4776437218621303,356.814743109536,116.17927297982267,273.34035241938506,36.643382089495226,11.823811575298535,20.30680726995346
10,23,5,3,1,2.3,31,0.94,0.7933333333333333,0.1466666666666666,0.9776,0.8643555555555557,0.11324444444444437,0.9729842799124668,0.8294192696957261,0.14356501021674073,0.3564880661281826,95.2423559146679,7.8114141648789,0.78,0.8954666666666666,0.8943243498025624,0.92,0.9648,0.9691506114023277,0.20000000000000007,0.1571555555555556,0.1857910234508282,0.3438661356861132,379.5756903016288,187.936363970827,273.5552802168994,35.65101202360238,11.881618332497466,20.792010505258254
10,24,5,3,1,2.4,31,0.94,0.7933333333333333,0.1466666666666666,0.9776,0.8647111111111112,0.11288888888888882,0.9729842799124668,0.8315335852382023,0.14145069467426452,0.35699014785554417,94.65727867812994,7.784781267562035,0.8066666666666666,0.8901333333333333,0.8589451784104869,0.92,0.9776,0.9791515459139584,0.18666666666666665,0.14862222222222243,0.1706783654662396,0.41741023235522656,399.1435472125813,185.0839943128925,268.1123326762401,29.40212184608281,10.620943183887654,19.586659676632923
10,25,5,3,1,2.5,31,0.94,0.7933333333333333,0.1466666666666666,0.9776,0.8647111111111111,0.11288888888888893,0.9729842799124668,0.8327173242537338,0.14026695565873304,0.35874373101695733,94.7295459840264,7.763770258502407,0.7933333333333333,0.8858666666666667,0.8834398235123289,0.92,0.9696,0.9747115995115996,0.18000000000000005,0.19982222222222212,0.3034686209286511,0.4265115902865042,335.55434438890416,169.69610417933686,264.66950535878215,25.94276097381261,12.055567677477368,17.49744904803134
10,26,5,3,1,2.6,31,0.94,0.7933333333333333,0.1466666666666666,0.9776,0.8650666666666667,0.11253333333333337,0.9729842799124668,0.8375356656849922,0.13544861422747467,0.35978800464971283,95.75257908936644,7.67356102788604,0.8266666666666667,0.8933333333333334,0.8893849531407432,0.92,0.9728,0.9700367682562265,0.17333333333333334,0.21386666666666665,0.3147400636711075,0.21662634410838266,347.4064820102494,107.4885797172052,253.74300721519904,34.62337971921353,12.008105439818609,18.954820834574676
10,27,5,3,1,2.7,31,0.94,0.7866666666666666,0.15333333333333332,0.9792000000000001,0.8664888888888889,0.1127111111111112,0.9756509465791335,0.8393797664858986,0.1362711800932349,0.3616197567830418,98.02085729076086,7.569589742770514,0.7866666666666666,0.8912,0.8892079837078879,0.94,0.9712,0.9734582555126035,0.15333333333333332,0.16000000000000003,0.18224837315404652,0.32942052122651533,352.8372468215583,83.10877085217581,232.1021477652338,32.984710710007306,10.902389689172631,17.857163627760958
10,28,5,3,1,2.8,31,0.94,0.78,0.15999999999999992,0.9808,0.866311111111111,0.11448888888888897,0.9781509465791335,0.8406784986126505,0.13747244796648295,0.3648802382694566,101.13769808042768,7.484037538422587,0.8,0.908088888888889,0.9103170651560502,0.94,0.9792,0.980052400614813,0.21333333333333337,0.20640000000000003,0.23127868019938158,0.38614788429690317,312.8294070802355,130.3035856463077,222.25384125358352,43.1808610539383,9.320045902496284,20.48841956903147
10,29,5,3,1,2.9,31,0.94,0.7733333333333333,0.16666666666666663,0.9808,0.8643555555555557,0.11644444444444435,0.9781509465791335,0.8391208580395922,0.13903008853954124,0.3689494345194845,103.54685749525677,7.413304810175276,0.8,0.9009777777777779,0.9058025876130127,0.94,0.9760000000000001,0.9781358094401574,0.21999999999999997,0.17120000000000002,0.22451111412002378,0.5621025311806421,294.9669455818573,75.66907006690323,202.4723725784754,32.15076428559412,11.38701152767566,18.771102930747602
11,0,5,3,1,0.0,31,0.5,0.5,0.0,0.5,0.5,0.0,0.5,0.5,0.0,0.0,-1.0097419586828951e-28,50.0,0.5,0.5,0.5,0.5,0.5,0.5,0.0,0.0,0.0,0.0,0.5,0.0,0.075,50.0,50.0,50.0
11,1,5,3,1,0.1,31,0.84,0.7666666666666667,0.07333333333333325,0.9344,0.8661333333333333,0.0682666666666667,0.9404859519565403,0.848163110503393,0.09232284145314729,0.11704885812190402,228.38105741405118,23.19621495493452,0.7666666666666667,0.8186666666666667,0.8009546064850643,0.86,0.9056,0.8974572199138703,0.15333333333333343,0.16551111111111105,0.19031084485859895,0.12446777168668677,237.98345149124282,79.71720845626955,158.33344903394578,50.00754211659577,27.088340095158156,30.72415270292163
11,2,5,3,1,0.2,31,0.88,0.8066666666666666,0.07333333333333336,0.9488000000000001,0.8922666666666667,0.056533333333333435,0.9513585296529239,0.8685758333167728,0.0827826963361511,0.12509523898395275,175.18249314917824,17.29259799480108,0.8666666666666667,0.9235555555555555,0.8995034018603547,0.9,0.9648,0.9688435513100828,0.10666666666666669,0.12319999999999998,0.17924298710916664,0.08108472711878661,313.95067751216897,165.79670104390752,242.96401173681357,28.692007977994727,17.34551680710087,21.12576379118842
11,3,5,3,1,0.3,31,0.88,0.8066666666666666,0.07333333333333336,0.9648,0.8981333333333335,0.06666666666666654,0.9649868006606398,0.8766116205431189,0.08837518011752088,0.14051579389435848,145.98951634135295,15.404328543836913,0.86,0.9169777777777778,0.9120834288612714,0.9,0.9728,0.9700119559401429,0.18000000000000005,0.14826666666666666,0.20471705144634378,0.25715764791095075,376.0119526257061,154.73976665317232,269.47092154027325,35.84760590112436,13.477670491996697,20.01838061367028
11,4,5,3,1,0.4,31,0.9,0.8133333333333334,0.08666666666666667,0.9712000000000001,0.8917333333333334,0.07946666666666669,0.9659035310317179,0.8722865664318659,0.09361696459985203,0.18489741895697243,156.10066059701515,13.327616246321597,0.84,0.9171555555555556,0.9016794780087638,0.92,0.9696,0.9711575977162934,0.16000000000000003,0.1365333333333334,0.16698150875457196,0.2668256396343648,386.24685574770695,258.3070089867404,311.82462262634994,29.79671464140159,13.126368920804556,19.768079587783028
11,5,5,3,1,0.5,31,0.9,0.82,0.08000000000000007,0.9696,0.8942222222222224,0.07537777777777765,0.9643093281331672,0.8747770010911495,0.08953232704201763,0.1837385832775913,128.23843792865944,12.977071320186983,0.84,0.9137777777777778,0.9034301429046788,0.92,0.9632000000000001,0.9675930230447395,0.17999999999999994,0.13368888888888875,0.20453258462587687,0.15227355360595463,451.61925467596353,228.61466954653457,319.24839576945317,27.20918782392169,13.151284671247524,18.9843175853255
11,6,5,3,1,0.6,31,0.9,0.82,0.08000000000000007,0.9744,0.8986666666666667,0.07573333333333332,0.9701281952563822,0.8769713839522585,0.09315681130412368,0.20173444796027318,131.01376981894327,11.628934726106454,0.8333333333333334,0.9102222222222223,0.8933305625987381,0.92,0.9823999999999999,0.9806580595097758,0.21333333333333337,0.14577777777777778,0.18579008769043903,0.2994210575199672,507.81304393285205,288.0675391738752,367.34444597145216,30.023195549767674,12.336839657601848,19.23679748808195
11,7,5,3,1,0.7,31,0.94,0.8133333333333334,0.1266666666666666,0.9808,0.8967111111111111,0.08408888888888888,0.9758857044138913,0.8731112141568141,0.10277449025707719,0.22268819345745533,129.09856402549678,10.80975391995792,0.8333333333333334,0.9151999999999999,0.8926396008934939,0.94,0.9776,0.9745735912397092,0.17333333333333334,0.16497777777777778,0.22979836192712022,0.3691265466665556,480.6420992178255,235.17709379627064,365.42399481047045,37.911853791597814,10.163012201724417,20.679437648030444
11,8,5,3,1,0.8,31,0.94,0.8,0.1399999999999999,0.9792,0.8864000000000001,0.09279999999999988,0.9730285615567484,0.8541816915999213,0.11884686995682714,0.2673566961828829,132.7749073934835,9.832595053952126,0.8533333333333334,0.9205333333333333,0.8967643547838274,0.94,0.9792,0.9779496093392567,0.15333333333333332,0.14239999999999997,0.17824980486882946,0.409210420546102,528.5855062377739,227.8150375533511,377.6089363004031,30.97495956995925,9.330815018444753,17.76013584536404
11,9,5,3,1,0.9,31,0.94,0.8,0.1399999999999999,0.9792,0.8830222222222223,0.0961777777777777,0.9730285615567484,0.8490021331204723,0.12402642843627609,0.2793313853381394,128.42888161940573,9.66319555756844,0.8466666666666667,0.9056,0.8874642242891594,0.94,0.9792,0.9779496093392567,0.15333333333333332,0.12782222222222228,0.176865986787467,0.48655931874590896,507.7396598525351,264.61833316375066,398.4289079075587,36.19314425467431,10.545984355299776,20.07758672926684
11,10,5,3,1,1.0,31,0.94,0.8,0.1399999999999999,0.9792,0.8856888888888889,0.0935111111111111,0.9730285615567484,0.850738510602184,0.12229005095456447,0.2814507240963103,124.71810226269153,9.457329041394205,0.8333333333333334,0.9109333333333334,0.8829905654804595,0.94,0.9824,0.9796278696560565,0.15333333333333332,0.12320000000000009,0.155702311061082,0.41336984036525726,513.1265697638601,277.6971940029388,411.2294598481523,33.596635090970715,9.82633329883031,17.662267950919347
11,11,5,3,1,1.1,31,0.92,0.8,0.12,0.9792,0.8871111111111111,0.09208888888888889,0.9730285615567484,0.8526020327421364,0.12042652881461202,0.28360635914711596,126.50904534724759,9.233637894482877,0.8266666666666667,0.904888888888889,0.8900116746373171,0.94,0.9728,0.9731835173852337,0.16666666666666663,0.1239111111111112,0.17284119606977755,0.33166330981482944,422.2458643774498,240.85641437436306,343.5571612094426,48.20375125086053,9.64921710273873,18.434532877777755
11,12,5,3,1,1.2,31,0.92,0.8,0.12,0.9792,0.8846222222222223,0.09457777777777765,0.9730285615567484,0.8492694788533237,0.12375908270342473,0.28566036203891254,118.29981224761431,9.220003327531149,0.82,0.9061333333333333,0.9000003938864287,0.94,0.9728,0.9698331376569768,0.18000000000000005,0.1379555555555556,0.18565181348086057,0.42567714101239945,442.0934289033445,242.63628212326105,341.79291256191266,27.86880667326725,10.594323227881311,18.780046619413067
11,13,5,3,1,1.3,31,0.92,0.7933333333333333,0.1266666666666667,0.9808,0.8856888888888889,0.09511111111111115,0.9758857044138913,0.8435994545730868,0.1322862498408045,0.292414065555887,118.94212918613239,8.822718594826604,0.86,0.9086222222222222,0.8933100989967268,0.96,0.9856,0.9849855448898928,0.20666666666666667,0.15804444444444443,0.2288869976711274,0.5029713896862602,553.5232766794879,192.63459305713553,359.31304516785985,24.324962195936436,9.03366478586776,16.06051000578852
11,14,5,3,1,1.4,31,0.94,0.8,0.1399999999999999,0.9808,0.8849777777777779,0.09582222222222214,0.9758857044138913,0.842262779968217,0.13362292444567436,0.3001153904168513,120.95412781910287,8.440379115367996,0.8133333333333334,0.912,0.8985832225201182,0.92,0.9776,0.9789248643829289,0.19999999999999996,0.2055111111111111,0.28758463114699573,0.5971310292236797,469.73381748601616,205.51328893251758,344.76378497466044,36.09999610207049,10.441645020342676,20.04863975367794
11,15,5,3,1,1.5,31,0.94,0.8,0.1399999999999999,0.9808,0.8833777777777778,0.09742222222222219,0.9758857044138913,0.8398925854237905,0.1359931189901008,0.3076483138485647,115.22847399186671,8.380810973885037,0.8333333333333334,0.9089777777777779,0.906925288715499,0.92,0.9744,0.9747061669578833,0.16000000000000003,0.1697777777777778,0.23643135033809837,0.3913674923390926,414.7806226893515,143.66415940627303,321.8889164287565,44.18146219686249,11.177002165165238,18.707096687448566
11,16,5,3,1,1.6,31,0.94,0.8,0.1399999999999999,0.9808,0.8785777777777778,0.10222222222222221,0.9758857044138913,0.8348174596929117,0.14106824472097967,0.31890304074558784,110.5819572819053,8.289771775016389,0.8333333333333334,0.9071999999999999,0.9082506974520226,0.94,0.9776,0.9782268147311626,0.19333333333333336,0.2167111111111112,0.27041669729104,0.29567535212833024,432.04229483175476,159.70057353812146,338.2160340699309,28.34197160643702,12.01838305652154,19.082634746749612
11,17,5,3,1,1.7,31,0.94,0.7933333333333333,0.1466666666666666,0.9808,0.8741333333333333,0.10666666666666669,0.9758857044138913,0.8287919435479508,0.1470937608659405,0.3319903799571792,106.94611507565918,8.165245783816175,0.8133333333333334,0.8910222222222222,0.8854854615320498,0.92,0.9696,0.9719735127083389,0.20666666666666667,0.21937777777777778,0.309825618996346,0.360484023339236,451.96464273849136,207.19355101509274,323.94547853543787,26.66905680021456,11.458680774153109,17.99205254032558
11,18,5,3,1,1.8,31,0.94,0.7933333333333333,0.1466666666666666,0.9792,0.8712888888888889,0.10791111111111107,0.9730285615567484,0.833111728624413,0.13991683293233548,0.3432652947744218,104.06377203041191,7.973678048235762,0.82,0.9045333333333333,0.9005739243707018,0.9,0.9680000000000001,0.9706249489973628,0.17333333333333334,0.17884444444444458,0.2498473042595981,0.39467972062990186,440.56151895443526,279.39533241837563,345.3121632416116,33.05290808802042,12.820774773104914,21.69747030180196
11,19,5,3,1,1.9,31,0.94,0.7866666666666666,0.15333333333333332,0.9792,0.8672000000000001,0.11199999999999988,0.9730285615567484,0.8323653687622186,0.14066319279452988,0.34909609638307865,102.01234217574859,7.967228486235931,0.84,0.8988444444444444,0.8816765362830802,0.92,0.976,0.9742291467952647,0.1333333333333333,0.1704888888888889,0.17815530627991372,0.3875596747410233,394.3191464954847,206.29245375686722,321.4090224021881,28.048874637283923,11.03508831351053,18.746012350429847
11,20,5,3,1,2.0,31,0.94,0.8066666666666666,0.1333333333333333,0.9792000000000001,0.8664888888888889,0.1127111111111112,0.9744612029893899,0.8245025780952813,0.1499586248941086,0.3503790810859847,101.04349475294231,8.071696585371896,0.8266666666666667,0.9098666666666667,0.8824229754642249,0.96,0.9776,0.9784903067946547,0.19333333333333336,0.14417777777777796,0.16976067231604097,0.3388351020731428,405.79987580352963,132.71334457838208,275.95596684862494,34.47163501767813,10.069374588073416,19.54505646892122
11,21,5,3,1,2.1,31,0.94,0.8066666666666666,0.1333333333333333,0.9792000000000001,0.8640000000000001,0.11519999999999997,0.9744612029893899,0.8190617804590359,0.155399422530354,0.3518951675014628,98.81162770727036,8.076227834643843,0.84,0.9006222222222222,0.8978732887548591,0.92,0.9648,0.9697826401922511,0.24,0.21439999999999992,0.2946129524619069,0.6593353076707165,366.60974216324763,208.84807650136486,294.84829093066344,33.510469925591266,11.688332579568264,19.11139228117303
11,22,5,3,1,2.2,31,0.94,0.8,0.1399999999999999,0.976,0.8645333333333333,0.11146666666666671,0.9701271370553239,0.8247376759247187,0.14538946113060525,0.35476141330237043,96.46465578222426,7.9026475836352805,0.84,0.8881777777777777,0.888149903753249,0.96,0.9792000000000001,0.9790490369533849,0.19999999999999996,0.21777777777777774,0.3123934588200329,0.5950932649687319,380.2690642769212,188.0991637001823,310.1161456105805,23.600985993910182,9.857988892773925,16.708496557782336
11,23,5,3,1,2.3,31,0.94,0.7933333333333333,0.1466666666666666,0.9776,0.8643555555555557,0.11324444444444437,0.9729842799124668,0.8294192696957261,0.14356501021674073,0.3564880661281826,95.2423559146679,7.8114141648789,0.8133333333333334,0.8835555555555555,0.8841415431696141,0.92,0.9823999999999999,0.9806580595097758,0.19333333333333336,0.23768888888888906,0.311440945865775,0.333829721340662,372.95606740448466,141.6372538227921,261.0615803887393,32.31153941211881,10.324148803540599,19.68218979826232
11,24,5,3,1,2.4,31,0.94,0.7933333333333333,0.1466666666666666,0.9776,0.8647111111111112,0.11288888888888882,0.9729842799124668,0.8315335852382023,0.14145069467426452,0.35699014785554417,94.65727867812994,7.784781267562035,0.8266666666666667,0.9104,0.9014450367432655,0.92,0.9823999999999999,0.981403358655075,0.17333333333333334,0.1624888888888889,0.2384401163956138,0.4055507220574356,355.11569074873023,199.16714483061912,265.22202607083403,33.530833883495085,9.23315324372363,19.625680086315676
11,25,5,3,1,2.5,31,0.94,0.7933333333333333,0.1466666666666666,0.9776,0.8647111111111111,0.11288888888888893,0.9729842799124668,0.8327173242537338,0.14026695565873304,0.35874373101695733,94.7295459840264,7.763770258502407,0.8333333333333334,0.8798222222222223,0.8734049096803254,0.96,0.984,0.9859811414392061,0.17333333333333323,0.15128888888888892,0.20235803667014374,0.5130949174158889,328.2716793466004,152.40068118621377,232.65758835598209,33.876435225178064,9.811219323186775,18.31942796940408
11,26,5,3,1,2.6,31,0.94,0.7933333333333333,0.1466666666666666,0.9776,0.8650666666666667,0.11253333333333337,0.9729842799124668,0.8375356656849922,0.13544861422747467,0.35978800464971283,95.75257908936644,7.67356102788604,0.8133333333333334,0.9160888888888887,0.9193496200427499,0.98,0.9872,0.9880000384423173,0.19999999999999996,0.16391111111111112,0.19144483368657006,0.4620549611263185,324.04260240644584,129.5125922138757,253.7929299902696,29.449825284901273,8.831315893353226,20.09615358644458
11,27,5,3,1,2.7,31,0.94,0.7866666666666666,0.15333333333333332,0.9792000000000001,0.8664888888888889,0.1127111111111112,0.9756509465791335,0.8393797664858986,0.1362711800932349,0.3616197567830418,98.02085729076086,7.569589742770514,0.8,0.8643555555555555,0.8603984476938975,0.96,0.9824,0.9796278696560565,0.22666666666666668,0.14204444444444442,0.16572693179551712,0.44896144423934714,295.46582848130873,112.48908130387424,222.99385558072063,26.359233415225443,8.096230743098143,17.124598774701177
11,28,5,3,1,2.8,31,0.94,0.78,0.15999999999999992,0.9808,0.866311111111111,0.11448888888888897,0.9781509465791335,0.8406784986126505,0.13747244796648295,0.3648802382694566,101.13769808042768,7.484037538422587,0.7866666666666666,0.8928,0.8948384491347926,0.94,0.9856,0.9871018062397374,0.20666666666666667,0.19306666666666672,0.3022299128038868,0.45346082161331464,281.0954960686046,148.66255659711408,207.48928830046344,33.45389195534403,9.691030679309018,17.327873606791435
11,29,5,3,1,2.9,31,0.94,0.7733333333333333,0.16666666666666663,0.9808,0.8643555555555557,0.11644444444444435,0.9781509465791335,0.8391208580395922,0.13903008853954124,0.3689494345194845,103.54685749525677,7.413304810175276,0.78,0.9016888888888889,0.9061754494371235,0.94,0.9712,0.9766553876231296,0.21333333333333337,0.18915555555555563,0.21236872490555814,0.4248471609472707,273.85356088475294,128.71242898280377,203.9618095724638,29.635999146942783,11.86910943012155,19.459896922960485
12,0,5,3,1,0.0,31,0.5,0.5,0.0,0.5,0.5,0.0,0.5,0.5,0.0,0.0,-1.0097419586828951e-28,50.0,0.5,0.5,0.5,0.5,0.5,0.5,0.0,0.0,0.0,1.1102230246251565e-16,0.5,0.0,0.125,50.0,49.99999999999999,50.0
12,1,5,3,1,0.1,31,0.84,0.7666666666666667,0.07333333333333325,0.9344,0.8661333333333333,0.0682666666666667,0.9404859519565403,0.848163110503393,0.09232284145314729,0.11704885812190402,228.38105741405118,23.19621495493452,0.8266666666666667,0.9087999999999999,0.8728284353201582,0.86,0.9408000000000001,0.9480555834029518,0.15333333333333332,0.1333333333333333,0.17560851913636144,0.11070045546116736,217.19912866877945,107.48725760145368,174.61952955244652,34.806947226977044,25.061471348208734,28.14932659760064
12,2,5,3,1,0.2,31,0.88,0.8066666666666666,0.07333333333333336,0.9488000000000001,0.8922666666666667,0.056533333333333435,0.9513585296529239,0.8685758333167728,0.0827826963361511,0.12509523898395275,175.18249314917824,17.29259799480108,0.8733333333333333,0.9185777777777778,0.8938192460321587,0.9,0.96,0.9643351894293072,0.17333333333333334,0.13582222222222218,0.17364667588841454,0.14827238014059702,324.5779387709964,136.7458246617492,236.38881976665112,31.66123212873542,16.778366771440005,21.19248750916202
12,3,5,3,1,0.3,31,0.88,0.8066666666666666,0.07333333333333336,0.9648,0.8981333333333335,0.06666666666666654,0.9649868006606398,0.8766116205431189,0.08837518011752088,0.14051579389435848,145.98951634135295,15.404328543836913,0.8466666666666667,0.9230222222222222,0.8910272960915455,0.9,0.9647999999999999,0.9655064976303367,0.17333333333333334,0.1320888888888888,0.17314064942191476,0.2310137706107211,386.14112704934274,161.37567901199145,283.9332599002847,26.28006060917164,14.516421641107106,18.27169975515062
12,4,5,3,1,0.4,31,0.9,0.8133333333333334,0.08666666666666667,0.9712000000000001,0.8917333333333334,0.07946666666666669,0.9659035310317179,0.8722865664318659,0.09361696459985203,0.18489741895697243,156.10066059701515,13.327616246321597,0.82,0.9066666666666667,0.8904972979170653,0.94,0.9552,0.958835477582846,0.17333333333333323,0.13937777777777782,0.1949664839190849,0.20983806271400518,437.14308853049704,192.81701362123832,312.26358379221506,24.90251786285108,14.771142212074013,18.860674868231836
12,5,5,3,1,0.5,31,0.9,0.82,0.08000000000000007,0.9696,0.8942222222222224,0.07537777777777765,0.9643093281331672,0.8747770010911495,0.08953232704201763,0.1837385832775913,128.23843792865944,12.977071320186983,0.86,0.9152,0.9013006532764389,0.94,0.976,0.9701271370553239,0.14,0.1258666666666668,0.18146632186914402,0.29012353910213223,447.8596434261606,213.62202964591052,347.31894721530205,39.08543217071583,11.742000271753437,21.608703369519297
12,6,5,3,1,0.6,31,0.9,0.82,0.08000000000000007,0.9744,0.8986666666666667,0.07573333333333332,0.9701281952563822,0.8769713839522585,0.09315681130412368,0.20173444796027318,131.01376981894327,11.628934726106454,0.84,0.9079111111111111,0.8974958090362902,0.9,0.9792000000000001,0.9785025039542203,0.1266666666666667,0.13173333333333337,0.23319903515236606,0.3497253626407799,463.23322215247356,209.7431705695049,367.1476024460118,45.58993950020001,11.334113847339587,21.421194334696587
12,7,5,3,1,0.7,31,0.94,0.8133333333333334,0.1266666666666666,0.9808,0.8967111111111111,0.08408888888888888,0.9758857044138913,0.8731112141568141,0.10277449025707719,0.22268819345745533,129.09856402549678,10.80975391995792,0.8333333333333334,0.9148444444444445,0.9028024200857963,0.92,0.9743999999999999,0.9718159960177124,0.15333333333333332,0.138488888888889,0.1805794896349413,0.36676387198716015,488.4864633938813,266.7691800091394,412.2542470457488,34.49669719057096,10.756680330014998,18.784380760769537
12,8,5,3,1,0.8,31,0.94,0.8,0.1399999999999999,0.9792,0.8864000000000001,0.09279999999999988,0.9730285615567484,0.8541816915999213,0.11884686995682714,0.2673566961828829,132.7749073934835,9.832595053952126,0.8466666666666667,0.9150222222222222,0.8858750546883893,0.94,0.9808,0.9783051183333052,0.20000000000000007,0.1432888888888889,0.2090813371475907,0.45766026613980426,504.42383077959454,290.4267633320876,385.1996675343081,45.74201515453687,8.986084070400164,20.873123426808775
12,9,5,3,1,0.9,31,0.94,0.8,0.1399999999999999,0.9792,0.8830222222222223,0.0961777777777777,0.9730285615567484,0.8490021331204723,0.12402642843627609,0.2793313853381394,128.42888161940573,9.66319555756844,0.84,0.9111111111111112,0.8814324162161526,0.94,0.9743999999999999,0.9747168507185671,0.17333333333333334,0.16551111111111105,0.2260459628894521,0.39294135617478587,466.2246871165721,282.05211243933843,379.5454727715231,30.25370901105259,11.752063866890538,19.379620284296955
12,10,5,3,1,1.0,31,0.94,0.8,0.1399999999999999,0.9792,0.8856888888888889,0.0935111111111111,0.9730285615567484,0.850738510602184,0.12229005095456447,0.2814507240963103,124.71810226269153,9.457329041394205,0.8466666666666667,0.9082666666666667,0.880862275929495,0.94,0.9760000000000001,0.975266850718567,0.15999999999999992,0.17066666666666674,0.25057802768192317,0.2884964558219546,468.1296126488942,326.0503113553502,392.939076093711,27.508206853495835,11.506994766818817,15.694122746296793
12,11,5,3,1,1.1,31,0.92,0.8,0.12,0.9792,0.8871111111111111,0.09208888888888889,0.9730285615567484,0.8526020327421364,0.12042652881461202,0.28360635914711596,126.50904534724759,9.233637894482877,0.8666666666666667,0.9285333333333333,0.9193536692891464,0.92,0.9728,0.9679003564285433,0.16000000000000003,0.15217777777777775,0.21260077541592814,0.37456208962830934,459.5986072817088,306.21341355496884,369.2861348336885,31.893857079635836,12.794528972538735,18.3169966467289
12,12,5,3,1,1.2,31,0.92,0.8,0.12,0.9792,0.8846222222222223,0.09457777777777765,0.9730285615567484,0.8492694788533237,0.12375908270342473,0.28566036203891254,118.29981224761431,9.220003327531149,0.8333333333333334,0.9112888888888889,0.8901079366941873,0.92,0.976,0.9729606738888609,0.16000000000000003,0.1511111111111112,0.21458879129988817,0.5576061822614229,468.7578198269418,232.338822964432,364.77968913507897,25.466263362026588,10.117913006746859,16.150113284603943
12,13,5,3,1,1.3,31,0.92,0.7933333333333333,0.1266666666666667,0.9808,0.8856888888888889,0.09511111111111115,0.9758857044138913,0.8435994545730868,0.1322862498408045,0.292414065555887,118.94212918613239,8.822718594826604,0.8266666666666667,0.9061333333333333,0.8798678981926737,0.9,0.9728,0.9717944726884679,0.16666666666666663,0.15537777777777784,0.21440903371458997,0.401783037568389,483.8898428811656,290.54774689632757,373.3139013849034,35.31578896666265,12.916850183481118,20.197571484834658
12,14,5,3,1,1.4,31,0.94,0.8,0.1399999999999999,0.9808,0.8849777777777779,0.09582222222222214,0.9758857044138913,0.842262779968217,0.13362292444567436,0.3001153904168513,120.95412781910287,8.440379115367996,0.82,0.9031111111111111,0.8910252882950579,0.92,0.9728,0.9739119100706058,0.20666666666666667,0.22275555555555548,0.2801136687351481,0.3490336840732914,419.964192974906,130.88016343796886,316.6769191384863,46.4986229876603,11.199465843623107,21.25428634904341
12,15,5,3,1,1.5,31,0.94,0.8,0.1399999999999999,0.9808,0.8833777777777778,0.09742222222222219,0.9758857044138913,0.8398925854237905,0.1359931189901008,0.3076483138485647,115.22847399186671,8.380810973885037,0.8266666666666667,0.8830222222222223,0.8770585996896058,0.94,0.9792000000000001,0.9779384946945588,0.17333333333333334,0.184888888888889,0.25606327129341566,0.42368320315360325,541.9734414822236,186.1268281125278,361.11251960728725,31.17893423022786,10.28331901826903,19.03294752439944
12,16,5,3,1,1.6,31,0.94,0.8,0.1399999999999999,0.9808,0.8785777777777778,0.10222222222222221,0.9758857044138913,0.8348174596929117,0.14106824472097967,0.31890304074558784,110.5819572819053,8.289771775016389,0.82,0.9011555555555555,0.8872312012771554,0.92,0.976,0.9769725327812285,0.22666666666666668,0.1658666666666666,0.22374225425885275,0.410593919126056,425.6081539603608,201.43846361292276,322.80559938058855,34.99887410964518,10.693463806286843,19.665190876879162
12,17,5,3,1,1.7,31,0.94,0.7933333333333333,0.1466666666666666,0.9808,0.8741333333333333,0.10666666666666669,0.9758857044138913,0.8287919435479508,0.1470937608659405,0.3319903799571792,106.94611507565918,8.165245783816175,0.8133333333333334,0.8810666666666667,0.8750221669538655,0.92,0.9744,0.9738993293510457,0.19333333333333336,0.16942222222222225,0.26958133583211297,0.3577150856738057,447.14398811580463,204.0727527522555,320.27728406694195,36.96165719887287,11.589938327192929,18.058565118973384
12,18,5,3,1,1.8,31,0.94,0.7933333333333333,0.1466666666666666,0.9792,0.8712888888888889,0.10791111111111107,0.9730285615567484,0.833111728624413,0.13991683293233548,0.3432652947744218,104.06377203041191,7.973678048235762,0.82,0.893688888888889,0.8765570524839195,0.92,0.9696,0.9692363733102124,0.21999999999999997,0.1976888888888888,0.2621711573265517,0.31105771047813935,443.7248163609908,214.45146789178546,316.62535132773826,24.752072527673448,12.025646451750376,19.448354627376215
12,19,5,3,1,1.9,31,0.94,0.7866666666666666,0.15333333333333332,0.9792,0.8672000000000001,0.11199999999999988,0.9730285615567484,0.8323653687622186,0.14066319279452988,0.34909609638307865,102.01234217574859,7.967228486235931,0.8466666666666667,0.8913777777777777,0.8835553527451563,0.92,0.9696,0.9741153899240856,0.18000000000000005,0.17759999999999998,0.2703472243027427,0.7563695311212819,456.18260451672575,159.51889626971877,310.856863433885,26.248668907038617,11.917604711092242,18.434545576567473
12,20,5,3,1,2.0,31,0.94,0.8066666666666666,0.1333333333333333,0.9792000000000001,0.8664888888888889,0.1127111111111112,0.9744612029893899,0.8245025780952813,0.1499586248941086,0.3503790810859847,101.04349475294231,8.071696585371896,0.8,0.8903111111111112,0.8787236620620609,0.92,0.9727999999999999,0.9737698810215973,0.16000000000000003,0.19377777777777783,0.27814963142659255,0.3185025185952586,386.9716562750891,97.40606047250925,271.826293967782,26.341797701979985,12.859037993651055,19.135121253751215
12,21,5,3,1,2.1,31,0.94,0.8066666666666666,0.1333333333333333,0.9792000000000001,0.8640000000000001,0.11519999999999997,0.9744612029893899,0.8190617804590359,0.155399422530354,0.3518951675014628,98.81162770727036,8.076227834643843,0.82,0.8924444444444445,0.8839594450260507,0.92,0.9504,0.9578858472817762,0.22000000000000008,0.1850666666666667,0.2833106251469816,0.5966244825375484,410.8438997491099,237.43655343668357,332.99847548802376,27.944826182126814,13.459382881101536,19.699085504617415
12,22,5,3,1,2.2,31,0.94,0.8,0.1399999999999999,0.976,0.8645333333333333,0.11146666666666671,0.9701271370553239,0.8247376759247187,0.14538946113060525,0.35476141330237043,96.46465578222426,7.9026475836352805,0.8333333333333334,0.9098666666666667,0.9055207526052774,0.92,0.9664,0.9732272721938626,0.16000000000000003,0.18737777777777787,0.2828086874427612,0.2802585315430661,373.0434325998376,148.33059320376577,264.21596735922566,28.87099336342779,12.09704257519164,18.375193842238687
12,23,5,3,1,2.3,31,0.94,0.7933333333333333,0.1466666666666666,0.9776,0.8643555555555557,0.11324444444444437,0.9729842799124668,0.8294192696957261,0.14356501021674073,0.3564880661281826,95.2423559146679,7.8114141648789,0.8066666666666666,0.8705777777777778,0.8566466472332472,0.9,0.9776,0.9741176132458002,0.22666666666666668,0.20302222222222222,0.30255069870646023,0.3976523433875324,375.18631025898424,127.16825461692324,238.1077663834506,34.56822772863009,8.764962627901628,19.86082782747093
12,24,5,3,1,2.4,31,0.94,0.7933333333333333,0.1466666666666666,0.9776,0.8647111111111112,0.11288888888888882,0.9729842799124668,0.8315335852382023,0.14145069467426452,0.35699014785554417,94.65727867812994,7.784781267562035,0.8,0.8906666666666667,0.8938094825167353,0.92,0.976,0.9753842162782115,0.21333333333333337,0.17653333333333332,0.25463416204558287,0.5525756721802992,386.0059343394947,166.83449877203674,250.7686725121558,42.84319847651891,10.507081492573823,20.810240514285248
12,25,5,3,1,2.5,31,0.94,0.7933333333333333,0.1466666666666666,0.9776,0.8647111111111111,0.11288888888888893,0.9729842799124668,0.8327173242537338,0.14026695565873304,0.35874373101695733,94.7295459840264,7.763770258502407,0.8133333333333334,0.9082666666666667,0.8923956677178548,0.94,0.9743999999999999,0.9747168507185671,0.21999999999999997,0.1889777777777778,0.27237109455919617,0.4100854764389693,378.6267659581024,136.32200310194762,271.4254012129979,34.44274556720731,10.250871699437162,20.391276141602567
12,26,5,3,1,2.6,31,0.94,0.7933333333333333,0.1466666666666666,0.9776,0.8650666666666667,0.11253333333333337,0.9729842799124668,0.8375356656849922,0.13544861422747467,0.35978800464971283,95.75257908936644,7.67356102788604,0.7933333333333333,0.8839111111111111,0.8833180961537986,0.94,0.9808000000000001,0.9826799171842651,0.21999999999999997,0.1631999999999999,0.1760905934783097,0.3410027877161538,298.22660390658945,118.48667828048046,216.56169948206224,28.269551251353978,11.765630244090184,17.78717210526255
12,27,5,3,1,2.7,31,0.94,0.7866666666666666,0.15333333333333332,0.9792000000000001,0.8664888888888889,0.1127111111111112,0.9756509465791335,0.8393797664858986,0.1362711800932349,0.3616197567830418,98.02085729076086,7.569589742770514,0.7933333333333333,0.8846222222222222,0.88090539281268,0.94,0.9808,0.9795985737459423,0.19333333333333336,0.15342222222222213,0.1980941906059277,0.4779622846775097,367.80672785768917,179.4214864982275,265.6817719033446,40.13537856292457,8.397720073305505,20.690521307926854
12,28,5,3,1,2.8,31,0.94,0.78,0.15999999999999992,0.9808,0.866311111111111,0.11448888888888897,0.9781509465791335,0.8406784986126505,0.13747244796648295,0.3648802382694566,101.13769808042768,7.484037538422587,0.7866666666666666,0.8767999999999999,0.8763954524683633,0.94,0.96,0.9606990427996435,0.19999999999999996,0.17671111111111115,0.2428345924942047,0.6001799660789121,307.1967206862269,137.5312435241762,231.80490989405286,33.88868367811652,9.969559503624,19.086710337129777
12,29,5,3,1,2.9,31,0.94,0.7733333333333333,0.16666666666666663,0.9808,0.8643555555555557,0.11644444444444435,0.9781509465791335,0.8391208580395922,0.13903008853954124,0.3689494345194845,103.54685749525677,7.413304810175276,0.8,0.882311111111111,0.8741981582522829,0.94,0.9792,0.9788043101939575,0.18000000000000005,0.1617777777777778,0.20399625734607618,0.35808859607209376,349.56393325519673,147.13093883140382,228.02155751351074,33.9487353908625,10.371113983846103,17.67754920814413
13,0,5,3,1,0.0,31,0.5,0.5,0.0,0.5,0.5,0.0,0.5,0.5,0.0,0.0,-1.0097419586828951e-28,50.0,0.5,0.5,0.5,0.5,0.5,0.5,0.0,0.0,0.0,1.1102230246251565e-16,0.5,0.0,0.1,50.0,49.99999999999999,50.0
13,1,5,3,1,0.1,31,0.84,0.7666666666666667,0.07333333333333325,0.9344,0.8661333333333333,0.0682666666666667,0.9404859519565403,0.848163110503393,0.09232284145314729,0.11704885812190402,228.38105741405118,23.19621495493452,0.7866666666666666,0.8666666666666667,0.848389540432256,0.86,0.9312,0.9388242155448039,0.15333333333333332,0.1598222222222221,0.18529303743490144,0.09468172378484008,322.41190985246544,108.52631406204863,183.19067169863084,38.28812542421866,24.4639960098524,30.068263506266835
13,2,5,3,1,0.2,31,0.88,0.8066666666666666,0.07333333333333336,0.9488000000000001,0.8922666666666667,0.056533333333333435,0.9513585296529239,0.8685758333167728,0.0827826963361511,0.12509523898395275,175.18249314917824,17.29259799480108,0.82,0.8808888888888889,0.8673049442670544,0.86,0.9488,0.9552956289897467,0.16666666666666674,0.14560000000000006,0.1743579520532771,0.11414488176398135,352.87733323406565,170.67709900357784,231.5973957660245,26.593721152834817,18.883362830709103,21.618778216228804
13,3,5,3,1,0.3,31,0.88,0.8066666666666666,0.07333333333333336,0.9648,0.8981333333333335,0.06666666666666654,0.9649868006606398,0.8766116205431189,0.08837518011752088,0.14051579389435848,145.98951634135295,15.404328543836913,0.86,0.9175111111111112,0.8927783004663583,0.92,0.976,0.975203215175629,0.17333333333333334,0.12444444444444436,0.1585373811423988,0.19011966999603114,319.19915610756277,186.92103737962935,246.02705254141415,26.999366467362393,13.337067006144924,19.104542899641622
13,4,5,3,1,0.4,31,0.9,0.8133333333333334,0.08666666666666667,0.9712000000000001,0.8917333333333334,0.07946666666666669,0.9659035310317179,0.8722865664318659,0.09361696459985203,0.18489741895697243,156.10066059701515,13.327616246321597,0.8333333333333334,0.9143111111111111,0.8975216154697248,0.92,0.9696,0.9728310856978459,0.17999999999999994,0.1333333333333332,0.19573242664186108,0.14514412811160854,390.09770671398405,159.98221056194893,300.8898297822583,28.902993933479927,13.748069275828644,20.37426051648321
13,5,5,3,1,0.5,31,0.9,0.82,0.08000000000000007,0.9696,0.8942222222222224,0.07537777777777765,0.9643093281331672,0.8747770010911495,0.08953232704201763,0.1837385832775913,128.23843792865944,12.977071320186983,0.82,0.9025777777777778,0.8956625583226991,0.94,0.9663999999999999,0.9648827518109387,0.16666666666666663,0.17884444444444458,0.18994051537565193,0.34249138355920256,474.7624259419986,193.2213586035425,340.87903921458246,48.934146766537665,11.59896227658049,22.679796695727397
13,6,5,3,1,0.6,31,0.9,0.82,0.08000000000000007,0.9744,0.8986666666666667,0.07573333333333332,0.9701281952563822,0.8769713839522585,0.09315681130412368,0.20173444796027318,131.01376981894327,11.628934726106454,0.84,0.9096888888888889,0.8935651031791759,0.92,0.9695999999999999,0.9689169398451267,0.16666666666666663,0.15875555555555554,0.1872653375188872,0.22920011865275347,507.7854149160328,227.18162880796567,394.89696621430693,39.9083062240674,12.664250121096412,20.652763844887417
13,7,5,3,1,0.7,31,0.94,0.8133333333333334,0.1266666666666666,0.9808,0.8967111111111111,0.08408888888888888,0.9758857044138913,0.8731112141568141,0.10277449025707719,0.22268819345745533,129.09856402549678,10.80975391995792,0.8266666666666667,0.9159111111111111,0.8879787206000426,0.92,0.9743999999999999,0.975786269924201,0.16666666666666674,0.1571555555555555,0.2042534964398771,0.32708752265787766,498.7043723264542,281.7718572829202,396.14023415720965,30.01246644254971,11.796980402447225,17.84663532107202
13,8,5,3,1,0.8,31,0.94,0.8,0.1399999999999999,0.9792,0.8864000000000001,0.09279999999999988,0.9730285615567484,0.8541816915999213,0.11884686995682714,0.2673566961828829,132.7749073934835,9.832595053952126,0.8466666666666667,0.9160888888888888,0.8817122986034274,0.9,0.968,0.971348578600295,0.1333333333333333,0.14435555555555557,0.19927399368465404,0.46036068130486185,498.40034588570745,272.1415712698139,380.0818172867628,40.39735478581102,11.712549184845237,20.06268181847746
13,9,5,3,1,0.9,31,0.94,0.8,0.1399999999999999,0.9792,0.8830222222222223,0.0961777777777777,0.9730285615567484,0.8490021331204723,0.12402642843627609,0.2793313853381394,128.42888161940573,9.66319555756844,0.8333333333333334,0.9148444444444443,0.8927313957874006,0.96,0.9792000000000001,0.980940170940171,0.21333333333333326,0.1374222222222221,0.19518336009283577,0.37108586140945216,510.9958997059057,285.564135677545,393.2914326231511,46.65275022534939,10.846889060777634,18.970882446710043
13,10,5,3,1,1.0,31,0.94,0.8,0.1399999999999999,0.9792,0.8856888888888889,0.0935111111111111,0.9730285615567484,0.850738510602184,0.12229005095456447,0.2814507240963103,124.71810226269153,9.457329041394205,0.8333333333333334,0.9088,0.8857205984298803,0.94,0.9808,0.980052400614813,0.22666666666666668,0.18097777777777768,0.24651591137047135,0.438250754718281,505.8741339211035,286.2104189848686,390.17582724241265,52.82177716778898,9.103503480251891,20.664645640713502
13,11,5,3,1,1.1,31,0.92,0.8,0.12,0.9792,0.8871111111111111,0.09208888888888889,0.9730285615567484,0.8526020327421364,0.12042652881461202,0.28360635914711596,126.50904534724759,9.233637894482877,0.8533333333333334,0.9084444444444445,0.8876450798370669,0.94,0.9807999999999999,0.9813942413408681,0.17333333333333334,0.15928888888888892,0.24528093287339536,0.4001635426492547,495.5824550772669,278.44041701764746,397.15151700185015,39.62679091904104,10.78453862497486,20.303781098288994
13,12,5,3,1,1.2,31,0.92,0.8,0.12,0.9792,0.8846222222222223,0.09457777777777765,0.9730285615567484,0.8492694788533237,0.12375908270342473,0.28566036203891254,118.29981224761431,9.220003327531149,0.8133333333333334,0.8990222222222222,0.8859289580190384,0.94,0.9663999999999999,0.9689259253908865,0.16666666666666674,0.14808888888888883,0.21883589180027274,0.3561244002555029,498.5197546468637,238.96520673433275,356.186472198808,30.720338814287498,12.804442129206308,17.511035608367475
13,13,5,3,1,1.3,31,0.92,0.7933333333333333,0.1266666666666667,0.9808,0.8856888888888889,0.09511111111111115,0.9758857044138913,0.8435994545730868,0.1322862498408045,0.292414065555887,118.94212918613239,8.822718594826604,0.8333333333333334,0.9276444444444444,0.909335208000994,0.94,0.9792000000000001,0.9782771071288234,0.18666666666666665,0.15608888888888883,0.20323523459255255,0.4077057946762753,455.311857090853,249.7884908860863,345.3437242982338,38.989506023258095,10.184659295900083,18.1888603024702
13,14,5,3,1,1.4,31,0.94,0.8,0.1399999999999999,0.9808,0.8849777777777779,0.09582222222222214,0.9758857044138913,0.842262779968217,0.13362292444567436,0.3001153904168513,120.95412781910287,8.440379115367996,0.8,0.8832,0.8772680822196441,0.92,0.9776,0.9768001840519003,0.19333333333333336,0.20604444444444425,0.28665464996254597,0.5817305258664489,459.58796625661057,248.986857523399,335.0746212951455,30.95760638999108,11.937309811041356,18.631064703560973
13,15,5,3,1,1.5,31,0.94,0.8,0.1399999999999999,0.9808,0.8833777777777778,0.09742222222222219,0.9758857044138913,0.8398925854237905,0.1359931189901008,0.3076483138485647,115.22847399186671,8.380810973885037,0.8333333333333334,0.9032888888888889,0.8915530498899551,0.92,0.9792,0.9796397320820109,0.20000000000000007,0.18880000000000008,0.2392115265499417,0.5348458371744149,433.0626360984278,235.39506026367297,341.507063124918,28.97836449696407,10.479130914448461,16.998399202560527
13,16,5,3,1,1.6,31,0.94,0.8,0.1399999999999999,0.9808,0.8785777777777778,0.10222222222222221,0.9758857044138913,0.8348174596929117,0.14106824472097967,0.31890304074558784,110.5819572819053,8.289771775016389,0.8333333333333334,0.9045333333333333,0.8875093448119356,0.94,0.9616,0.965355143304534,0.19333333333333325,0.2021333333333334,0.2790889762782788,0.5898769756263226,461.01707183692645,230.28211270637422,334.05555709569,30.989433949189497,12.629404099632279,18.307399740694333
13,17,5,3,1,1.7,31,0.94,0.7933333333333333,0.1466666666666666,0.9808,0.8741333333333333,0.10666666666666669,0.9758857044138913,0.8287919435479508,0.1470937608659405,0.3319903799571792,106.94611507565918,8.165245783816175,0.8066666666666666,0.8977777777777778,0.8921860896787646,0.96,0.976,0.9701271370553239,0.19333333333333325,0.19875555555555546,0.2531234399401292,0.7412231793355866,423.7895906453399,264.61057671969775,330.16051119473445,40.36917650157612,10.550076339427742,19.92260167457507
13,18,5,3,1,1.8,31,0.94,0.7933333333333333,0.1466666666666666,0.9792,0.8712888888888889,0.10791111111111107,0.9730285615567484,0.833111728624413,0.13991683293233548,0.3432652947744218,104.06377203041191,7.973678048235762,0.8333333333333334,0.9036444444444445,0.8961163873128226,0.94,0.9712,0.9689930664235449,0.19999999999999996,0.1870222222222222,0.19134028107636314,0.6567465085135712,429.04544536145363,189.4681977158379,308.91328176892546,32.1347440954334,11.009302314425192,19.410504315144205
13,19,5,3,1,1.9,31,0.94,0.7866666666666666,0.15333333333333332,0.9792,0.8672000000000001,0.11199999999999988,0.9730285615567484,0.8323653687622186,0.14066319279452988,0.34909609638307865,102.01234217574859,7.967228486235931,0.8,0.9022222222222221,0.8866213275037024,0.92,0.9712000000000001,0.9689107430581114,0.21333333333333337,0.1850666666666665,0.2454269566924262,0.356004126279107,399.8664727944145,165.7398869032299,314.7562213761535,28.74015061537369,10.40999081918311,16.295257095408584
13,20,5,3,1,2.0,31,0.94,0.8066666666666666,0.1333333333333333,0.9792000000000001,0.8664888888888889,0.1127111111111112,0.9744612029893899,0.8245025780952813,0.1499586248941086,0.3503790810859847,101.04349475294231,8.071696585371896,0.8066666666666666,0.8970666666666667,0.8791445667115865,0.92,0.9776,0.9776548849066012,0.18000000000000005,0.18399999999999983,0.2556648755362184,0.3108126164197329,434.4243001750946,165.43243526980467,319.2243219260209,32.72586213943054,9.821198595405619,18.026028483904522
13,21,5,3,1,2.1,31,0.94,0.8066666666666666,0.1333333333333333,0.9792000000000001,0.8640000000000001,0.11519999999999997,0.9744612029893899,0.8190617804590359,0.155399422530354,0.3518951675014628,98.81162770727036,8.076227834643843,0.86,0.9228444444444445,0.9107189448343824,0.92,0.9776,0.976206892962957,0.20666666666666667,0.17795555555555564,0.251265354585556,0.7161028713927711,407.6051449356286,225.61864844795866,316.62599877149785,36.350456603710924,10.003029119357057,19.16528186811425
13,22,5,3,1,2.2,31,0.94,0.8,0.1399999999999999,0.976,0.8645333333333333,0.11146666666666671,0.9701271370553239,0.8247376759247187,0.14538946113060525,0.35476141330237043,96.46465578222426,7.9026475836352805,0.8133333333333334,0.8872888888888888,0.8903524045530267,0.92,0.9583999999999999,0.9665949992036948,0.18666666666666676,0.1359999999999999,0.15028656544323704,0.380321962981573,400.9485837447394,107.26427127211042,271.1473517118152,28.52505771074967,14.25077338268019,19.728743973067342
13,23,5,3,1,2.3,31,0.94,0.7933333333333333,0.1466666666666666,0.9776,0.8643555555555557,0.11324444444444437,0.9729842799124668,0.8294192696957261,0.14356501021674073,0.3564880661281826,95.2423559146679,7.8114141648789,0.8133333333333334,0.8732444444444445,0.8751167096145023,0.94,0.9744,0.9735166202726844,0.18000000000000005,0.16391111111111112,0.2674347439357099,0.329454485682813,366.18758449035306,115.42585815899997,257.1664875134987,34.49378209741561,11.209223585586363,18.68195224676055
13,24,5,3,1,2.4,31,0.94,0.7933333333333333,0.1466666666666666,0.9776,0.8647111111111112,0.11288888888888882,0.9729842799124668,0.8315335852382023,0.14145069467426452,0.35699014785554417,94.65727867812994,7.784781267562035,0.8266666666666667,0.9148444444444445,0.9149818024021181,0.94,0.9712000000000001,0.9722830238814895,0.18666666666666665,0.1758222222222221,0.200596597193484,0.4097411188080304,302.0557573582522,164.1693225161044,240.83818359753923,23.893685494742474,9.885791914163791,17.839862297463988
13,25,5,3,1,2.5,31,0.94,0.7933333333333333,0.1466666666666666,0.9776,0.8647111111111111,0.11288888888888893,0.9729842799124668,0.8327173242537338,0.14026695565873304,0.35874373101695733,94.7295459840264,7.763770258502407,0.8066666666666666,0.8908444444444444,0.8872921745486964,0.96,0.9935999999999999,0.9934557413600893,0.19999999999999996,0.20248888888888883,0.2879597406287441,0.5028533655944236,368.6729967563989,180.0376850810435,276.0682416229445,35.32015188920978,7.9313561858952175,21.365161485446748
13,26,5,3,1,2.6,31,0.94,0.7933333333333333,0.1466666666666666,0.9776,0.8650666666666667,0.11253333333333337,0.9729842799124668,0.8375356656849922,0.13544861422747467,0.35978800464971283,95.75257908936644,7.67356102788604,0.82,0.8865777777777778,0.8869292818900051,0.92,0.9792,0.9782758224231909,0.21999999999999997,0.1744000000000001,0.196577267762034,0.5261669156038017,372.0572779967125,159.60425470777543,251.61124995320893,43.418247624312805,11.289467574103911,19.314577401712203
13,27,5,3,1,2.7,31,0.94,0.7866666666666666,0.15333333333333332,0.9792000000000001,0.8664888888888889,0.1127111111111112,0.9756509465791335,0.8393797664858986,0.1362711800932349,0.3616197567830418,98.02085729076086,7.569589742770514,0.7933333333333333,0.8933333333333333,0.8738818074489207,0.92,0.968,0.9724553224553225,0.21999999999999997,0.2088888888888889,0.21484407194781796,0.25615808978494436,315.46055389300614,140.19874181445988,258.7239151372088,27.720372809651224,13.302504682818332,20.30674210858506
13,28,5,3,1,2.8,31,0.94,0.78,0.15999999999999992,0.9808,0.866311111111111,0.11448888888888897,0.9781509465791335,0.8406784986126505,0.13747244796648295,0.3648802382694566,101.13769808042768,7.484037538422587,0.8,0.8940444444444444,0.8633490088934022,0.92,0.9872,0.9880000384423173,0.21333333333333337,0.15128888888888892,0.19350392002008343,0.37334430022860055,291.58148852919174,96.30522065497266,215.66501688994373,28.624043059333278,8.67269435818943,17.547404620318616
13,29,5,3,1,2.9,31,0.94,0.7733333333333333,0.16666666666666663,0.9808,0.8643555555555557,0.11644444444444435,0.9781509465791335,0.8391208580395922,0.13903008853954124,0.3689494345194845,103.54685749525677,7.413304810175276,0.7866666666666666,0.8741333333333333,0.8749758845660687,0.94,0.9743999999999999,0.9753097748195556,0.19333333333333336,0.1736888888888889,0.1919872465596486,0.38630510348723374,370.2281781599453,91.53100524715971,227.32773578097277,32.63802561994246,10.95965386048395,20.4111499551018
14,0,5,3,1,0.0,31,0.5,0.5,0.0,0.5,0.5,0.0,0.5,0.5,0.0,0.0,-1.0097419586828951e-28,50.0,0.5,0.5,0.5,0.5,0.5,0.5,0.0,0.0,0.0,0.0,0.5,0.0,0.025,50.00000000000001,50.0,50.0
14,1,5,3,1,0.1,31,0.84,0.7666666666666667,0.07333333333333325,0.9344,0.8661333333333333,0.0682666666666667,0.9404859519565403,0.848163110503393,0.09232284145314729,0.11704885812190402,228.38105741405118,23.19621495493452,0.8133333333333334,0.8864,0.8371770462100938,0.82,0.9232,0.9297881664087547,0.17333333333333334,0.14737777777777772,0.1860924487526987,0.13272125319939254,251.92795158620117,126.73089758216395,189.04428125154342,34.648189488212964,25.893358709097477,29.24656832055701
14,2,5,3,1,0.2,31,0.88,0.8066666666666666,0.07333333333333336,0.9488000000000001,0.8922666666666667,0.056533333333333435,0.9513585296529239,0.8685758333167728,0.0827826963361511,0.12509523898395275,175.18249314917824,17.29259799480108,0.8466666666666667,0.9175111111111112,0.9082305414951913,0.9,0.9520000000000001,0.9572099505459847,0.18000000000000005,0.14311111111111108,0.1732303786621736,0.17087630901050427,332.56728292119834,158.5463934732861,228.81889276215998,27.14879441346951,17.81333041552172,21.90038556254989
14,3,5,3,1,0.3,31,0.88,0.8066666666666666,0.07333333333333336,0.9648,0.8981333333333335,0.06666666666666654,0.9649868006606398,0.8766116205431189,0.08837518011752088,0.14051579389435848,145.98951634135295,15.404328543836913,0.8533333333333334,0.9184,0.9008959939992455,0.88,0.9696,0.9718931216931217,0.1266666666666666,0.12640000000000007,0.1842656348053111,0.16781975142273287,373.96726898565544,138.25756690090935,245.09768512885134,29.682657846834722,14.394080762538,18.92584288619441
14,4,5,3,1,0.4,31,0.9,0.8133333333333334,0.08666666666666667,0.9712000000000001,0.8917333333333334,0.07946666666666669,0.9659035310317179,0.8722865664318659,0.09361696459985203,0.18489741895697243,156.10066059701515,13.327616246321597,0.8533333333333334,0.912,0.9012169209456187,0.92,0.9712000000000001,0.9732984532708672,0.13333333333333341,0.1498666666666666,0.1709282429246518,0.2857010172731355,436.2955957418897,230.04525138209334,325.2557843748986,44.550253278192585,11.333798661587988,19.528737034790847
14,5,5,3,1,0.5,31,0.9,0.82,0.08000000000000007,0.9696,0.8942222222222224,0.07537777777777765,0.9643093281331672,0.8747770010911495,0.08953232704201763,0.1837385832775913,128.23843792865944,12.977071320186983,0.8466666666666667,0.9232,0.9144611217818212,0.9,0.9776,0.9769894047981005,0.15333333333333332,0.13244444444444448,0.16619891226242078,0.39245992902797355,456.9725554660472,218.59297471402493,350.1008908353889,47.48737259953985,12.518718170890365,19.896141345128708
14,6,5,3,1,0.6,31,0.9,0.82,0.08000000000000007,0.9744,0.8986666666666667,0.07573333333333332,0.9701281952563822,0.8769713839522585,0.09315681130412368,0.20173444796027318,131.01376981894327,11.628934726106454,0.86,0.9123555555555555,0.8928363597894854,0.92,0.9712,0.9713314690254642,0.16000000000000003,0.1676444444444446,0.23237316846379563,0.3740327489061652,483.4219656168216,239.52000196929626,374.4418963143394,32.79544088611122,10.007724941743527,19.40958876604077
14,7,5,3,1,0.7,31,0.94,0.8133333333333334,0.1266666666666666,0.9808,0.8967111111111111,0.08408888888888888,0.9758857044138913,0.8731112141568141,0.10277449025707719,0.22268819345745533,129.09856402549678,10.80975391995792,0.84,0.9128888888888889,0.9098484132186351,0.9,0.9728000000000001,0.9692805762087631,0.19333333333333336,0.1763555555555556,0.23913796458953174,0.26790113804010923,457.6345115042883,262.3182214970732,365.1812559421665,35.40263705226712,13.23015456678995,19.14402414498341
14,8,5,3,1,0.8,31,0.94,0.8,0.1399999999999999,0.9792,0.8864000000000001,0.09279999999999988,0.9730285615567484,0.8541816915999213,0.11884686995682714,0.2673566961828829,132.7749073934835,9.832595053952126,0.8266666666666667,0.9141333333333334,0.8964117362871766,0.94,0.9776,0.9760536002009688,0.17333333333333334,0.16604444444444455,0.23636631893931304,0.30146351728499454,479.8100039837898,262.3591718180969,373.8963576925301,31.636244834917935,10.126817386790606,17.418888743664294
14,9,5,3,1,0.9,31,0.94,0.8,0.1399999999999999,0.9792,0.8830222222222223,0.0961777777777777,0.9730285615567484,0.8490021331204723,0.12402642843627609,0.2793313853381394,128.42888161940573,9.66319555756844,0.8466666666666667,0.904888888888889,0.9038537965292941,0.92,0.9728,0.9722540596781898,0.16000000000000003,0.12746666666666673,0.1933990850999957,0.44519192890485004,485.27457521762494,251.91406890436528,385.6175138150661,31.030043634981425,10.811456489142866,17.62206144744228
14,10,5,3,1,1.0,31,0.94,0.8,0.1399999999999999,0.9792,0.8856888888888889,0.0935111111111111,0.9730285615567484,0.850738510602184,0.12229005095456447,0.2814507240963103,124.71810226269153,9.457329041394205,0.8666666666666667,0.9253333333333333,0.9103488350275073,0.92,0.9760000000000001,0.976121551573268,0.16666666666666663,0.1512888888888888,0.21434813024025823,0.262158073747331,493.3422863999978,247.93270476286318,378.70054181981226,32.036257172703856,10.995547360146691,17.212905175257962
14,11,5,3,1,1.1,31,0.92,0.8,0.12,0.9792,0.8871111111111111,0.09208888888888889,0.9730285615567484,0.8526020327421364,0.12042652881461202,0.28360635914711596,126.50904534724759,9.233637894482877,0.8066666666666666,0.8963555555555556,0.8743108950889565,0.92,0.9792,0.9793762400185189,0.16000000000000003,0.13439999999999996,0.1610806164270362,0.4387049426026195,510.45445331687955,279.02488101734576,386.38286932455156,32.78298391700014,10.171814826804892,17.74939732064865
14,12,5,3,1,1.2,31,0.92,0.8,0.12,0.9792,0.8846222222222223,0.09457777777777765,0.9730285615567484,0.8492694788533237,0.12375908270342473,0.28566036203891254,118.29981224761431,9.220003327531149,0.84,0.9144888888888889,0.9058372288902046,0.98,0.9823999999999999,0.978552371080558,0.19333333333333336,0.12071111111111099,0.1574367746627937,0.4930955956596448,482.37180449087026,179.5684161289152,359.45989508223903,29.4558453320238,9.951467835793785,16.82457740492619
14,13,5,3,1,1.3,31,0.92,0.7933333333333333,0.1266666666666667,0.9808,0.8856888888888889,0.09511111111111115,0.9758857044138913,0.8435994545730868,0.1322862498408045,0.292414065555887,118.94212918613239,8.822718594826604,0.82,0.9022222222222223,0.8823575488744686,0.94,0.9776,0.9745735912397092,0.18000000000000005,0.13315555555555558,0.19119624277888791,0.531286519557713,436.23050557825457,263.5319650639584,372.5673899338168,26.478900732683336,8.867733113886779,16.83821640259727
14,14,5,3,1,1.4,31,0.94,0.8,0.1399999999999999,0.9808,0.8849777777777779,0.09582222222222214,0.9758857044138913,0.842262779968217,0.13362292444567436,0.3001153904168513,120.95412781910287,8.440379115367996,0.82,0.8869333333333332,0.884573641987607,0.92,0.9632000000000001,0.9617246695333652,0.19333333333333336,0.1459555555555555,0.19234216710798413,0.4514762121940918,465.3355653097459,277.8821909821713,373.0881305543202,35.78547456782465,13.61185373040263,19.4080903353403
14,15,5,3,1,1.5,31,0.94,0.8,0.1399999999999999,0.9808,0.8833777777777778,0.09742222222222219,0.9758857044138913,0.8398925854237905,0.1359931189901008,0.3076483138485647,115.22847399186671,8.380810973885037,0.84,0.9068444444444445,0.9083305993201247,0.92,0.976,0.9790340855964981,0.15333333333333332,0.17262222222222212,0.2540677022251505,0.5040993525848599,460.0350330890512,172.204806851647,348.27921773107823,40.44909917952138,11.30160555969309,20.81903878270561
14,16,5,3,1,1.6,31,0.94,0.8,0.1399999999999999,0.9808,0.8785777777777778,0.10222222222222221,0.9758857044138913,0.8348174596929117,0.14106824472097967,0.31890304074558784,110.5819572819053,8.289771775016389,0.7866666666666666,0.9125333333333333,0.9067021608095448,0.94,0.9616,0.9664895732534847,0.20000000000000007,0.1731555555555555,0.26547254902159056,0.5900162262824882,450.22399178054536,178.09914486100232,331.18040486220315,28.920906971439948,11.43191168428821,18.865583396636094
14,17,5,3,1,1.7,31,0.94,0.7933333333333333,0.1466666666666666,0.9808,0.8741333333333333,0.10666666666666669,0.9758857044138913,0.8287919435479508,0.1470937608659405,0.3319903799571792,106.94611507565918,8.165245783816175,0.8533333333333334,0.9239111111111111,0.9095911641600466,0.9,0.968,0.9718230211817169,0.19333333333333336,0.20071111111111095,0.2347863319179111,0.3351138541953928,403.8862403047457,204.67137557168644,328.1013377951941,31.37415827727964,13.863407699174982,20.311890231892615
14,18,5,3,1,1.8,31,0.94,0.7933333333333333,0.1466666666666666,0.9792,0.8712888888888889,0.10791111111111107,0.9730285615567484,0.833111728624413,0.13991683293233548,0.3432652947744218,104.06377203041191,7.973678048235762,0.8466666666666667,0.9018666666666666,0.8987871082435895,0.96,0.9776,0.9759241659523528,0.22666666666666668,0.2128,0.2828251839059207,0.35685740833615337,349.133219812829,185.24437097922453,286.4639695236725,30.42480942596367,9.68120648220728,19.974781099042154
14,19,5,3,1,1.9,31,0.94,0.7866666666666666,0.15333333333333332,0.9792,0.8672000000000001,0.11199999999999988,0.9730285615567484,0.8323653687622186,0.14066319279452988,0.34909609638307865,102.01234217574859,7.967228486235931,0.8266666666666667,0.9089777777777778,0.910071723109872,0.94,0.9728,0.9699691319309021,0.16666666666666663,0.18186666666666662,0.28466177785149616,0.19443866683762553,423.02230512498664,147.09810981244868,285.61038518711973,35.00606258883906,11.736555671520389,19.801437477293767
14,20,5,3,1,2.0,31,0.94,0.8066666666666666,0.1333333333333333,0.9792000000000001,0.8664888888888889,0.1127111111111112,0.9744612029893899,0.8245025780952813,0.1499586248941086,0.3503790810859847,101.04349475294231,8.071696585371896,0.8333333333333334,0.9073777777777778,0.8846485625155089,0.94,0.9696,0.9720297720689461,0.18666666666666665,0.19644444444444442,0.29107784187001173,0.40330109809566805,418.24815692926194,128.2076312823023,297.8579465412643,45.857924967249296,11.871531515683397,19.91340842467554
14,21,5,3,1,2.1,31,0.94,0.8066666666666666,0.1333333333333333,0.9792000000000001,0.8640000000000001,0.11519999999999997,0.9744612029893899,0.8190617804590359,0.155399422530354,0.3518951675014628,98.81162770727036,8.076227834643843,0.84,0.9146666666666667,0.905861265590381,0.92,0.9744,0.9719472428754298,0.2333333333333334,0.16088888888888875,0.2527636615528631,0.3162580967057805,434.388642902529,155.36995583803278,284.9047866627434,24.441682363939222,10.508559894911693,17.442919393112458
14,22,5,3,1,2.2,31,0.94,0.8,0.1399999999999999,0.976,0.8645333333333333,0.11146666666666671,0.9701271370553239,0.8247376759247187,0.14538946113060525,0.35476141330237043,96.46465578222426,7.9026475836352805,0.8266666666666667,0.9011555555555556,0.8940185981849289,0.94,0.9808,0.9803810855810857,0.19333333333333336,0.16728888888888904,0.2520482620220097,0.3177833339156545,373.06598170596317,185.8331276075735,295.8703462673618,27.990173609999204,11.55961551623737,18.84676323499693
14,23,5,3,1,2.3,31,0.94,0.7933333333333333,0.1466666666666666,0.9776,0.8643555555555557,0.11324444444444437,0.9729842799124668,0.8294192696957261,0.14356501021674073,0.3564880661281826,95.2423559146679,7.8114141648789,0.8333333333333334,0.8901333333333333,0.8880245009125826,0.94,0.976,0.971825546434242,0.19333333333333336,0.20639999999999992,0.2904533149800598,0.48115534027180856,356.3508125083962,141.5958755123157,271.2204845673015,23.164620016959333,10.218251809333125,16.522743482793345
14,24,5,3,1,2.4,31,0.94,0.7933333333333333,0.1466666666666666,0.9776,0.8647111111111112,0.11288888888888882,0.9729842799124668,0.8315335852382023,0.14145069467426452,0.35699014785554417,94.65727867812994,7.784781267562035,0.82,0.8865777777777778,0.8824551190262565,0.94,0.984,0.9847365079365079,0.19999999999999996,0.17457777777777783,0.2088828044705504,0.39709235981158764,376.0678990807761,137.1495464756735,267.5010570861779,35.2082272589153,9.771765738963751,19.219277677698308
14,25,5,3,1,2.5,31,0.94,0.7933333333333333,0.1466666666666666,0.9776,0.8647111111111111,0.11288888888888893,0.9729842799124668,0.8327173242537338,0.14026695565873304,0.35874373101695733,94.7295459840264,7.763770258502407,0.82,0.9098666666666667,0.9062128717122451,0.92,0.9696,0.968803767280529,0.22666666666666668,0.1843555555555555,0.2014631631851581,0.32216991823230456,386.5844799837007,211.66443096534894,281.70538996248166,31.14975448394818,12.31984375167103,21.13680783641234
14,26,5,3,1,2.6,31,0.94,0.7933333333333333,0.1466666666666666,0.9776,0.8650666666666667,0.11253333333333337,0.9729842799124668,0.8375356656849922,0.13544861422747467,0.35978800464971283,95.75257908936644,7.67356102788604,0.8,0.8755555555555555,0.8632168806197786,0.96,0.9728,0.9702804100891058,0.20666666666666667,0.1596444444444446,0.18013351522769494,0.47850181598925473,351.58466934017633,166.74152609662997,240.95377394537473,26.622177737326183,10.254344102722598,16.872976933066113
14,27,5,3,1,2.7,31,0.94,0.7866666666666666,0.15333333333333332,0.9792000000000001,0.8664888888888889,0.1127111111111112,0.9756509465791335,0.8393797664858986,0.1362711800932349,0.3616197567830418,98.02085729076086,7.569589742770514,0.8133333333333334,0.8903111111111112,0.8948655039757618,0.94,0.96,0.9716826286846509,0.18000000000000005,0.19111111111111112,0.23848888530238788,0.4090891630566889,344.7067067903379,142.89878980626514,235.50882524696786,34.1873097811458,12.483174483146817,19.400053595803833
14,28,5,3,1,2.8,31,0.94,0.78,0.15999999999999992,0.9808,0.866311111111111,0.11448888888888897,0.9781509465791335,0.8406784986126505,0.13747244796648295,0.3648802382694566,101.13769808042768,7.484037538422587,0.78,0.8741333333333334,0.8732338449473332,0.92,0.984,0.981052371080558,0.19333333333333336,0.17226666666666668,0.20764948738458577,0.4053266429509532,310.92785330674474,101.48859127002076,226.15723115631437,31.45792730790952,11.37348269403421,18.427414811742974
14,29,5,3,1,2.9,31,0.94,0.7733333333333333,0.16666666666666663,0.9808,0.8643555555555557,0.11644444444444435,0.9781509465791335,0.8391208580395922,0.13903008853954124,0.3689494345194845,103.54685749525677,7.413304810175276,0.82,0.8858666666666667,0.8825440321089153,0.94,0.9823999999999999,0.9869714285714286,0.22666666666666668,0.1651555555555556,0.16903356370888656,0.3836782119505837,310.13813557567175,112.81819490409896,222.35603813065254,33.393490814789935,10.242029212258203,18.909912794811696
15,0,5,3,1,0.0,31,0.5,0.5,0.0,0.5,0.5,0.0,0.5,0.5,0.0,0.0,-1.0097419586828951e-28,50.0,0.5,0.5,0.5,0.5,0.5,0.5,0.0,0.0,0.0,0.0,0.5,0.0,0.05,50.0,50.0,50.0
15,1,5,3,1,0.1,31,0.84,0.7666666666666667,0.07333333333333325,0.9344,0.8661333333333333,0.0682666666666667,0.9404859519565403,0.848163110503393,0.09232284145314729,0.11704885812190402,228.38105741405118,23.19621495493452,0.7666666666666667,0.8714666666666667,0.8677809414322194,0.82,0.9279999999999999,0.9358273249711041,0.14,0.15697777777777777,0.17729816820943745,0.16910862526340964,238.2551938773298,123.76546118589607,176.61632475698514,54.445584201879896,24.412667674958804,31.10964689303295
15,2,5,3,1,0.2,31,0.88,0.8066666666666666,0.07333333333333336,0.9488000000000001,0.8922666666666667,0.056533333333333435,0.9513585296529239,0.8685758333167728,0.0827826963361511,0.12509523898395275,175.18249314917824,17.29259799480108,0.8666666666666667,0.9237333333333333,0.9033592688034762,0.88,0.9583999999999999,0.9629273316558096,0.16666666666666663,0.12568888888888885,0.18290288220257822,0.18821087269480735,371.94754685203424,145.65882979222175,244.4385018566671,30.79104087177431,17.86912325278899,20.788304568319184
15,3,5,3,1,0.3,31,0.88,0.8066666666666666,0.07333333333333336,0.9648,0.8981333333333335,0.06666666666666654,0.9649868006606398,0.8766116205431189,0.08837518011752088,0.14051579389435848,145.98951634135295,15.404328543836913,0.8266666666666667,0.9208888888888889,0.9034832388199467,0.92,0.96,0.9602699896938287,0.17999999999999994,0.14417777777777785,0.19042147043363167,0.23089738882099936,326.078360746813,170.4319566202056,244.96889526026544,30.163622698765828,14.938218373303494,19.584657856150066
15,4,5,3,1,0.4,31,0.9,0.8133333333333334,0.08666666666666667,0.9712000000000001,0.8917333333333334,0.07946666666666669,0.9659035310317179,0.8722865664318659,0.09361696459985203,0.18489741895697243,156.10066059701515,13.327616246321597,0.82,0.9091555555555555,0.9024924245636465,0.92,0.9743999999999999,0.9712006590244981,0.17999999999999994,0.16302222222222218,0.23266005359497588,0.24795558846558172,455.5794016193124,167.62917582584194,297.1337812451129,41.96475407253786,11.820107546721355,19.619173056299097
15,5,5,3,1,0.5,31,0.9,0.82,0.08000000000000007,0.9696,0.8942222222222224,0.07537777777777765,0.9643093281331672,0.8747770010911495,0.08953232704201763,0.1837385832775913,128.23843792865944,12.977071320186983,0.8533333333333334,0.9223111111111111,0.910466672705277,0.92,0.9728000000000001,0.9750487815255433,0.15333333333333332,0.1392000000000001,0.18124047355523065,0.19791948403234982,461.74827018418944,193.06355140241558,335.5679481819931,29.06064519441734,12.329400967551473,17.768907062420492
15,6,5,3,1,0.6,31,0.9,0.82,0.08000000000000007,0.9744,0.8986666666666667,0.07573333333333332,0.9701281952563822,0.8769713839522585,0.09315681130412368,0.20173444796027318,131.01376981894327,11.628934726106454,0.84,0.9032888888888888,0.8866140734070787,0.92,0.9648,0.9634101310455885,0.19333333333333336,0.1457777777777779,0.22098810752520337,0.3349329917610313,469.3552330661528,281.29216435302163,376.20315589174186,43.72475024723812,11.752257901457469,21.031566094939233
15,7,5,3,1,0.7,31,0.94,0.8133333333333334,0.1266666666666666,0.9808,0.8967111111111111,0.08408888888888888,0.9758857044138913,0.8731112141568141,0.10277449025707719,0.22268819345745533,129.09856402549678,10.80975391995792,0.8466666666666667,0.9210666666666666,0.9078646318097148,0.92,0.976,0.9716615285897156,0.15333333333333332,0.14222222222222214,0.19217868978583763,0.3807911079546634,457.39659126446367,282.64895575061325,372.78591732567367,40.58313810542957,10.334701610666823,22.678077673683525
15,8,5,3,1,0.8,31,0.94,0.8,0.1399999999999999,0.9792,0.8864000000000001,0.09279999999999988,0.9730285615567484,0.8541816915999213,0.11884686995682714,0.2673566961828829,132.7749073934835,9.832595053952126,0.8466666666666667,0.9098666666666666,0.8875914120528281,0.94,0.9824,0.9826045925089404,0.16000000000000003,0.14471111111111112,0.2261269627634125,0.28785012695344103,526.3491848073851,263.154423670919,428.7772919856934,22.985270136598892,9.731510371965683,16.037141919335703
15,9,5,3,1,0.9,31,0.94,0.8,0.1399999999999999,0.9792,0.8830222222222223,0.0961777777777777,0.9730285615567484,0.8490021331204723,0.12402642843627609,0.2793313853381394,128.42888161940573,9.66319555756844,0.8266666666666667,0.9155555555555557,0.9084852413450952,0.94,0.9792000000000001,0.9769535434303052,0.16666666666666663,0.18328888888888895,0.23651113432377624,0.3344007746335973,485.1258310982031,260.4202256324817,369.4843785777503,31.72382818928988,10.242163312419521,17.877794799849756
15,10,5,3,1,1.0,31,0.94,0.8,0.1399999999999999,0.9792,0.8856888888888889,0.0935111111111111,0.9730285615567484,0.850738510602184,0.12229005095456447,0.2814507240963103,124.71810226269153,9.457329041394205,0.8466666666666667,0.9264,0.9115032446553388,0.92,0.9728,0.9691506114023277,0.14666666666666672,0.13955555555555554,0.21462119955227987,0.3462691597607075,517.8502830577752,230.5495677651303,390.5140988611254,24.062869875238057,10.826726127732911,16.670560144248356
15,11,5,3,1,1.1,31,0.92,0.8,0.12,0.9792,0.8871111111111111,0.09208888888888889,0.9730285615567484,0.8526020327421364,0.12042652881461202,0.28360635914711596,126.50904534724759,9.233637894482877,0.8333333333333334,0.9166222222222223,0.9001073199901225,0.94,0.9680000000000001,0.9686313686313688,0.18666666666666665,0.15751111111111116,0.22866072432400486,0.5359447416871965,497.8633630287981,218.02916370576,357.8042491644451,34.27380186449708,11.128441481667856,17.899349977123336
15,12,5,3,1,1.2,31,0.92,0.8,0.12,0.9792,0.8846222222222223,0.09457777777777765,0.9730285615567484,0.8492694788533237,0.12375908270342473,0.28566036203891254,118.29981224761431,9.220003327531149,0.8466666666666667,0.9132444444444444,0.8914160580312482,0.92,0.9743999999999999,0.9724559604138553,0.14,0.1173333333333334,0.1984475213446013,0.3778506325463258,461.829293857777,262.8138913628899,358.00248098830826,32.65624409135153,9.169081917635175,17.54508894114566
15,13,5,3,1,1.3,31,0.92,0.7933333333333333,0.1266666666666667,0.9808,0.8856888888888889,0.09511111111111115,0.9758857044138913,0.8435994545730868,0.1322862498408045,0.292414065555887,118.94212918613239,8.822718594826604,0.8066666666666666,0.9153777777777777,0.9080281108644537,0.94,0.9792,0.9790135642135642,0.18666666666666665,0.18719999999999992,0.2857641837838729,0.46207881324076583,454.9700173127676,202.1049790089101,351.3659006245597,31.15519650363212,11.028955090915876,18.799250153525733
15,14,5,3,1,1.4,31,0.94,0.8,0.1399999999999999,0.9808,0.8849777777777779,0.09582222222222214,0.9758857044138913,0.842262779968217,0.13362292444567436,0.3001153904168513,120.95412781910287,8.440379115367996,0.8133333333333334,0.9009777777777778,0.8951623448662136,0.96,0.9792000000000001,0.9766176132458002,0.17333333333333334,0.1784888888888887,0.253064933579633,0.4638525634069238,462.0115064786394,277.8188573041205,375.34176138442956,37.31285018875809,8.915483749254417,16.756479462157653
15,15,5,3,1,1.5,31,0.94,0.8,0.1399999999999999,0.9808,0.8833777777777778,0.09742222222222219,0.9758857044138913,0.8398925854237905,0.1359931189901008,0.3076483138485647,115.22847399186671,8.380810973885037,0.8333333333333334,0.9139555555555556,0.9137114409148833,0.94,0.9808,0.9758857044138913,0.17333333333333334,0.17991111111111113,0.26806141544943607,0.36954157631649565,479.6248132923152,151.17171579105099,338.7255678838304,28.431903552899364,8.898259017922893,18.266832356883917
15,16,5,3,1,1.6,31,0.94,0.8,0.1399999999999999,0.9808,0.8785777777777778,0.10222222222222221,0.9758857044138913,0.8348174596929117,0.14106824472097967,0.31890304074558784,110.5819572819053,8.289771775016389,0.82,0.8997333333333333,0.8861639051254756,0.94,0.9808,0.9795985737459423,0.19333333333333336,0.21191111111111116,0.29867450071316026,0.4040143100977964,437.8524632967794,254.2248354545894,349.79628068306147,33.45466476871429,9.476892092707107,17.592287463214127
15,17,5,3,1,1.7,31,0.94,0.7933333333333333,0.1466666666666666,0.9808,0.8741333333333333,0.10666666666666669,0.9758857044138913,0.8287919435479508,0.1470937608659405,0.3319903799571792,106.94611507565918,8.165245783816175,0.82,0.9235555555555556,0.9129580322429292,0.94,0.9776,0.9759241659523528,0.16666666666666674,0.21066666666666667,0.23984895111379634,0.4648757834162479,467.63539035015833,251.1873119816625,353.4902790680752,35.646783721621674,9.820784400825833,20.728709665907495
15,18,5,3,1,1.8,31,0.94,0.7933333333333333,0.1466666666666666,0.9792,0.8712888888888889,0.10791111111111107,0.9730285615567484,0.833111728624413,0.13991683293233548,0.3432652947744218,104.06377203041191,7.973678048235762,0.8266666666666667,0.8926222222222222,0.8739467680980296,0.92,0.9728,0.9728891994478951,0.17333333333333334,0.17564444444444438,0.26878011703520255,0.3532906882781244,424.8385524021694,203.1695309375686,337.86500903163443,30.869246986458705,11.17601225211226,20.008934383013052
15,19,5,3,1,1.9,31,0.94,0.7866666666666666,0.15333333333333332,0.9792,0.8672000000000001,0.11199999999999988,0.9730285615567484,0.8323653687622186,0.14066319279452988,0.34909609638307865,102.01234217574859,7.967228486235931,0.84,0.9150222222222222,0.8917828403079742,0.92,0.984,0.9850991837414627,0.21999999999999997,0.18275555555555556,0.24499889534593233,0.23723735433737936,396.96331288606245,205.93650405594624,311.65741095668614,30.243040735877766,10.324929980850891,18.927342192932674
15,20,5,3,1,2.0,31,0.94,0.8066666666666666,0.1333333333333333,0.9792000000000001,0.8664888888888889,0.1127111111111112,0.9744612029893899,0.8245025780952813,0.1499586248941086,0.3503790810859847,101.04349475294231,8.071696585371896,0.8466666666666667,0.9118222222222222,0.8976915172708166,0.92,0.9728,0.9714303923243874,0.26,0.21048888888888895,0.24662800393077633,0.29708838857911307,426.956282545871,165.1298639448966,307.78290098442255,32.711408396892125,10.880721349947056,19.888464585466178
15,21,5,3,1,2.1,31,0.94,0.8066666666666666,0.1333333333333333,0.9792000000000001,0.8640000000000001,0.11519999999999997,0.9744612029893899,0.8190617804590359,0.155399422530354,0.3518951675014628,98.81162770727036,8.076227834643843,0.78,0.8751999999999999,0.8614420346279539,0.92,0.968,0.9647679273383931,0.18000000000000005,0.2074666666666668,0.24479895086950432,0.35812355566282034,464.53791567812556,168.55750595055304,311.234277676745,33.78652887330066,10.691405304236065,20.034955996332013
15,22,5,3,1,2.2,31,0.94,0.8,0.1399999999999999,0.976,0.8645333333333333,0.11146666666666671,0.9701271370553239,0.8247376759247187,0.14538946113060525,0.35476141330237043,96.46465578222426,7.9026475836352805,0.8,0.8926222222222222,0.8838219825006898,0.92,0.976,0.9785640330683809,0.13333333333333341,0.17404444444444434,0.26441076141770126,0.43312539632278035,393.01881161034464,218.72826974946886,291.2820883873336,30.586700705598947,10.537852443243978,17.75400961173482
15,23,5,3,1,2.3,31,0.94,0.7933333333333333,0.1466666666666666,0.9776,0.8643555555555557,0.11324444444444437,0.9729842799124668,0.8294192696957261,0.14356501021674073,0.3564880661281826,95.2423559146679,7.8114141648789,0.8266666666666667,0.8940444444444444,0.884979982426332,0.9,0.9743999999999999,0.9753804728227518,0.14666666666666672,0.2188444444444444,0.3048459317544935,0.2630004012383603,400.46920888529166,172.22347276255093,307.3941959519244,32.575224208283664,13.043422898453588,19.097649843912375
15,24,5,3,1,2.4,31,0.94,0.7933333333333333,0.1466666666666666,0.9776,0.8647111111111112,0.11288888888888882,0.9729842799124668,0.8315335852382023,0.14145069467426452,0.35699014785554417,94.65727867812994,7.784781267562035,0.82,0.9214222222222223,0.925862965394372,0.92,0.9743999999999999,0.9767298450341929,0.16666666666666674,0.1233777777777777,0.1812160659538954,0.2969884992194977,366.61125428380143,108.01254857161805,254.74864855896675,27.22552228094295,12.884812613522865,18.52870080260103
15,25,5,3,1,2.5,31,0.94,0.7933333333333333,0.1466666666666666,0.9776,0.8647111111111111,0.11288888888888893,0.9729842799124668,0.8327173242537338,0.14026695565873304,0.35874373101695733,94.7295459840264,7.763770258502407,0.8266666666666667,0.8910222222222223,0.8838060790217916,0.92,0.9744,0.9732706942180627,0.22666666666666668,0.2113777777777779,0.27149697826271424,0.3988264865331252,366.0693882941613,147.38236741046907,272.82304739826384,27.842330703551056,9.991984580503091,17.458955634680873
15,26,5,3,1,2.6,31,0.94,0.7933333333333333,0.1466666666666666,0.9776,0.8650666666666667,0.11253333333333337,0.9729842799124668,0.8375356656849922,0.13544861422747467,0.35978800464971283,95.75257908936644,7.67356102788604,0.8333333333333334,0.8858666666666667,0.8906682851654776,0.92,0.9632000000000001,0.9621180267142796,0.22000000000000008,0.1537777777777778,0.18258401911015543,0.34990849433336124,381.1208199391168,164.49055886505826,268.5499647040189,28.68571255991112,13.822132970153168,18.587701780535074
15,27,5,3,1,2.7,31,0.94,0.7866666666666666,0.15333333333333332,0.9792000000000001,0.8664888888888889,0.1127111111111112,0.9756509465791335,0.8393797664858986,0.1362711800932349,0.3616197567830418,98.02085729076086,7.569589742770514,0.8133333333333334,0.8935111111111111,0.8705989941754889,0.92,0.9696,0.9679711193573708,0.22666666666666668,0.20853333333333324,0.23091151295107226,0.5833828667968362,381.1712908503879,197.54049180849532,281.889160108602,28.344152589880228,11.812160146924635,19.73799849732476
15,28,5,3,1,2.8,31,0.94,0.78,0.15999999999999992,0.9808,0.866311111111111,0.11448888888888897,0.9781509465791335,0.8406784986126505,0.13747244796648295,0.3648802382694566,101.13769808042768,7.484037538422587,0.78,0.8839111111111111,0.8838020350953132,0.92,0.9744,0.9749725327812284,0.17333333333333334,0.16853333333333342,0.2025038603875613,0.39302679484472525,294.79281464374435,129.91143498424702,212.78116596366516,38.81674136898444,11.133333573419714,20.3092304459694
15,29,5,3,1,2.9,31,0.94,0.7733333333333333,0.16666666666666663,0.9808,0.8643555555555557,0.11644444444444435,0.9781509465791335,0.8391208580395922,0.13903008853954124,0.3689494345194845,103.54685749525677,7.413304810175276,0.82,0.8853333333333334,0.8810015570242102,0.94,0.9728,0.9732558745602224,0.17333333333333334,0.16337777777777784,0.18487672797431254,0.33410294182309735,357.497179832345,134.42968334181958,215.57813335890495,27.637115209274192,10.65090673981233,17.773366994702684
16,0,5,3,1,0.0,31,0.5,0.5,0.0,0.5,0.5,0.0,0.5,0.5,0.0,0.0,-1.0097419586828951e-28,50.0,0.5,0.5,0.5,0.5,0.5,0.5,0.0,0.0,0.0,0.0,0.5,0.0,0.1,50.0,50.0,50.0
16,1,5,3,1,0.1,31,0.84,0.7666666666666667,0.07333333333333325,0.9344,0.8661333333333333,0.0682666666666667,0.9404859519565403,0.848163110503393,0.09232284145314729,0.11704885812190402,228.38105741405118,23.19621495493452,0.86,0.9312,0.9137533050374732,0.82,0.944,0.9550924114688492,0.12,0.14933333333333332,0.19194893852015937,0.14895458705876496,229.82474377897097,117.3481634958333,168.33765249031933,45.35540872676908,26.981740130894792,31.191790756405464
16,2,5,3,1,0.2,31,0.88,0.8066666666666666,0.07333333333333336,0.9488000000000001,0.8922666666666667,0.056533333333333435,0.9513585296529239,0.8685758333167728,0.0827826963361511,0.12509523898395275,175.18249314917824,17.29259799480108,0.8466666666666667,0.9178666666666668,0.8935683208316015,0.9,0.96,0.9621098257600076,0.16666666666666674,0.14613333333333334,0.1828872175809848,0.1386829547637991,320.2825837992492,116.65237497040293,201.19956302563452,36.879643219350804,17.620511850154184,22.204705302678807
16,3,5,3,1,0.3,31,0.88,0.8066666666666666,0.07333333333333336,0.9648,0.8981333333333335,0.06666666666666654,0.9649868006606398,0.8766116205431189,0.08837518011752088,0.14051579389435848,145.98951634135295,15.404328543836913,0.84,0.917688888888889,0.8984323601705635,0.94,0.9728,0.9704593055254235,0.1466666666666666,0.12213333333333343,0.1796674837825838,0.1555673086384049,374.5465464596205,173.69713788742675,275.70807989697465,34.28716930135543,13.555608246228754,18.97335603378083
16,4,5,3,1,0.4,31,0.9,0.8133333333333334,0.08666666666666667,0.9712000000000001,0.8917333333333334,0.07946666666666669,0.9659035310317179,0.8722865664318659,0.09361696459985203,0.18489741895697243,156.10066059701515,13.327616246321597,0.8466666666666667,0.9169777777777779,0.8917791401853155,0.92,0.9728,0.9729496947496948,0.15333333333333332,0.11626666666666674,0.21493646408499945,0.1956177928072828,390.2990128017968,219.7029034060843,287.89270472416007,31.8088278407122,13.160700329018479,19.85924700071939
16,5,5,3,1,0.5,31,0.9,0.82,0.08000000000000007,0.9696,0.8942222222222224,0.07537777777777765,0.9643093281331672,0.8747770010911495,0.08953232704201763,0.1837385832775913,128.23843792865944,12.977071320186983,0.84,0.899911111111111,0.8890185550904682,0.9,0.9696,0.9664414568739915,0.18000000000000005,0.1704888888888889,0.1781425430571043,0.20534665949361086,456.7518404600265,212.91628514877624,343.1209980175446,42.645456481328935,13.761254189999892,21.891738561651657
16,6,5,3,1,0.6,31,0.9,0.82,0.08000000000000007,0.9744,0.8986666666666667,0.07573333333333332,0.9701281952563822,0.8769713839522585,0.09315681130412368,0.20173444796027318,131.01376981894327,11.628934726106454,0.84,0.9159111111111111,0.9017124457000787,0.92,0.9728000000000001,0.9757366122133739,0.17333333333333334,0.138488888888889,0.19218167579505718,0.27070234931897896,457.5605814604104,251.32284061453743,361.3537996618187,57.56638484283017,11.982185290877608,19.389636187090737
16,7,5,3,1,0.7,31,0.94,0.8133333333333334,0.1266666666666666,0.9808,0.8967111111111111,0.08408888888888888,0.9758857044138913,0.8731112141568141,0.10277449025707719,0.22268819345745533,129.09856402549678,10.80975391995792,0.8266666666666667,0.9070222222222223,0.8946761789230311,0.94,0.9776,0.9772709768606243,0.16666666666666663,0.1438222222222223,0.20497379218693412,0.620470307497792,497.32047664167067,262.0438353700413,373.55200554590624,36.89435297748422,11.103456986549247,18.465467352602108
16,8,5,3,1,0.8,31,0.94,0.8,0.1399999999999999,0.9792,0.8864000000000001,0.09279999999999988,0.9730285615567484,0.8541816915999213,0.11884686995682714,0.2673566961828829,132.7749073934835,9.832595053952126,0.82,0.9112888888888889,0.8910273433747935,0.96,0.9776,0.9755966681627861,0.19999999999999996,0.18133333333333324,0.22586463182165772,0.3789887700878744,568.4200891905566,261.1907568102546,387.9844674371642,47.029327855378426,10.612105810622516,19.716273927995037
16,9,5,3,1,0.9,31,0.94,0.8,0.1399999999999999,0.9792,0.8830222222222223,0.0961777777777777,0.9730285615567484,0.8490021331204723,0.12402642843627609,0.2793313853381394,128.42888161940573,9.66319555756844,0.8133333333333334,0.8958222222222223,0.8703529874727418,0.94,0.9712000000000001,0.9703719532541478,0.19333333333333336,0.18471111111111116,0.26950677707023485,0.40752315217342305,470.7579516243983,264.93195234809144,389.3772379199753,36.67142794445637,10.644205468238834,19.46097135705977
16,10,5,3,1,1.0,31,0.94,0.8,0.1399999999999999,0.9792,0.8856888888888889,0.0935111111111111,0.9730285615567484,0.850738510602184,0.12229005095456447,0.2814507240963103,124.71810226269153,9.457329041394205,0.84,0.9112888888888889,0.903725820875501,0.94,0.976,0.975312246701894,0.16666666666666674,0.17884444444444436,0.2197863252978811,0.4625246504264233,495.66029501166565,295.7081544008764,383.7866071235802,27.748364485490242,8.692880612119554,17.529589047905045
16,11,5,3,1,1.1,31,0.92,0.8,0.12,0.9792,0.8871111111111111,0.09208888888888889,0.9730285615567484,0.8526020327421364,0.12042652881461202,0.28360635914711596,126.50904534724759,9.233637894482877,0.82,0.9000888888888888,0.8890354914937539,0.94,0.9855999999999999,0.9834053122570285,0.14666666666666672,0.15466666666666673,0.19524862186305125,0.3153950103615892,498.45196435989004,246.57031596011606,370.6470548131151,35.37411193768076,10.912569750618664,17.982315677755313
16,12,5,3,1,1.2,31,0.92,0.8,0.12,0.9792,0.8846222222222223,0.09457777777777765,0.9730285615567484,0.8492694788533237,0.12375908270342473,0.28566036203891254,118.29981224761431,9.220003327531149,0.8266666666666667,0.9194666666666667,0.9101343213934714,0.94,0.9712,0.9689576587663544,0.16666666666666663,0.16817777777777765,0.25412160211481083,0.369332852986691,463.20748772618737,159.2055883859282,340.38716044102637,33.61422471179899,10.888477251388743,21.059825179633194
16,13,5,3,1,1.3,31,0.92,0.7933333333333333,0.1266666666666667,0.9808,0.8856888888888889,0.09511111111111115,0.9758857044138913,0.8435994545730868,0.1322862498408045,0.292414065555887,118.94212918613239,8.822718594826604,0.82,0.8945777777777778,0.8829378193705221,0.94,0.9776,0.9741176132458002,0.19333333333333336,0.1704888888888888,0.20390041772449008,0.3309648486890808,487.5864525439994,265.93449786057664,370.43731991576954,32.239575836645514,9.82294388326654,19.641156239346394
16,14,5,3,1,1.4,31,0.94,0.8,0.1399999999999999,0.9808,0.8849777777777779,0.09582222222222214,0.9758857044138913,0.842262779968217,0.13362292444567436,0.3001153904168513,120.95412781910287,8.440379115367996,0.8333333333333334,0.9201777777777778,0.8940524851565086,0.96,0.9744,0.967050213978401,0.21333333333333337,0.16408888888888884,0.18167584590084662,0.5907953853783731,515.4069406479082,250.8625338067527,365.8294233624559,38.08084899052474,11.131786376637276,21.965702549253553
16,15,5,3,1,1.5,31,0.94,0.8,0.1399999999999999,0.9808,0.8833777777777778,0.09742222222222219,0.9758857044138913,0.8398925854237905,0.1359931189901008,0.3076483138485647,115.22847399186671,8.380810973885037,0.8333333333333334,0.9112888888888889,0.8815184142697907,0.92,0.9744,0.9753627705627705,0.14666666666666672,0.19768888888888891,0.2829552802441153,0.31169177094245,448.7996063601072,191.36504052103464,331.2341941771264,40.32343181099181,10.992256950299693,19.639976369694466
16,16,5,3,1,1.6,31,0.94,0.8,0.1399999999999999,0.9808,0.8785777777777778,0.10222222222222221,0.9758857044138913,0.8348174596929117,0.14106824472097967,0.31890304074558784,110.5819572819053,8.289771775016389,0.8133333333333334,0.9068444444444446,0.9008684466184917,0.92,0.976,0.9783710819334943,0.21333333333333337,0.21528888888888886,0.284333911956392,0.3909842038658428,442.80473122788237,245.35206257649406,324.64188428315236,41.460761901746295,11.103438059594719,19.272314523595572
16,17,5,3,1,1.7,31,0.94,0.7933333333333333,0.1466666666666666,0.9808,0.8741333333333333,0.10666666666666669,0.9758857044138913,0.8287919435479508,0.1470937608659405,0.3319903799571792,106.94611507565918,8.165245783816175,0.82,0.8952888888888889,0.887576519859228,0.94,0.9712,0.9693386407248921,0.18000000000000005,0.1566222222222221,0.23106896497379315,0.3955654180404299,412.88998230637964,187.65572497666233,313.2439318992957,39.18855576013572,11.19886115220143,20.067106262603268
16,18,5,3,1,1.8,31,0.94,0.7933333333333333,0.1466666666666666,0.9792,0.8712888888888889,0.10791111111111107,0.9730285615567484,0.833111728624413,0.13991683293233548,0.3432652947744218,104.06377203041191,7.973678048235762,0.8466666666666667,0.8883555555555556,0.8743697560170522,0.92,0.9776,0.9780001332001332,0.21333333333333337,0.16213333333333335,0.25779662340339937,0.5965562486337143,396.1969454389617,196.00236267459184,313.69497238471297,27.236126120805103,10.934586465405971,17.884695108480187
16,19,5,3,1,1.9,31,0.94,0.7866666666666666,0.15333333333333332,0.9792,0.8672000000000001,0.11199999999999988,0.9730285615567484,0.8323653687622186,0.14066319279452988,0.34909609638307865,102.01234217574859,7.967228486235931,0.8133333333333334,0.9086222222222222,0.8977086275585944,0.96,0.9632000000000001,0.9599664855429232,0.18000000000000005,0.16871111111111115,0.24068875584228722,0.28904138838605264,434.70215840229685,161.75196180850747,311.38980065468866,35.35220134037244,10.635058281402822,19.23970332754891
16,20,5,3,1,2.0,31,0.94,0.8066666666666666,0.1333333333333333,0.9792000000000001,0.8664888888888889,0.1127111111111112,0.9744612029893899,0.8245025780952813,0.1499586248941086,0.3503790810859847,101.04349475294231,8.071696585371896,0.8133333333333334,0.9032888888888889,0.9015180374609812,0.94,0.9696,0.9727271681788845,0.15333333333333332,0.18542222222222238,0.24249127857363595,0.4194203191934994,387.43896318463374,215.92440822016704,293.75391780673317,52.052103773034545,11.314407933636893,19.78568771492092
16,21,5,3,1,2.1,31,0.94,0.8066666666666666,0.1333333333333333,0.9792000000000001,0.8640000000000001,0.11519999999999997,0.9744612029893899,0.8190617804590359,0.155399422530354,0.3518951675014628,98.81162770727036,8.076227834643843,0.8266666666666667,0.9104,0.8930887909754034,0.94,0.9744,0.9736726478200162,0.18666666666666665,0.14684444444444456,0.1710410613056853,0.625157294083736,393.53647422096947,212.76696373211632,316.7437609196023,36.37077944141638,9.228731896456134,19.417817595122884
16,22,5,3,1,2.2,31,0.94,0.8,0.1399999999999999,0.976,0.8645333333333333,0.11146666666666671,0.9701271370553239,0.8247376759247187,0.14538946113060525,0.35476141330237043,96.46465578222426,7.9026475836352805,0.8133333333333334,0.8919111111111111,0.8883479440550814,0.92,0.9760000000000001,0.9714509465791334,0.20666666666666667,0.2069333333333334,0.2929677585939199,0.8309050942291683,403.3195301012928,164.140891223353,277.17441987542156,28.631283673370042,13.405873011330216,18.545224573173464
16,23,5,3,1,2.3,31,0.94,0.7933333333333333,0.1466666666666666,0.9776,0.8643555555555557,0.11324444444444437,0.9729842799124668,0.8294192696957261,0.14356501021674073,0.3564880661281826,95.2423559146679,7.8114141648789,0.8133333333333334,0.8837333333333334,0.8715921042329924,0.92,0.9712,0.9626395253056432,0.19333333333333336,0.19271111111111117,0.2019958727756226,0.2822476817147867,386.99681678851323,199.35689211022628,286.25228757733714,27.53546494445406,13.15800094289968,18.766974671547665
16,24,5,3,1,2.4,31,0.94,0.7933333333333333,0.1466666666666666,0.9776,0.8647111111111112,0.11288888888888882,0.9729842799124668,0.8315335852382023,0.14145069467426452,0.35699014785554417,94.65727867812994,7.784781267562035,0.82,0.8903111111111112,0.8857033950757444,0.9,0.9728,0.9712943980504621,0.20666666666666667,0.21137777777777778,0.30220274236435096,0.3596563033614132,406.7604815238103,126.39556383900158,272.6502499978007,27.965953543181737,12.87982890489328,19.284221987182825
16,25,5,3,1,2.5,31,0.94,0.7933333333333333,0.1466666666666666,0.9776,0.8647111111111111,0.11288888888888893,0.9729842799124668,0.8327173242537338,0.14026695565873304,0.35874373101695733,94.7295459840264,7.763770258502407,0.8333333333333334,0.8949333333333334,0.892370067523983,0.92,0.9584,0.9605997985323333,0.19333333333333336,0.17866666666666675,0.1855749789873663,0.5302791327724181,370.3312066345969,173.61049455962478,285.2846134198852,34.87785661743629,13.496774887293796,21.220330723494072
16,26,5,3,1,2.6,31,0.94,0.7933333333333333,0.1466666666666666,0.9776,0.8650666666666667,0.11253333333333337,0.9729842799124668,0.8375356656849922,0.13544861422747467,0.35978800464971283,95.75257908936644,7.67356102788604,0.8266666666666667,0.9079111111111112,0.9054141748239807,0.92,0.9712000000000001,0.9702809670370312,0.18000000000000005,0.1624888888888889,0.1847383986023725,0.4400907325036362,328.5667780056882,132.3000233607203,234.84226484529077,25.79039758623299,11.535440583369082,18.397708656096285
16,27,5,3,1,2.7,31,0.94,0.7866666666666666,0.15333333333333332,0.9792000000000001,0.8664888888888889,0.1127111111111112,0.9756509465791335,0.8393797664858986,0.1362711800932349,0.3616197567830418,98.02085729076086,7.569589742770514,0.7933333333333333,0.8933333333333333,0.8962668316668088,0.94,0.9743999999999999,0.9765321845989448,0.24,0.19875555555555535,0.21038136541869323,0.38594187289818144,337.612259188073,165.09261063596966,255.73809299564823,27.502590269216064,11.034179795896312,17.980161779152716
16,28,5,3,1,2.8,31,0.94,0.78,0.15999999999999992,0.9808,0.866311111111111,0.11448888888888897,0.9781509465791335,0.8406784986126505,0.13747244796648295,0.3648802382694566,101.13769808042768,7.484037538422587,0.82,0.8928,0.9026620972382392,0.92,0.9696,0.9703766161907449,0.19333333333333336,0.1968000000000002,0.19471157611617684,0.3588956296115009,291.38707908398226,153.9272053808042,228.4069301194234,30.716589315802473,12.90023162650502,20.775640447184667
16,29,5,3,1,2.9,31,0.94,0.7733333333333333,0.16666666666666663,0.9808,0.8643555555555557,0.11644444444444435,0.9781509465791335,0.8391208580395922,0.13903008853954124,0.3689494345194845,103.54685749525677,7.413304810175276,0.82,0.8730666666666668,0.8742027794495993,0.94,0.9744,0.9749725327812284,0.20666666666666667,0.1724444444444444,0.20929073626665573,0.44709413327897085,316.33017634355116,133.4195002490098,237.80971916306288,29.01532204378519,11.426806116571251,18.60979526158757
17,0,5,3,1,0.0,31,0.5,0.5,0.0,0.5,0.5,0.0,0.5,0.5,0.0,0.0,-1.0097419586828951e-28,50.0,0.5,0.5,0.5,0.5,0.5,0.5,0.0,0.0,0.0,0.0,0.5,0.0,0.05,50.0,50.0,50.0
17,1,5,3,1,0.1,31,0.84,0.7666666666666667,0.07333333333333325,0.9344,0.8661333333333333,0.0682666666666667,0.9404859519565403,0.848163110503393,0.09232284145314729,0.11704885812190402,228.38105741405118,23.19621495493452,0.78,0.8686222222222222,0.8575797739983186,0.84,0.9296000000000001,0.934721318810833,0.17333333333333334,0.15679999999999994,0.19143389754217366,0.1643774232832601,261.3797479748424,84.60050595857228,165.1843091288575,37.8328479882213,24.370887750747904,28.880835315908786
17,2,5,3,1,0.2,31,0.88,0.8066666666666666,0.07333333333333336,0.9488000000000001,0.8922666666666667,0.056533333333333435,0.9513585296529239,0.8685758333167728,0.0827826963361511,0.12509523898395275,175.18249314917824,17.29259799480108,0.84,0.911111111111111,0.8888233006376631,0.9,0.9616,0.9614758262083609,0.14666666666666672,0.13280000000000003,0.17244837447053463,0.08538549415799845,310.78356015477783,130.3302109217451,225.69788741072085,29.739083234019894,17.12461069578672,20.993453382706644
17,3,5,3,1,0.3,31,0.88,0.8066666666666666,0.07333333333333336,0.9648,0.8981333333333335,0.06666666666666654,0.9649868006606398,0.8766116205431189,0.08837518011752088,0.14051579389435848,145.98951634135295,15.404328543836913,0.84,0.9137777777777778,0.8916943393597275,0.92,0.9567999999999999,0.9629925947925948,0.17333333333333334,0.18524444444444432,0.20784897410083514,0.1082177939732476,410.8209502103914,176.228270578508,271.0034844317067,30.395958933869792,15.350318845267108,20.327944525516774
17,4,5,3,1,0.4,31,0.9,0.8133333333333334,0.08666666666666667,0.9712000000000001,0.8917333333333334,0.07946666666666669,0.9659035310317179,0.8722865664318659,0.09361696459985203,0.18489741895697243,156.10066059701515,13.327616246321597,0.8533333333333334,0.9242666666666667,0.8924090247761098,0.92,0.9728,0.9723639095420964,0.18666666666666676,0.12764444444444445,0.14759098886819821,0.2744458140484223,424.3023158105934,195.5356795024529,315.03671441891254,32.79648658113314,12.823767967859094,19.333439535185423
17,5,5,3,1,0.5,31,0.9,0.82,0.08000000000000007,0.9696,0.8942222222222224,0.07537777777777765,0.9643093281331672,0.8747770010911495,0.08953232704201763,0.1837385832775913,128.23843792865944,12.977071320186983,0.84,0.9132444444444445,0.8894100266130445,0.94,0.9712,0.9680261468966127,0.14,0.15751111111111116,0.21325770373924724,0.3015139216321593,513.2984956536529,201.0742643840693,324.65693484324714,28.215452987598493,11.358098029213753,17.054923321313076
17,6,5,3,1,0.6,31,0.9,0.82,0.08000000000000007,0.9744,0.8986666666666667,0.07573333333333332,0.9701281952563822,0.8769713839522585,0.09315681130412368,0.20173444796027318,131.01376981894327,11.628934726106454,0.8266666666666667,0.9029333333333334,0.8966738927816782,0.94,0.9823999999999999,0.981403358655075,0.15333333333333332,0.14844444444444438,0.15858719337682647,0.3346257671374142,478.60714084756637,199.1466866853679,376.21374120389964,39.46695021785533,10.68010430551805,20.26131024111697
17,7,5,3,1,0.7,31,0.94,0.8133333333333334,0.1266666666666666,0.9808,0.8967111111111111,0.08408888888888888,0.9758857044138913,0.8731112141568141,0.10277449025707719,0.22268819345745533,129.09856402549678,10.80975391995792,0.8266666666666667,0.909511111111111,0.8899407854160578,0.94,0.9792000000000001,0.9795981795981796,0.1466666666666666,0.11822222222222212,0.18020933443521603,0.2714402074292063,472.68672967326165,281.48498911161283,376.2236862855812,39.8730038357193,11.199903833206005,20.919402898729064
17,8,5,3,1,0.8,31,0.94,0.8,0.1399999999999999,0.9792,0.8864000000000001,0.09279999999999988,0.9730285615567484,0.8541816915999213,0.11884686995682714,0.2673566961828829,132.7749073934835,9.832595053952126,0.84,0.9143111111111112,0.8922002119477885,0.92,0.9664,0.969137424589141,0.17333333333333334,0.14471111111111112,0.2054338760571579,0.47400255066285535,481.4319049686268,224.7104974042471,385.61864319999415,34.51737935149605,12.867713331483698,20.97604152196214
17,9,5,3,1,0.9,31,0.94,0.8,0.1399999999999999,0.9792,0.8830222222222223,0.0961777777777777,0.9730285615567484,0.8490021331204723,0.12402642843627609,0.2793313853381394,128.42888161940573,9.66319555756844,0.8466666666666667,0.916088888888889,0.8925168599577058,0.94,0.9792000000000001,0.9782771071288234,0.18000000000000005,0.13955555555555543,0.16289547723912745,0.36911353399086255,464.1131769290979,262.7446341083823,360.57934407957833,26.55818885672779,10.600135862138899,19.14943269344949
17,10,5,3,1,1.0,31,0.94,0.8,0.1399999999999999,0.9792,0.8856888888888889,0.0935111111111111,0.9730285615567484,0.850738510602184,0.12229005095456447,0.2814507240963103,124.71810226269153,9.457329041394205,0.8466666666666667,0.9107555555555555,0.897120552718933,0.94,0.984,0.981052371080558,0.1399999999999999,0.13813333333333333,0.20176621033147202,0.46592737488955793,523.2740381403173,291.7482470443733,387.37952954701166,38.47601114447486,9.263502886675496,17.755142044031547
17,11,5,3,1,1.1,31,0.92,0.8,0.12,0.9792,0.8871111111111111,0.09208888888888889,0.9730285615567484,0.8526020327421364,0.12042652881461202,0.28360635914711596,126.50904534724759,9.233637894482877,0.8333333333333334,0.8967111111111111,0.8796730488654166,0.94,0.984,0.981052371080558,0.19333333333333336,0.14311111111111108,0.20436131627368426,0.382678756994838,474.5417358066964,245.42332196073042,380.34520153644047,37.656805139183966,7.048797589844398,16.13142377980049
17,12,5,3,1,1.2,31,0.92,0.8,0.12,0.9792,0.8846222222222223,0.09457777777777765,0.9730285615567484,0.8492694788533237,0.12375908270342473,0.28566036203891254,118.29981224761431,9.220003327531149,0.8466666666666667,0.9102222222222223,0.9002354625653507,0.94,0.9776,0.9759241659523528,0.19999999999999996,0.1644444444444444,0.20148540795650283,0.47603876342807994,450.39115436968535,182.99963267943983,355.01064609931666,27.677867532055348,10.20085497251819,18.23868533294118
17,13,5,3,1,1.3,31,0.92,0.7933333333333333,0.1266666666666667,0.9808,0.8856888888888889,0.09511111111111115,0.9758857044138913,0.8435994545730868,0.1322862498408045,0.292414065555887,118.94212918613239,8.822718594826604,0.82,0.8917333333333334,0.8881650348346377,0.94,0.9728,0.9702917118477761,0.21333333333333337,0.17457777777777772,0.2281010808636813,0.28438027469582616,495.31639524310896,229.8642586720993,344.3144581700527,27.757359880393807,12.081106469185164,17.764905718605434
17,14,5,3,1,1.4,31,0.94,0.8,0.1399999999999999,0.9808,0.8849777777777779,0.09582222222222214,0.9758857044138913,0.842262779968217,0.13362292444567436,0.3001153904168513,120.95412781910287,8.440379115367996,0.82,0.9114666666666666,0.9020854114088768,0.94,0.9776,0.9764162760059234,0.20666666666666667,0.16035555555555547,0.19885417534777283,0.44750914767893846,434.881162391913,262.5581112029081,338.27712649886473,26.75415270410273,9.76810268970827,16.335714740647493
17,15,5,3,1,1.5,31,0.94,0.8,0.1399999999999999,0.9808,0.8833777777777778,0.09742222222222219,0.9758857044138913,0.8398925854237905,0.1359931189901008,0.3076483138485647,115.22847399186671,8.380810973885037,0.8533333333333334,0.9121777777777778,0.8901657235348394,0.96,0.9792,0.9730285615567484,0.17333333333333334,0.1519999999999999,0.20351522874127592,0.5095554359455771,498.4480999022051,258.6449238850202,388.6531019731025,34.70990327636267,8.83265558943613,18.412200061685308
17,16,5,3,1,1.6,31,0.94,0.8,0.1399999999999999,0.9808,0.8785777777777778,0.10222222222222221,0.9758857044138913,0.8348174596929117,0.14106824472097967,0.31890304074558784,110.5819572819053,8.289771775016389,0.8266666666666667,0.8913777777777778,0.8829704099089842,0.92,0.9632,0.9602790976495634,0.20666666666666667,0.1850666666666666,0.26940001819255066,0.585886369230327,423.24938598868397,231.60223942106387,331.5336528101544,33.14307649901324,11.935877137867147,19.76624385860955
17,17,5,3,1,1.7,31,0.94,0.7933333333333333,0.1466666666666666,0.9808,0.8741333333333333,0.10666666666666669,0.9758857044138913,0.8287919435479508,0.1470937608659405,0.3319903799571792,106.94611507565918,8.165245783816175,0.8333333333333334,0.9237333333333333,0.9080702989504315,0.9,0.968,0.9670138592655756,0.18666666666666665,0.19786666666666664,0.3013029434408512,0.4629524557994484,441.1202281619609,150.4041768057617,321.71282541325957,26.661580112702904,12.34161133468806,18.296914110671413
17,18,5,3,1,1.8,31,0.94,0.7933333333333333,0.1466666666666666,0.9792,0.8712888888888889,0.10791111111111107,0.9730285615567484,0.833111728624413,0.13991683293233548,0.3432652947744218,104.06377203041191,7.973678048235762,0.84,0.9080888888888888,0.8980440064099082,0.92,0.9648,0.9658178167460038,0.20666666666666667,0.22880000000000011,0.2929543910853265,0.5121434372026731,394.43754488813585,197.9648286101126,292.03673087841213,34.900266848798736,11.415833615586525,21.19271118090574
17,19,5,3,1,1.9,31,0.94,0.7866666666666666,0.15333333333333332,0.9792,0.8672000000000001,0.11199999999999988,0.9730285615567484,0.8323653687622186,0.14066319279452988,0.34909609638307865,102.01234217574859,7.967228486235931,0.8066666666666666,0.8826666666666667,0.8770514655411978,0.94,0.9728,0.9728938629220498,0.18000000000000005,0.19591111111111104,0.27694667430814557,0.6811068214459283,413.70025705235327,227.59668540978834,310.01446059317834,35.90501944122144,11.11965780258506,18.531387618423818
17,20,5,3,1,2.0,31,0.94,0.8066666666666666,0.1333333333333333,0.9792000000000001,0.8664888888888889,0.1127111111111112,0.9744612029893899,0.8245025780952813,0.1499586248941086,0.3503790810859847,101.04349475294231,8.071696585371896,0.8,0.8791111111111111,0.8812240363261941,0.92,0.9712,0.9684994544319891,0.14,0.12231111111111104,0.15893379985083622,0.4233098539735489,461.6663016893649,176.21300746394317,319.2620252043813,28.4791031426439,10.536592527156124,20.889966310272314
17,21,5,3,1,2.1,31,0.94,0.8066666666666666,0.1333333333333333,0.9792000000000001,0.8640000000000001,0.11519999999999997,0.9744612029893899,0.8190617804590359,0.155399422530354,0.3518951675014628,98.81162770727036,8.076227834643843,0.8133333333333334,0.8956444444444445,0.895849093383354,0.92,0.9648,0.9681053648614291,0.19333333333333336,0.17528888888888894,0.22894576383726783,0.3683754422209465,381.97300635034793,188.77578423245293,290.40898293728463,27.865403456937592,13.017939709590552,19.216735928016895
17,22,5,3,1,2.2,31,0.94,0.8,0.1399999999999999,0.976,0.8645333333333333,0.11146666666666671,0.9701271370553239,0.8247376759247187,0.14538946113060525,0.35476141330237043,96.46465578222426,7.9026475836352805,0.8333333333333334,0.9006222222222223,0.8874344243616756,0.9,0.9696,0.9737284020327499,0.19333333333333336,0.1697777777777777,0.25761567886051817,0.243030170919232,368.546012492708,165.39350424658443,267.5004590848391,33.789232905573876,13.158371873365091,21.31482518869239
17,23,5,3,1,2.3,31,0.94,0.7933333333333333,0.1466666666666666,0.9776,0.8643555555555557,0.11324444444444437,0.9729842799124668,0.8294192696957261,0.14356501021674073,0.3564880661281826,95.2423559146679,7.8114141648789,0.8,0.8947555555555555,0.8750481465834896,0.92,0.9712000000000001,0.9709963881745751,0.17333333333333334,0.14631111111111117,0.18824878963768343,0.5409260057756639,380.40896315052584,180.39386012223395,289.0733568136189,33.898381944569124,11.173431921418086,20.273047214992776
17,24,5,3,1,2.4,31,0.94,0.7933333333333333,0.1466666666666666,0.9776,0.8647111111111112,0.11288888888888882,0.9729842799124668,0.8315335852382023,0.14145069467426452,0.35699014785554417,94.65727867812994,7.784781267562035,0.8266666666666667,0.896,0.8823178088824916,0.92,0.9696,0.9693805045529185,0.2333333333333334,0.1976888888888888,0.27829858912885086,0.3876914565099306,318.11395860072923,130.21933587122987,238.9612530832393,55.4441827573652,10.81128709572651,20.346092796754107
17,25,5,3,1,2.5,31,0.94,0.7933333333333333,0.1466666666666666,0.9776,0.8647111111111111,0.11288888888888893,0.9729842799124668,0.8327173242537338,0.14026695565873304,0.35874373101695733,94.7295459840264,7.763770258502407,0.82,0.9041777777777777,0.9048078900466994,0.94,0.9872,0.9869855448898928,0.20666666666666667,0.16942222222222214,0.2723893594354725,0.46424289501185456,374.0889497957829,124.50694721438296,261.65233501771957,39.193392815851624,8.12172624979545,17.17043331492945
17,26,5,3,1,2.6,31,0.94,0.7933333333333333,0.1466666666666666,0.9776,0.8650666666666667,0.11253333333333337,0.9729842799124668,0.8375356656849922,0.13544861422747467,0.35978800464971283,95.75257908936644,7.67356102788604,0.8,0.9011555555555555,0.9021316966186239,0.92,0.9728,0.9751008376466717,0.19333333333333336,0.1889777777777778,0.1645040980621051,0.4312332799304916,370.0251522523396,134.97572843209284,267.700899394854,27.39363397329554,11.80506800875196,18.663781853154838
17,27,5,3,1,2.7,31,0.94,0.7866666666666666,0.15333333333333332,0.9792000000000001,0.8664888888888889,0.1127111111111112,0.9756509465791335,0.8393797664858986,0.1362711800932349,0.3616197567830418,98.02085729076086,7.569589742770514,0.82,0.8853333333333333,0.881095168727575,0.94,0.9808,0.9804510405053883,0.20666666666666667,0.17688888888888898,0.22664436065420224,0.5338885420208347,313.73615454702974,138.948397967763,225.32336394215508,26.781330264675468,10.621810939139193,16.03304454792937
17,28,5,3,1,2.8,31,0.94,0.78,0.15999999999999992,0.9808,0.866311111111111,0.11448888888888897,0.9781509465791335,0.8406784986126505,0.13747244796648295,0.3648802382694566,101.13769808042768,7.484037538422587,0.7933333333333333,0.8990222222222223,0.8893399208498877,0.94,0.9696,0.9705439613526571,0.20666666666666667,0.27431111111111117,0.3428291533931618,0.30783936323078714,298.905008833683,161.74038768258544,236.26389577338392,32.05504838958658,10.368548085591032,18.281647698339068
17,29,5,3,1,2.9,31,0.94,0.7733333333333333,0.16666666666666663,0.9808,0.8643555555555557,0.11644444444444435,0.9781509465791335,0.8391208580395922,0.13903008853954124,0.3689494345194845,103.54685749525677,7.413304810175276,0.82,0.8837333333333334,0.8732214133573292,0.94,0.9792000000000001,0.9802448160535118,0.18000000000000005,0.17688888888888876,0.1877600469193227,0.349256715565467,312.5700785635319,109.13094671086326,213.2045667370407,35.08888972523023,9.904060814824279,20.143740152602124
18,0,5,3,1,0.0,31,0.5,0.5,0.0,0.5,0.5,0.0,0.5,0.5,0.0,0.0,-1.0097419586828951e-28,50.0,0.5,0.5,0.5,0.5,0.5,0.5,0.0,0.0,0.0,-2.220446049250313e-16,0.5,0.0,0.075,50.0,50.0,50.0
18,1,5,3,1,0.1,31,0.84,0.7666666666666667,0.07333333333333325,0.9344,0.8661333333333333,0.0682666666666667,0.9404859519565403,0.848163110503393,0.09232284145314729,0.11704885812190402,228.38105741405118,23.19621495493452,0.8133333333333334,0.8924444444444445,0.870560644806307,0.84,0.9488,0.9539421462667849,0.19333333333333325,0.15644444444444427,0.1793159231413226,0.1576024832212457,248.2712301723829,106.85248161404384,186.5534959249162,46.295488988723065,23.8322950662671,31.17984245496175
18,2,5,3,1,0.2,31,0.88,0.8066666666666666,0.07333333333333336,0.9488000000000001,0.8922666666666667,0.056533333333333435,0.9513585296529239,0.8685758333167728,0.0827826963361511,0.12509523898395275,175.18249314917824,17.29259799480108,0.8333333333333334,0.9141333333333334,0.8951247762249713,0.92,0.9471999999999999,0.9562860730421372,0.16000000000000003,0.1260444444444444,0.17274399184507516,0.14983164777275065,315.5523911552016,99.70059387181004,223.45439264838507,27.204299809499908,16.89427058282301,21.636026908773903
18,3,5,3,1,0.3,31,0.88,0.8066666666666666,0.07333333333333336,0.9648,0.8981333333333335,0.06666666666666654,0.9649868006606398,0.8766116205431189,0.08837518011752088,0.14051579389435848,145.98951634135295,15.404328543836913,0.88,0.9255111111111112,0.9138156509859102,0.92,0.9568,0.9660294433503341,0.14666666666666672,0.16337777777777784,0.18152983679818158,0.0849485882684321,334.0620683250812,116.57977479633085,242.60676762924314,28.232572444089612,14.376312229638579,20.59631778697605
18,4,5,3,1,0.4,31,0.9,0.8133333333333334,0.08666666666666667,0.9712000000000001,0.8917333333333334,0.07946666666666669,0.9659035310317179,0.8722865664318659,0.09361696459985203,0.18489741895697243,156.10066059701515,13.327616246321597,0.84,0.9091555555555557,0.8974430936969948,0.96,0.968,0.9658297215079086,0.21333333333333337,0.1585777777777776,0.17921489971529247,0.20683405687827267,427.68774380778837,203.83170675008535,308.7725844531248,36.941801239958366,12.889383798954729,20.01300348801913
18,5,5,3,1,0.5,31,0.9,0.82,0.08000000000000007,0.9696,0.8942222222222224,0.07537777777777765,0.9643093281331672,0.8747770010911495,0.08953232704201763,0.1837385832775913,128.23843792865944,12.977071320186983,0.8466666666666667,0.9038222222222222,0.8868903378162514,0.94,0.9776,0.9761219580685848,0.17333333333333334,0.1525333333333333,0.2214297542850705,0.284129989980889,443.1040330217095,225.1537695257854,339.7862373385925,31.23377893083276,10.827906904968517,19.026838113067893
18,6,5,3,1,0.6,31,0.9,0.82,0.08000000000000007,0.9744,0.8986666666666667,0.07573333333333332,0.9701281952563822,0.8769713839522585,0.09315681130412368,0.20173444796027318,131.01376981894327,11.628934726106454,0.84,0.9176888888888888,0.8824475322170009,0.92,0.9824,0.980503887755604,0.15999999999999992,0.1445333333333333,0.20839673836703132,0.40155543343076383,425.5107512652848,157.4233506987449,347.73600121681454,29.774674174843994,9.789522081511254,18.474970368613665
18,7,5,3,1,0.7,31,0.94,0.8133333333333334,0.1266666666666666,0.9808,0.8967111111111111,0.08408888888888888,0.9758857044138913,0.8731112141568141,0.10277449025707719,0.22268819345745533,129.09856402549678,10.80975391995792,0.8866666666666667,0.9253333333333333,0.9002161098409059,0.94,0.9664,0.9681808441519522,0.15999999999999992,0.1312000000000001,0.2054565383963135,0.44621486265827237,550.3776788155953,295.16351004253374,401.9117935726626,32.701038915045544,12.646221662280372,18.25876796912006
18,8,5,3,1,0.8,31,0.94,0.8,0.1399999999999999,0.9792,0.8864000000000001,0.09279999999999988,0.9730285615567484,0.8541816915999213,0.11884686995682714,0.2673566961828829,132.7749073934835,9.832595053952126,0.8466666666666667,0.9059555555555556,0.8907588673842751,0.96,0.9792000000000001,0.9795040708084187,0.16666666666666663,0.16426666666666667,0.2126284429959433,0.44568427219224566,555.985385507989,249.02898742101436,399.9710443967177,57.47685909796481,8.723315924363131,21.166616473845476
18,9,5,3,1,0.9,31,0.94,0.8,0.1399999999999999,0.9792,0.8830222222222223,0.0961777777777777,0.9730285615567484,0.8490021331204723,0.12402642843627609,0.2793313853381394,128.42888161940573,9.66319555756844,0.86,0.9144888888888889,0.8850388869948643,0.94,0.984,0.9828802817319982,0.18000000000000005,0.1777777777777777,0.23447765676233345,0.40150208392701847,528.1557790623692,162.58889547259383,394.3967777045206,35.488774275678985,8.074684167717823,19.732138191677763
18,10,5,3,1,1.0,31,0.94,0.8,0.1399999999999999,0.9792,0.8856888888888889,0.0935111111111111,0.9730285615567484,0.850738510602184,0.12229005095456447,0.2814507240963103,124.71810226269153,9.457329041394205,0.8533333333333334,0.9166222222222223,0.9054917648967555,0.94,0.9792000000000001,0.979760148064496,0.19999999999999996,0.2016,0.28258710379921836,0.39625664022749535,542.6308000173735,331.12504328967793,409.80328700722913,25.752950451968104,11.33756830891108,16.918015234924322
18,11,5,3,1,1.1,31,0.92,0.8,0.12,0.9792,0.8871111111111111,0.09208888888888889,0.9730285615567484,0.8526020327421364,0.12042652881461202,0.28360635914711596,126.50904534724759,9.233637894482877,0.8266666666666667,0.9022222222222223,0.8804238719322399,0.94,0.9664,0.9704790262877221,0.18000000000000005,0.17280000000000006,0.2332819701694352,0.30643364820357577,430.33807075787416,266.62423833919104,354.40636607387694,38.32605038254067,11.56115887302106,19.710177688731136
18,12,5,3,1,1.2,31,0.92,0.8,0.12,0.9792,0.8846222222222223,0.09457777777777765,0.9730285615567484,0.8492694788533237,0.12375908270342473,0.28566036203891254,118.29981224761431,9.220003327531149,0.8066666666666666,0.8961777777777777,0.8994795022540247,0.94,0.9808,0.980607767112115,0.16666666666666663,0.18453333333333333,0.25776663605865924,0.36610320222531995,463.15152996772173,272.6137001089413,359.4245005008255,25.23289215376476,10.557963650207894,17.55837829439075
18,13,5,3,1,1.3,31,0.92,0.7933333333333333,0.1266666666666667,0.9808,0.8856888888888889,0.09511111111111115,0.9758857044138913,0.8435994545730868,0.1322862498408045,0.292414065555887,118.94212918613239,8.822718594826604,0.8133333333333334,0.9233777777777777,0.9092315302142597,0.94,0.9792000000000001,0.9756509465791335,0.19333333333333336,0.19253333333333322,0.2459187785214787,0.3452613462827228,449.67606679859273,217.76741700437378,341.1288400258957,29.503595505363407,9.329213762614561,18.101159237656535
18,14,5,3,1,1.4,31,0.94,0.8,0.1399999999999999,0.9808,0.8849777777777779,0.09582222222222214,0.9758857044138913,0.842262779968217,0.13362292444567436,0.3001153904168513,120.95412781910287,8.440379115367996,0.8066666666666666,0.8926222222222222,0.8842076655430703,0.96,0.9776,0.9779608554031343,0.16666666666666663,0.14897777777777788,0.23132661964785495,0.4329831741048581,451.64081050835,226.41418549553845,353.0087197265749,37.068782573248356,9.97738085225821,16.84058172530314
18,15,5,3,1,1.5,31,0.94,0.8,0.1399999999999999,0.9808,0.8833777777777778,0.09742222222222219,0.9758857044138913,0.8398925854237905,0.1359931189901008,0.3076483138485647,115.22847399186671,8.380810973885037,0.7933333333333333,0.8885333333333333,0.8896864527856326,0.92,0.9743999999999999,0.9740166949106901,0.19999999999999996,0.19057777777777785,0.27212702261744526,0.3386524695797024,435.0275375632726,211.3358953310753,334.497735768404,26.70616778914703,11.874123762842446,18.830407378231847
18,16,5,3,1,1.6,31,0.94,0.8,0.1399999999999999,0.9808,0.8785777777777778,0.10222222222222221,0.9758857044138913,0.8348174596929117,0.14106824472097967,0.31890304074558784,110.5819572819053,8.289771775016389,0.84,0.9054222222222221,0.9011902383345547,0.94,0.9712000000000001,0.9745687381672037,0.19333333333333336,0.21102222222222233,0.27673685019650196,0.44490128238032334,444.91727297908886,210.97326160849846,327.86399429415843,29.080602373154157,10.902467399416228,18.824477344956527
18,17,5,3,1,1.7,31,0.94,0.7933333333333333,0.1466666666666666,0.9808,0.8741333333333333,0.10666666666666669,0.9758857044138913,0.8287919435479508,0.1470937608659405,0.3319903799571792,106.94611507565918,8.165245783816175,0.7933333333333333,0.8999111111111111,0.8849112154149983,0.92,0.9663999999999999,0.9607379081241596,0.18666666666666676,0.18222222222222229,0.23444940175492612,0.7252308557414708,416.60523296559467,168.8664720536058,322.05783991954786,31.724242869939722,11.556119554188355,19.47494799811229
18,18,5,3,1,1.8,31,0.94,0.7933333333333333,0.1466666666666666,0.9792,0.8712888888888889,0.10791111111111107,0.9730285615567484,0.833111728624413,0.13991683293233548,0.3432652947744218,104.06377203041191,7.973678048235762,0.86,0.9144888888888889,0.8967496934883602,0.96,0.9776,0.9720752413950237,0.18000000000000005,0.1937777777777776,0.2627363189003984,0.46805910452427796,467.5908704215682,150.87925836204784,309.3958821888847,31.045093138898125,8.786070056238712,17.918341467082126
18,19,5,3,1,1.9,31,0.94,0.7866666666666666,0.15333333333333332,0.9792,0.8672000000000001,0.11199999999999988,0.9730285615567484,0.8323653687622186,0.14066319279452988,0.34909609638307865,102.01234217574859,7.967228486235931,0.82,0.8983111111111112,0.9004986185497211,0.92,0.9696,0.9685597883597884,0.18000000000000005,0.10684444444444441,0.15585904093146818,0.4131203534195451,494.99056434276133,214.17954111725493,330.065933060294,31.426609570890868,10.909045542917383,19.294003692613337
18,20,5,3,1,2.0,31,0.94,0.8066666666666666,0.1333333333333333,0.9792000000000001,0.8664888888888889,0.1127111111111112,0.9744612029893899,0.8245025780952813,0.1499586248941086,0.3503790810859847,101.04349475294231,8.071696585371896,0.8533333333333334,0.9114666666666666,0.902379367908378,0.94,0.9712000000000001,0.9712298576352907,0.18000000000000005,0.16817777777777787,0.25666388195624923,0.45598408416155944,381.53695927845695,210.8234742569669,298.73388529537374,30.66733102756778,11.92220372077538,19.54900638536241
18,21,5,3,1,2.1,31,0.94,0.8066666666666666,0.1333333333333333,0.9792000000000001,0.8640000000000001,0.11519999999999997,0.9744612029893899,0.8190617804590359,0.155399422530354,0.3518951675014628,98.81162770727036,8.076227834643843,0.82,0.9150222222222222,0.9137350045262767,0.92,0.9744,0.9732706942180627,0.21333333333333337,0.16568888888888889,0.2704691043009986,0.4079615909036539,409.18123851566963,58.1917683308652,265.90963448290984,27.312847321160096,10.9500241238358,18.837290759960258
18,22,5,3,1,2.2,31,0.94,0.8,0.1399999999999999,0.976,0.8645333333333333,0.11146666666666671,0.9701271370553239,0.8247376759247187,0.14538946113060525,0.35476141330237043,96.46465578222426,7.9026475836352805,0.8333333333333334,0.8956444444444445,0.8927928023091771,0.92,0.9712000000000001,0.974898484848485,0.2533333333333334,0.1809777777777779,0.2566608910718704,0.3979102189937034,342.70746612789344,157.7606329873891,257.97153638387556,26.98247821814555,9.262648713240756,17.684783384347888
18,23,5,3,1,2.3,31,0.94,0.7933333333333333,0.1466666666666666,0.9776,0.8643555555555557,0.11324444444444437,0.9729842799124668,0.8294192696957261,0.14356501021674073,0.3564880661281826,95.2423559146679,7.8114141648789,0.8066666666666666,0.8976000000000001,0.8909731206785189,0.94,0.9648000000000001,0.962292336378418,0.18000000000000005,0.17404444444444445,0.2667951496337425,0.28656573903983684,372.7907376310273,198.21283007816112,282.7248317925251,37.75066616459026,12.130826630414356,20.429070557936157
18,24,5,3,1,2.4,31,0.94,0.7933333333333333,0.1466666666666666,0.9776,0.8647111111111112,0.11288888888888882,0.9729842799124668,0.8315335852382023,0.14145069467426452,0.35699014785554417,94.65727867812994,7.784781267562035,0.8133333333333334,0.8798222222222222,0.8779187371846401,0.9,0.984,0.984915326219674,0.21333333333333337,0.21777777777777785,0.20020520242832918,0.39056128626180564,353.83823899797994,114.80354381912674,264.887024279909,30.274055940260343,10.912338625797661,21.51127087942198
18,25,5,3,1,2.5,31,0.94,0.7933333333333333,0.1466666666666666,0.9776,0.8647111111111111,0.11288888888888893,0.9729842799124668,0.8327173242537338,0.14026695565873304,0.35874373101695733,94.7295459840264,7.763770258502407,0.8333333333333334,0.8919111111111111,0.8643554694355222,0.94,0.9792,0.9794240605338413,0.20666666666666667,0.17422222222222217,0.20879330965583065,0.4058830488080218,363.0781855588781,169.98930454340677,269.57625417730435,37.231436785287706,9.087450514903598,21.417440525796735
18,26,5,3,1,2.6,31,0.94,0.7933333333333333,0.1466666666666666,0.9776,0.8650666666666667,0.11253333333333337,0.9729842799124668,0.8375356656849922,0.13544861422747467,0.35978800464971283,95.75257908936644,7.67356102788604,0.8066666666666666,0.8912,0.8914855475515908,0.94,0.9776,0.9805965838509317,0.19333333333333336,0.15822222222222226,0.2044070193513745,0.40930731065003434,339.70970129529167,151.7077260020142,256.65780217896634,30.14504075284048,8.617605615667019,18.651608426569734
18,27,5,3,1,2.7,31,0.94,0.7866666666666666,0.15333333333333332,0.9792000000000001,0.8664888888888889,0.1127111111111112,0.9756509465791335,0.8393797664858986,0.1362711800932349,0.3616197567830418,98.02085729076086,7.569589742770514,0.8066666666666666,0.8917333333333334,0.8768174376499506,0.92,0.9743999999999999,0.9776984126984127,0.18666666666666665,0.18328888888888883,0.28998946679486515,0.4597171606030166,302.9930295808403,120.82728704450537,232.41781972983844,23.964602334930138,10.239751531919467,16.899795597228483
18,28,5,3,1,2.8,31,0.94,0.78,0.15999999999999992,0.9808,0.866311111111111,0.11448888888888897,0.9781509465791335,0.8406784986126505,0.13747244796648295,0.3648802382694566,101.13769808042768,7.484037538422587,0.78,0.8611555555555556,0.8561131136205881,0.94,0.9856,0.9852980398023877,0.21999999999999997,0.20302222222222222,0.2631674922548197,0.4100494464594299,341.7933419070514,122.7489191078195,217.7615979200783,28.32446677627027,10.726983967831657,17.12895045069997
18,29,5,3,1,2.9,31,0.94,0.7733333333333333,0.16666666666666663,0.9808,0.8643555555555557,0.11644444444444435,0.9781509465791335,0.8391208580395922,0.13903008853954124,0.3689494345194845,103.54685749525677,7.413304810175276,0.84,0.8878222222222223,0.8768504826524658,0.94,0.9823999999999999,0.984426021080369,0.19333333333333336,0.1783111111111111,0.19143927151836293,0.4689548978045438,282.83410235260783,95.0857111006938,208.82110081490632,31.065953279459265,9.091040818964613,17.456948371708382
19,0,5,3,1,0.0,31,0.5,0.5,0.0,0.5,0.5,0.0,0.5,0.5,0.0,0.0,-1.0097419586828951e-28,50.0,0.5,0.5,0.5,0.5,0.5,0.5,0.0,0.0,0.0,0.0,0.5,0.0,0.075,50.0,50.0,50.0
19,1,5,3,1,0.1,31,0.84,0.7666666666666667,0.07333333333333325,0.9344,0.8661333333333333,0.0682666666666667,0.9404859519565403,0.848163110503393,0.09232284145314729,0.11704885812190402,228.38105741405118,23.19621495493452,0.76,0.8510222222222221,0.8449590068478916,0.86,0.9216,0.9302652917880743,0.16000000000000003,0.1532444444444444,0.1739916085643053,0.1338148642222856,243.6517162501135,124.76348861698851,170.01513507783005,47.432583496292565,24.366049830747137,28.60328452960826
19,2,5,3,1,0.2,31,0.88,0.8066666666666666,0.07333333333333336,0.9488000000000001,0.8922666666666667,0.056533333333333435,0.9513585296529239,0.8685758333167728,0.0827826963361511,0.12509523898395275,175.18249314917824,17.29259799480108,0.84,0.9089777777777779,0.886065361987368,0.88,0.9616,0.9644181955617175,0.1466666666666666,0.14968888888888887,0.18336233726204243,0.1019164897233572,323.3731839068863,126.63506975560907,222.7070824797112,27.60343104187118,16.304794103413755,20.531053455630804
19,3,5,3,1,0.3,31,0.88,0.8066666666666666,0.07333333333333336,0.9648,0.8981333333333335,0.06666666666666654,0.9649868006606398,0.8766116205431189,0.08837518011752088,0.14051579389435848,145.98951634135295,15.404328543836913,0.8733333333333333,0.9242666666666666,0.903874113123766,0.9,0.9663999999999999,0.9666382717235712,0.14666666666666672,0.16320000000000012,0.19508114601283733,0.22171070695014228,343.2507856695233,176.94860075657996,270.18641529112625,50.83132850398762,14.600902393433735,20.206179891721504
19,4,5,3,1,0.4,31,0.9,0.8133333333333334,0.08666666666666667,0.9712000000000001,0.8917333333333334,0.07946666666666669,0.9659035310317179,0.8722865664318659,0.09361696459985203,0.18489741895697243,156.10066059701515,13.327616246321597,0.86,0.9169777777777778,0.9027089801015246,0.92,0.9712000000000001,0.9724807192807193,0.20666666666666667,0.16231111111111118,0.17817098909184614,0.15595533083554144,475.71941617639675,156.18036772312453,286.3913546535161,32.68987982589029,12.064786153656403,18.812299729089922
19,5,5,3,1,0.5,31,0.9,0.82,0.08000000000000007,0.9696,0.8942222222222224,0.07537777777777765,0.9643093281331672,0.8747770010911495,0.08953232704201763,0.1837385832775913,128.23843792865944,12.977071320186983,0.8066666666666666,0.8997333333333333,0.8906227651812201,0.9,0.96,0.9608746143295628,0.16666666666666674,0.2055111111111112,0.23286016283136823,0.1832893558888618,438.7179662352684,281.4652017807377,351.459752841438,34.86819532337972,14.360380413640456,21.254953197228566
19,6,5,3,1,0.6,31,0.9,0.82,0.08000000000000007,0.9744,0.8986666666666667,0.07573333333333332,0.9701281952563822,0.8769713839522585,0.09315681130412368,0.20173444796027318,131.01376981894327,11.628934726106454,0.84,0.9153777777777777,0.9003494709628643,0.96,0.9808,0.9807437613860404,0.19333333333333325,0.12088888888888871,0.15403354897414911,0.3073196647191162,526.893602962909,266.5327698998614,395.66482291243767,39.64871055446109,10.197163104097807,18.56483054273404
19,7,5,3,1,0.7,31,0.94,0.8133333333333334,0.1266666666666666,0.9808,0.8967111111111111,0.08408888888888888,0.9758857044138913,0.8731112141568141,0.10277449025707719,0.22268819345745533,129.09856402549678,10.80975391995792,0.8666666666666667,0.9189333333333334,0.8993243198727648,0.94,0.9696,0.9679847858875993,0.18666666666666676,0.18595555555555554,0.22527306863333907,0.30752260381813257,513.3430456693959,285.79791971595165,395.37453738143347,37.991254881692846,10.927257498833182,18.369781085844892
19,8,5,3,1,0.8,31,0.94,0.8,0.1399999999999999,0.9792,0.8864000000000001,0.09279999999999988,0.9730285615567484,0.8541816915999213,0.11884686995682714,0.2673566961828829,132.7749073934835,9.832595053952126,0.84,0.9153777777777777,0.8918252570458984,0.92,0.9776,0.9759241659523528,0.16666666666666674,0.128,0.16796602940599914,0.41818444193453586,549.7592859041234,311.334816823896,382.5479642347946,30.208871405091926,10.512525011117548,18.247852894050162
19,9,5,3,1,0.9,31,0.94,0.8,0.1399999999999999,0.9792,0.8830222222222223,0.0961777777777777,0.9730285615567484,0.8490021331204723,0.12402642843627609,0.2793313853381394,128.42888161940573,9.66319555756844,0.8466666666666667,0.9242666666666667,0.9005572351180677,0.96,0.9792000000000001,0.9781093544137023,0.15333333333333332,0.1592888888888888,0.21925622510334142,0.3342285646718572,509.8792908386473,240.4158722515917,371.1887717141833,37.34022275761095,9.528076876294447,19.409530838206372
19,10,5,3,1,1.0,31,0.94,0.8,0.1399999999999999,0.9792,0.8856888888888889,0.0935111111111111,0.9730285615567484,0.850738510602184,0.12229005095456447,0.2814507240963103,124.71810226269153,9.457329041394205,0.8533333333333334,0.9089777777777778,0.8947934366593377,0.94,0.984,0.9837540177962967,0.19999999999999996,0.19413333333333327,0.25290000747877284,0.46056862544310884,437.06615159761583,254.06225197534042,366.88800237232374,25.728228885176723,9.719661050208515,18.009297683418062
19,11,5,3,1,1.1,31,0.92,0.8,0.12,0.9792,0.8871111111111111,0.09208888888888889,0.9730285615567484,0.8526020327421364,0.12042652881461202,0.28360635914711596,126.50904534724759,9.233637894482877,0.8666666666666667,0.9168000000000001,0.8896163284810679,0.94,0.9760000000000001,0.9784069734613214,0.16666666666666663,0.12782222222222217,0.19077563964305266,0.45493964916077756,504.3326525474295,280.74728404964566,399.9967658620072,27.219592522051506,10.234415586124125,16.518717145179327
19,12,5,3,1,1.2,31,0.92,0.8,0.12,0.9792,0.8846222222222223,0.09457777777777765,0.9730285615567484,0.8492694788533237,0.12375908270342473,0.28566036203891254,118.29981224761431,9.220003327531149,0.8,0.9013333333333333,0.8965742513833074,0.94,0.9728,0.9718386407248921,0.15333333333333332,0.15911111111111098,0.22346744426140208,0.47408142477139814,502.5416713463038,276.6034241092227,376.6033741757225,34.94921171255033,9.90715056123877,19.100737736244874
19,13,5,3,1,1.3,31,0.92,0.7933333333333333,0.1266666666666667,0.9808,0.8856888888888889,0.09511111111111115,0.9758857044138913,0.8435994545730868,0.1322862498408045,0.292414065555887,118.94212918613239,8.822718594826604,0.82,0.9027555555555555,0.8985210423759052,0.92,0.9632000000000001,0.96116019229816,0.17333333333333334,0.14097777777777776,0.21370801147876894,0.45187356943068313,404.7003869352101,232.3733335606601,337.8435188211168,28.68365869408914,11.952625905814656,18.194044373302297
19,14,5,3,1,1.4,31,0.94,0.8,0.1399999999999999,0.9808,0.8849777777777779,0.09582222222222214,0.9758857044138913,0.842262779968217,0.13362292444567436,0.3001153904168513,120.95412781910287,8.440379115367996,0.8466666666666667,0.9184,0.9070508717365969,0.94,0.9744,0.9750462827560636,0.21333333333333326,0.17528888888888883,0.26121691882612075,0.47794667177441597,455.166874944763,263.8050804148639,350.6735390674472,35.8938940722504,9.895567971362924,18.322908829968778
19,15,5,3,1,1.5,31,0.94,0.8,0.1399999999999999,0.9808,0.8833777777777778,0.09742222222222219,0.9758857044138913,0.8398925854237905,0.1359931189901008,0.3076483138485647,115.22847399186671,8.380810973885037,0.7933333333333333,0.8846222222222222,0.8676980741575615,0.92,0.9632000000000001,0.9738722390742613,0.19999999999999996,0.2234666666666668,0.2776371038227009,0.5143867254226715,417.29852540889334,234.38228382545827,338.76952514383845,33.11488205948977,11.650094815383936,19.756890630738642
19,16,5,3,1,1.6,31,0.94,0.8,0.1399999999999999,0.9808,0.8785777777777778,0.10222222222222221,0.9758857044138913,0.8348174596929117,0.14106824472097967,0.31890304074558784,110.5819572819053,8.289771775016389,0.82,0.8983111111111111,0.8916890152289805,0.94,0.9743999999999999,0.9765321845989448,0.20666666666666667,0.20640000000000003,0.2351137650661026,0.7210985262523412,444.4215226975408,196.93556801478542,339.6844218218412,43.099192261896064,11.233896527467312,20.459174334758735
19,17,5,3,1,1.7,31,0.94,0.7933333333333333,0.1466666666666666,0.9808,0.8741333333333333,0.10666666666666669,0.9758857044138913,0.8287919435479508,0.1470937608659405,0.3319903799571792,106.94611507565918,8.165245783816175,0.82,0.8984888888888889,0.8986182896347686,0.94,0.9792,0.9778136150653314,0.19999999999999996,0.14684444444444444,0.19985936325349318,0.48695601149775236,444.0890591759041,171.51160508336793,321.54120021596367,34.450947669541826,9.559146210358753,19.648627803536876
19,18,5,3,1,1.8,31,0.94,0.7933333333333333,0.1466666666666666,0.9792,0.8712888888888889,0.10791111111111107,0.9730285615567484,0.833111728624413,0.13991683293233548,0.3432652947744218,104.06377203041191,7.973678048235762,0.8466666666666667,0.9029333333333334,0.8969224353164742,0.94,0.9792000000000001,0.9783121561208519,0.21333333333333337,0.17884444444444425,0.26831361396879183,0.29298584505861236,394.3011171203111,244.78227231197522,329.8792764583335,30.992653793798283,11.6150469302593,17.870228587230606
19,19,5,3,1,1.9,31,0.94,0.7866666666666666,0.15333333333333332,0.9792,0.8672000000000001,0.11199999999999988,0.9730285615567484,0.8323653687622186,0.14066319279452988,0.34909609638307865,102.01234217574859,7.967228486235931,0.8133333333333334,0.9063111111111111,0.9024362038173738,0.92,0.9743999999999999,0.9744714338801297,0.16000000000000003,0.19075555555555557,0.27384572097534843,0.3318368894211377,423.38972361176627,148.692959894086,318.48022210666505,41.945612753569755,12.0931803283543,20.30248758243972
19,20,5,3,1,2.0,31,0.94,0.8066666666666666,0.1333333333333333,0.9792000000000001,0.8664888888888889,0.1127111111111112,0.9744612029893899,0.8245025780952813,0.1499586248941086,0.3503790810859847,101.04349475294231,8.071696585371896,0.7933333333333333,0.8670222222222222,0.8542676637935391,0.92,0.9568000000000001,0.9556062808112293,0.19333333333333336,0.16675555555555555,0.259426819193743,0.5510239626501681,394.25779039435156,244.69472305970274,312.2942866192735,39.077731876361575,13.358670990259926,21.73951994692565
19,21,5,3,1,2.1,31,0.94,0.8066666666666666,0.1333333333333333,0.9792000000000001,0.8640000000000001,0.11519999999999997,0.9744612029893899,0.8190617804590359,0.155399422530354,0.3518951675014628,98.81162770727036,8.076227834643843,0.84,0.8979555555555556,0.9035759906230483,0.9,0.9856,0.9872222222222224,0.18000000000000005,0.1411555555555556,0.2422910707419107,0.42589782564762074,390.710618004544,182.2990340100493,290.9861889558356,28.74099371529811,11.133563549585359,19.342891460492503
19,22,5,3,1,2.2,31,0.94,0.8,0.1399999999999999,0.976,0.8645333333333333,0.11146666666666671,0.9701271370553239,0.8247376759247187,0.14538946113060525,0.35476141330237043,96.46465578222426,7.9026475836352805,0.84,0.896,0.8851863475874145,0.94,0.9743999999999999,0.9726958134619313,0.21999999999999997,0.1445333333333334,0.19984443359443316,0.31808988538278815,398.4784687664298,223.45343010384966,297.41243246521026,30.684990561347142,11.313479315615027,20.13295407324892
19,23,5,3,1,2.3,31,0.94,0.7933333333333333,0.1466666666666666,0.9776,0.8643555555555557,0.11324444444444437,0.9729842799124668,0.8294192696957261,0.14356501021674073,0.3564880661281826,95.2423559146679,7.8114141648789,0.8533333333333334,0.8990222222222222,0.8936971948837739,0.92,0.9904,0.9897327976371455,0.21333333333333337,0.15146666666666653,0.17999534955431729,0.4098305560339641,342.3302628656643,187.9775822024485,272.1609705465427,36.78185579069065,8.780354795137416,19.349691726824478
19,24,5,3,1,2.4,31,0.94,0.7933333333333333,0.1466666666666666,0.9776,0.8647111111111112,0.11288888888888882,0.9729842799124668,0.8315335852382023,0.14145069467426452,0.35699014785554417,94.65727867812994,7.784781267562035,0.8133333333333334,0.8952888888888889,0.8873831734762909,0.92,0.9712,0.9752382284382285,0.17333333333333334,0.21511111111111114,0.27666675242278893,0.37194416859922097,379.1718105644407,181.75080783091104,256.1440826081083,31.277740707758404,12.40810102182714,19.11011673944311
19,25,5,3,1,2.5,31,0.94,0.7933333333333333,0.1466666666666666,0.9776,0.8647111111111111,0.11288888888888893,0.9729842799124668,0.8327173242537338,0.14026695565873304,0.35874373101695733,94.7295459840264,7.763770258502407,0.8066666666666666,0.8840888888888889,0.888751187395757,0.92,0.9568000000000001,0.9673136031959562,0.18000000000000005,0.16355555555555568,0.19110516227844898,0.3137643880448763,383.4682068622697,114.48436251686073,242.89363527529093,38.211834181107086,14.255257648502962,20.47407427185106
19,26,5,3,1,2.6,31,0.94,0.7933333333333333,0.1466666666666666,0.9776,0.8650666666666667,0.11253333333333337,0.9729842799124668,0.8375356656849922,0.13544861422747467,0.35978800464971283,95.75257908936644,7.67356102788604,0.8333333333333334,0.8997333333333333,0.9036116875223765,0.92,0.9744,0.9766994386342649,0.18000000000000005,0.17866666666666653,0.26728760638524685,0.3950358973316515,345.0982953675943,133.85830525492165,231.4432485373315,27.751367706476962,10.928358761321347,20.028207199499207
19,27,5,3,1,2.7,31,0.94,0.7866666666666666,0.15333333333333332,0.9792000000000001,0.8664888888888889,0.1127111111111112,0.9756509465791335,0.8393797664858986,0.1362711800932349,0.3616197567830418,98.02085729076086,7.569589742770514,0.8066666666666666,0.8899555555555555,0.8820704238714725,0.92,0.9728,0.9756727674712331,0.18000000000000005,0.1870222222222221,0.2639281847343382,0.6994226855866836,334.42266220354344,159.71208191770805,253.72395934340608,35.48106124124053,10.419786383295044,19.94297433408901
19,28,5,3,1,2.8,31,0.94,0.78,0.15999999999999992,0.9808,0.866311111111111,0.11448888888888897,0.9781509465791335,0.8406784986126505,0.13747244796648295,0.3648802382694566,101.13769808042768,7.484037538422587,0.8266666666666667,0.8977777777777777,0.8868906325218071,0.94,0.9823999999999999,0.9834790513833993,0.2333333333333334,0.1790222222222222,0.18125825419423325,0.41297243712652426,334.56602326827954,44.56605205377601,246.09482432862242,30.40124599264622,9.858207875985794,18.975714772362196
19,29,5,3,1,2.9,31,0.94,0.7733333333333333,0.16666666666666663,0.9808,0.8643555555555557,0.11644444444444435,0.9781509465791335,0.8391208580395922,0.13903008853954124,0.3689494345194845,103.54685749525677,7.413304810175276,0.7733333333333333,0.8659555555555555,0.8799320574667363,0.94,0.9743999999999999,0.9772145130232088,0.21333333333333326,0.20640000000000003,0.3121439713286369,0.4206465157321774,276.11284854883576,88.60801734481629,205.0189021122631,34.497410582724186,11.371948584526649,18.42644146458712
20,0,5,3,1,0.0,31,0.5,0.5,0.0,0.5,0.5,0.0,0.5,0.5,0.0,0.0,-1.0097419586828951e-28,50.0,0.5,0.5,0.5,0.5,0.5,0.5,0.0,0.0,0.0,0.0,0.5,0.0,0.1,50.00000000000001,50.0,50.0
20,1,5,3,1,0.1,31,0.84,0.7666666666666667,0.07333333333333325,0.9344,0.8661333333333333,0.0682666666666667,0.9404859519565403,0.848163110503393,0.09232284145314729,0.11704885812190402,228.38105741405118,23.19621495493452,0.8666666666666667,0.912,0.8907479014230864,0.86,0.9408,0.9425602242733129,0.17333333333333334,0.16213333333333313,0.2057329463362838,0.10902526429112985,272.14524144356443,123.00025473904478,179.86760372507482,37.27291375750591,23.61272529849284,29.154657995894162
20,2,5,3,1,0.2,31,0.88,0.8066666666666666,0.07333333333333336,0.9488000000000001,0.8922666666666667,0.056533333333333435,0.9513585296529239,0.8685758333167728,0.0827826963361511,0.12509523898395275,175.18249314917824,17.29259799480108,0.8466666666666667,0.9137777777777777,0.8817281591186525,0.9,0.9552,0.9539454251279599,0.16666666666666663,0.15235555555555547,0.2064676252585379,0.1610833719061469,303.42542005047716,149.49574781091883,220.35469649490588,28.567914613908062,17.378654161138194,21.490422781074297
20,3,5,3,1,0.3,31,0.88,0.8066666666666666,0.07333333333333336,0.9648,0.8981333333333335,0.06666666666666654,0.9649868006606398,0.8766116205431189,0.08837518011752088,0.14051579389435848,145.98951634135295,15.404328543836913,0.8533333333333334,0.924088888888889,0.9176355315802844,0.9,0.9663999999999999,0.9655681212621164,0.17333333333333334,0.15342222222222224,0.1898253504135401,0.21568612047799957,381.36275541139617,88.91597440328131,232.16354042242241,26.35216178417671,14.127072481473197,18.492516438658868
20,4,5,3,1,0.4,31,0.9,0.8133333333333334,0.08666666666666667,0.9712000000000001,0.8917333333333334,0.07946666666666669,0.9659035310317179,0.8722865664318659,0.09361696459985203,0.18489741895697243,156.10066059701515,13.327616246321597,0.84,0.8986666666666667,0.8793558170817158,0.92,0.9712,0.9771030303030304,0.17333333333333334,0.16533333333333322,0.19526190900327312,0.21165229636421407,390.65830911889043,118.20223711645197,296.42679072329713,40.692970927646,13.691641596117922,21.631531321836043
20,5,5,3,1,0.5,31,0.9,0.82,0.08000000000000007,0.9696,0.8942222222222224,0.07537777777777765,0.9643093281331672,0.8747770010911495,0.08953232704201763,0.1837385832775913,128.23843792865944,12.977071320186983,0.8333333333333334,0.9043555555555556,0.8940303741632192,0.92,0.9728,0.9717944726884679,0.14666666666666672,0.13173333333333337,0.16691136108636995,0.21738902398237223,477.9542146079045,221.99408721421202,346.3436854716091,28.831570469634556,12.203494408733391,18.453233533840635
20,6,5,3,1,0.6,31,0.9,0.82,0.08000000000000007,0.9744,0.8986666666666667,0.07573333333333332,0.9701281952563822,0.8769713839522585,0.09315681130412368,0.20173444796027318,131.01376981894327,11.628934726106454,0.82,0.896,0.8706571819527689,0.92,0.9743999999999999,0.9750968112347422,0.17333333333333334,0.11786666666666645,0.1986176554072866,0.2856558692260062,504.410202255316,219.19196780632683,377.2143752113092,32.79431255181214,11.326869493674533,18.29406341803709
20,7,5,3,1,0.7,31,0.94,0.8133333333333334,0.1266666666666666,0.9808,0.8967111111111111,0.08408888888888888,0.9758857044138913,0.8731112141568141,0.10277449025707719,0.22268819345745533,129.09856402549678,10.80975391995792,0.86,0.9191111111111112,0.9118218755882597,0.94,0.9808,0.9781509465791335,0.1266666666666667,0.10968888888888895,0.1571973067781327,0.39986734343551067,468.11887216094135,284.3689063543131,381.16882562479867,44.55779023572975,9.083161167621824,22.110144543313293
20,8,5,3,1,0.8,31,0.94,0.8,0.1399999999999999,0.9792,0.8864000000000001,0.09279999999999988,0.9730285615567484,0.8541816915999213,0.11884686995682714,0.2673566961828829,132.7749073934835,9.832595053952126,0.86,0.9111111111111111,0.9019487866210125,0.94,0.9792000000000001,0.9782771071288234,0.17333333333333323,0.17351111111111106,0.24774606505729324,0.3670103843379469,512.1842681267785,285.7746502872666,407.7765187664213,27.184828378268627,8.605109705415934,17.41544508193261
20,9,5,3,1,0.9,31,0.94,0.8,0.1399999999999999,0.9792,0.8830222222222223,0.0961777777777777,0.9730285615567484,0.8490021331204723,0.12402642843627609,0.2793313853381394,128.42888161940573,9.66319555756844,0.8933333333333333,0.928711111111111,0.9187035379770176,0.94,0.9696,0.9684163846781547,0.15999999999999992,0.14044444444444437,0.20680357710839337,0.4288282233525599,452.526912685886,231.5361689029782,358.29098566530286,24.949755923056138,11.792655740094474,16.540660922160022
20,10,5,3,1,1.0,31,0.94,0.8,0.1399999999999999,0.9792,0.8856888888888889,0.0935111111111111,0.9730285615567484,0.850738510602184,0.12229005095456447,0.2814507240963103,124.71810226269153,9.457329041394205,0.8333333333333334,0.8988444444444444,0.885906904494474,0.92,0.976,0.9748648971166134,0.1466666666666666,0.1418666666666667,0.22697416408249038,0.46298482268428576,471.15236826338287,253.5671802180501,367.1956893543078,35.779853518457074,12.02302188561093,19.083463297466977
20,11,5,3,1,1.1,31,0.92,0.8,0.12,0.9792,0.8871111111111111,0.09208888888888889,0.9730285615567484,0.8526020327421364,0.12042652881461202,0.28360635914711596,126.50904534724759,9.233637894482877,0.8133333333333334,0.9093333333333333,0.8948840304668921,0.92,0.9696,0.9701615659702617,0.16000000000000003,0.15537777777777773,0.21420245756581258,0.44902962653453526,457.1589743496973,267.8096685293567,379.1721363124361,28.55168253744901,12.018827211550331,18.839782166483136
20,12,5,3,1,1.2,31,0.92,0.8,0.12,0.9792,0.8846222222222223,0.09457777777777765,0.9730285615567484,0.8492694788533237,0.12375908270342473,0.28566036203891254,118.29981224761431,9.220003327531149,0.8333333333333334,0.9192888888888888,0.9032962964568391,0.94,0.9776,0.9750234103472494,0.19999999999999996,0.17600000000000005,0.20493812078786822,0.39771916739227414,452.3144004127986,257.86971738565296,377.42292035250335,28.31271200990779,9.848294881544343,18.149589838365195
20,13,5,3,1,1.3,31,0.92,0.7933333333333333,0.1266666666666667,0.9808,0.8856888888888889,0.09511111111111115,0.9758857044138913,0.8435994545730868,0.1322862498408045,0.292414065555887,118.94212918613239,8.822718594826604,0.8333333333333334,0.9144888888888889,0.9102268370210624,0.96,0.9823999999999999,0.978552371080558,0.18666666666666665,0.19377777777777783,0.25961904276546965,0.538949882168585,446.7405926995324,229.66601502666325,357.2285913605652,40.26124785746448,8.515008522027248,17.58885910853041
20,14,5,3,1,1.4,31,0.94,0.8,0.1399999999999999,0.9808,0.8849777777777779,0.09582222222222214,0.9758857044138913,0.842262779968217,0.13362292444567436,0.3001153904168513,120.95412781910287,8.440379115367996,0.8266666666666667,0.8981333333333333,0.89045709933876,0.92,0.9648,0.9686313686313688,0.17333333333333334,0.12746666666666684,0.2125480496884452,0.338941045291687,454.6207292642003,236.2746859009337,353.85585903868696,33.180698073958155,11.713847568441793,19.595951415934536
20,15,5,3,1,1.5,31,0.94,0.8,0.1399999999999999,0.9808,0.8833777777777778,0.09742222222222219,0.9758857044138913,0.8398925854237905,0.1359931189901008,0.3076483138485647,115.22847399186671,8.380810973885037,0.8133333333333334,0.9153777777777777,0.8931699868347055,0.94,0.9808,0.9771278696560566,0.19999999999999996,0.19146666666666667,0.279212319240452,0.5023885939383477,427.3896958200485,214.15239495769345,306.07694887379904,36.823309968513996,9.393999395547583,19.267703346486208
20,16,5,3,1,1.6,31,0.94,0.8,0.1399999999999999,0.9808,0.8785777777777778,0.10222222222222221,0.9758857044138913,0.8348174596929117,0.14106824472097967,0.31890304074558784,110.5819572819053,8.289771775016389,0.82,0.8954666666666667,0.8854519940245564,0.94,0.9776,0.9806830238814894,0.20666666666666667,0.1724444444444444,0.25359067659143497,0.6512836427056193,432.441349496721,267.14185790721143,353.5949677234016,29.229178896427392,10.396222380254803,18.790755032170686
20,17,5,3,1,1.7,31,0.94,0.7933333333333333,0.1466666666666666,0.9808,0.8741333333333333,0.10666666666666669,0.9758857044138913,0.8287919435479508,0.1470937608659405,0.3319903799571792,106.94611507565918,8.165245783816175,0.84,0.915911111111111,0.9124339442467722,0.94,0.9792,0.9776478030995195,0.17999999999999994,0.15271111111111113,0.20758318674162124,0.36199877130300184,435.05409488915274,182.97842186528453,341.2655557850841,35.29076678506804,9.869773140635552,19.148280944065224
20,18,5,3,1,1.8,31,0.94,0.7933333333333333,0.1466666666666666,0.9792,0.8712888888888889,0.10791111111111107,0.9730285615567484,0.833111728624413,0.13991683293233548,0.3432652947744218,104.06377203041191,7.973678048235762,0.8466666666666667,0.9155555555555556,0.8983541022124547,0.94,0.976,0.9762327719675982,0.20666666666666667,0.18062222222222213,0.24843073913004177,0.6889745978688281,454.3570521377393,143.70639425669893,315.89905941140876,28.34779828776557,9.851844324709857,17.7943731487263
20,19,5,3,1,1.9,31,0.94,0.7866666666666666,0.15333333333333332,0.9792,0.8672000000000001,0.11199999999999988,0.9730285615567484,0.8323653687622186,0.14066319279452988,0.34909609638307865,102.01234217574859,7.967228486235931,0.8266666666666667,0.8965333333333333,0.8854803590878224,0.94,0.976,0.9786128052112708,0.17999999999999994,0.18008888888888885,0.21861864827858335,0.336273450689509,423.107919716996,224.38517801910393,306.4856079094034,36.58189553937219,11.207773776025558,17.912796301307406
20,20,5,3,1,2.0,31,0.94,0.8066666666666666,0.1333333333333333,0.9792000000000001,0.8664888888888889,0.1127111111111112,0.9744612029893899,0.8245025780952813,0.1499586248941086,0.3503790810859847,101.04349475294231,8.071696585371896,0.8133333333333334,0.8974222222222222,0.8829100462514864,0.94,0.9808,0.9771278696560566,0.16666666666666674,0.1704888888888888,0.2577615332868296,0.39385566600756383,409.4686999114786,209.672179716133,311.55678385150827,22.06092041019108,10.063652469257951,16.74992151795002
20,21,5,3,1,2.1,31,0.94,0.8066666666666666,0.1333333333333333,0.9792000000000001,0.8640000000000001,0.11519999999999997,0.9744612029893899,0.8190617804590359,0.155399422530354,0.3518951675014628,98.81162770727036,8.076227834643843,0.82,0.8931555555555555,0.8974677872392809,0.92,0.9776,0.9784903067946547,0.19333333333333336,0.1870222222222222,0.2472880006651461,0.3456656318604868,384.92480317521097,197.80987948359058,288.6707964500349,41.01125545080172,10.25425402163691,20.08074556716912
20,22,5,3,1,2.2,31,0.94,0.8,0.1399999999999999,0.976,0.8645333333333333,0.11146666666666671,0.9701271370553239,0.8247376759247187,0.14538946113060525,0.35476141330237043,96.46465578222426,7.9026475836352805,0.8533333333333334,0.9109333333333334,0.9018453532463644,0.94,0.9823999999999999,0.981403358655075,0.19999999999999996,0.1578666666666667,0.21892202030128904,0.46532212176680254,451.9474242120865,201.18724473902262,309.3962929866681,32.94631873251005,9.732573033473107,18.77603737515197
20,23,5,3,1,2.3,31,0.94,0.7933333333333333,0.1466666666666666,0.9776,0.8643555555555557,0.11324444444444437,0.9729842799124668,0.8294192696957261,0.14356501021674073,0.3564880661281826,95.2423559146679,7.8114141648789,0.82,0.8876444444444445,0.8689024972882881,0.94,0.9856,0.984831373135721,0.17333333333333334,0.17262222222222223,0.28635728677756767,0.4387829574283897,328.688394713467,149.61699682774127,244.1617580808802,40.25848183138737,8.042550814537547,17.355670407044812
20,24,5,3,1,2.4,31,0.94,0.7933333333333333,0.1466666666666666,0.9776,0.8647111111111112,0.11288888888888882,0.9729842799124668,0.8315335852382023,0.14145069467426452,0.35699014785554417,94.65727867812994,7.784781267562035,0.8133333333333334,0.9168000000000001,0.9063846769675169,0.94,0.9776,0.9768731452455591,0.18666666666666665,0.1605333333333332,0.1655386282037774,0.4028230794335287,381.3049360457714,134.1424603352658,239.92804079746406,33.03387844325931,9.309011291070004,18.685370824217173
20,25,5,3,1,2.5,31,0.94,0.7933333333333333,0.1466666666666666,0.9776,0.8647111111111111,0.11288888888888893,0.9729842799124668,0.8327173242537338,0.14026695565873304,0.35874373101695733,94.7295459840264,7.763770258502407,0.78,0.8906666666666667,0.8766520458490373,0.94,0.9728,0.9760785645726824,0.20666666666666667,0.20533333333333337,0.21713555761564773,0.5402975183738387,385.7097862426261,151.65293327246127,280.34536315705253,34.13631458944809,10.538541443783974,19.673866271510224
20,26,5,3,1,2.6,31,0.94,0.7933333333333333,0.1466666666666666,0.9776,0.8650666666666667,0.11253333333333337,0.9729842799124668,0.8375356656849922,0.13544861422747467,0.35978800464971283,95.75257908936644,7.67356102788604,0.82,0.9116444444444445,0.9157261866024573,0.9,0.9664,0.9667844834126703,0.15333333333333332,0.16604444444444444,0.17064585120346865,0.2760476476912109,338.4685064368337,133.67000325062355,245.24534788529326,35.228877906465954,12.97430883873781,19.265621247989717
20,27,5,3,1,2.7,31,0.94,0.7866666666666666,0.15333333333333332,0.9792000000000001,0.8664888888888889,0.1127111111111112,0.9756509465791335,0.8393797664858986,0.1362711800932349,0.3616197567830418,98.02085729076086,7.569589742770514,0.82,0.8947555555555556,0.8864825770291341,0.92,0.9632000000000001,0.9749549119569343,0.18666666666666665,0.14951111111111115,0.1685824258395432,0.37773649658509384,280.08202216747475,184.5672731242974,242.17155940850188,27.023958068426406,11.979501677350177,17.47282454723696
20,28,5,3,1,2.8,31,0.94,0.78,0.15999999999999992,0.9808,0.866311111111111,0.11448888888888897,0.9781509465791335,0.8406784986126505,0.13747244796648295,0.3648802382694566,101.13769808042768,7.484037538422587,0.8,0.8810666666666667,0.8777971588715756,0.92,0.9664,0.9664326519047418,0.19333333333333336,0.16088888888888886,0.20585217269625966,0.3198937879361152,337.15527740988114,124.9559699901385,235.61681455275658,32.31718604795233,10.897151459982995,18.56279493358832
20,29,5,3,1,2.9,31,0.94,0.7733333333333333,0.16666666666666663,0.9808,0.8643555555555557,0.11644444444444435,0.9781509465791335,0.8391208580395922,0.13903008853954124,0.3689494345194845,103.54685749525677,7.413304810175276,0.7933333333333333,0.8791111111111111,0.8849703183850218,0.92,0.9664,0.9738518518518519,0.19333333333333336,0.1783111111111111,0.20919801671397975,0.4352479594224242,324.5047839752457,133.54103133608078,223.0406841488506,32.79873244022034,11.84334194972783,19.608253694984707
