seed,run,i,B,K,xi,gamma,C,C_acc_train,C_acc_test,C_gap_acc,C_auroc_train,C_auroc_test,C_gap_auroc,C_auprc_train,C_auprc_test,C_gap_auprc,C_hinge_gap,C_J_w,C_J_xi,Q_acc_test_max,Q_auroc_test_max,Q_auprc_test_max,Q_acc_train_max,Q_auroc_train_max,Q_auprc_train_max,Q_gap_acc_max,Q_gap_auroc_max,Q_gap_auprc_max,Q_hinge_gap_min,Q_J_w_max,Q_J_w_min,Q_J_w_mean,Q_J_xi_max,Q_J_xi_min,Q_J_xi_mean,alpha_npz_path,Q_topk
44,1,0,5,3,1,0.0,31,0.5,0.5,0.0,0.5,0.5,0.0,0.5,0.5,0.0,0.0,-1.0097419586828951e-28,50.0,0.5,0.5,0.5,0.5,0.5,0.5,0.0,0.0,0.0,0.0,0.5,0.0,0.075,50.0,50.0,50.0,C:\Users\cotjq\OneDrive\Desktop\python_code\Quantum Computing Lab\SVM_Data\alpha data\seed_44\alpha_seed44_run001_idx00_g0.00_B5_K3_xi1_C31.npz,20
44,1,1,5,3,1,0.1,31,0.84,0.7666666666666667,0.07333333333333325,0.9344,0.8661333333333333,0.0682666666666667,0.9404859519565403,0.848163110503393,0.09232284145314729,0.11704885812190402,228.38105741405118,23.19621495493452,0.7466666666666667,0.8627555555555555,0.8428818254286673,0.82,0.9344,0.941393888017727,0.15333333333333332,0.16160000000000008,0.20350253624661696,0.13831131927543844,254.62274525353587,137.36403204393923,190.3831610923112,50.82670211792696,24.150092623851613,29.559682789923166,C:\Users\cotjq\OneDrive\Desktop\python_code\Quantum Computing Lab\SVM_Data\alpha data\seed_44\alpha_seed44_run001_idx01_g0.10_B5_K3_xi1_C31.npz,20
44,1,2,5,3,1,0.2,31,0.88,0.8066666666666666,0.07333333333333336,0.9488000000000001,0.8922666666666667,0.056533333333333435,0.9513585296529239,0.8685758333167728,0.0827826963361511,0.12509523898395275,175.18249314917824,17.29259799480108,0.8133333333333334,0.9061333333333333,0.8792347095421931,0.9,0.9584,0.9621931998286573,0.1466666666666666,0.1392000000000001,0.18309997049772098,0.1264682427731052,304.2662881047013,155.5691181721482,230.47317151557849,29.814035943941235,17.151119666998262,21.011901905877387,C:\Users\cotjq\OneDrive\Desktop\python_code\Quantum Computing Lab\SVM_Data\alpha data\seed_44\alpha_seed44_run001_idx02_g0.20_B5_K3_xi1_C31.npz,20
44,1,3,5,3,1,0.3,31,0.88,0.8066666666666666,0.07333333333333336,0.9648,0.8981333333333335,0.06666666666666654,0.9649868006606398,0.8766116205431189,0.08837518011752088,0.14051579389435848,145.98951634135295,15.404328543836913,0.88,0.9281777777777778,0.8963497039824341,0.9,0.9632,0.9688562140286279,0.17999999999999994,0.16195555555555563,0.17908966348196131,0.1656164489021998,369.00119389214836,158.88715194858975,270.336607620277,27.79542094258506,13.574661190959674,19.919985067963115,C:\Users\cotjq\OneDrive\Desktop\python_code\Quantum Computing Lab\SVM_Data\alpha data\seed_44\alpha_seed44_run001_idx03_g0.30_B5_K3_xi1_C31.npz,20
44,1,4,5,3,1,0.4,31,0.9,0.8133333333333334,0.08666666666666667,0.9712000000000001,0.8917333333333334,0.07946666666666669,0.9659035310317179,0.8722865664318659,0.09361696459985203,0.18489741895697243,156.10066059701515,13.327616246321597,0.8466666666666667,0.9166222222222222,0.901027175263799,0.92,0.9648,0.9641332387419344,0.14,0.15431111111111107,0.22154010993885498,0.23254835073546148,403.76049120845704,217.91372879414837,317.91753740375566,29.860881363809384,12.57221256567519,19.867881030572278,C:\Users\cotjq\OneDrive\Desktop\python_code\Quantum Computing Lab\SVM_Data\alpha data\seed_44\alpha_seed44_run001_idx04_g0.40_B5_K3_xi1_C31.npz,20
44,1,5,5,3,1,0.5,31,0.9,0.82,0.08000000000000007,0.9696,0.8942222222222224,0.07537777777777765,0.9643093281331672,0.8747770010911495,0.08953232704201763,0.1837385832775913,128.23843792865944,12.977071320186983,0.8666666666666667,0.9235555555555556,0.9085577783310445,0.9,0.9712,0.9701439485000127,0.15999999999999992,0.1413333333333333,0.1824784802910333,0.3351225804885696,455.4256139747714,98.83593245560238,342.71979349802024,42.58488742835001,11.738277383875818,21.02774444807776,C:\Users\cotjq\OneDrive\Desktop\python_code\Quantum Computing Lab\SVM_Data\alpha data\seed_44\alpha_seed44_run001_idx05_g0.50_B5_K3_xi1_C31.npz,20
44,1,6,5,3,1,0.6,31,0.9,0.82,0.08000000000000007,0.9744,0.8986666666666667,0.07573333333333332,0.9701281952563822,0.8769713839522585,0.09315681130412368,0.20173444796027318,131.01376981894327,11.628934726106454,0.86,0.9182222222222222,0.9073356584864762,0.92,0.968,0.964792336378418,0.14,0.12071111111111121,0.17535855842646708,0.39133168882781727,506.47294341663456,213.87801122121962,360.42468385936206,31.08132207213802,12.06773988712612,18.42648022068397,C:\Users\cotjq\OneDrive\Desktop\python_code\Quantum Computing Lab\SVM_Data\alpha data\seed_44\alpha_seed44_run001_idx06_g0.60_B5_K3_xi1_C31.npz,20
44,1,7,5,3,1,0.7,31,0.94,0.8133333333333334,0.1266666666666666,0.9808,0.8967111111111111,0.08408888888888888,0.9758857044138913,0.8731112141568141,0.10277449025707719,0.22268819345745533,129.09856402549678,10.80975391995792,0.8666666666666667,0.9292444444444445,0.9103366654938306,0.94,0.976,0.9748488971351486,0.15333333333333332,0.1352888888888888,0.19308505221394812,0.33118729924082413,492.1135326817433,265.1636601103759,386.7215851770504,46.32425152076297,11.28126061211956,19.439318345818755,C:\Users\cotjq\OneDrive\Desktop\python_code\Quantum Computing Lab\SVM_Data\alpha data\seed_44\alpha_seed44_run001_idx07_g0.70_B5_K3_xi1_C31.npz,20
44,1,8,5,3,1,0.8,31,0.94,0.8,0.1399999999999999,0.9792,0.8864000000000001,0.09279999999999988,0.9730285615567484,0.8541816915999213,0.11884686995682714,0.2673566961828829,132.7749073934835,9.832595053952126,0.8333333333333334,0.9013333333333334,0.8914879169344878,0.92,0.968,0.9699777607235948,0.18666666666666665,0.18257777777777773,0.2472063257227659,0.3765290597969553,468.78314188313874,276.82794475888403,369.5043867337125,53.096117492612095,11.120387507907562,21.797304503382186,C:\Users\cotjq\OneDrive\Desktop\python_code\Quantum Computing Lab\SVM_Data\alpha data\seed_44\alpha_seed44_run001_idx08_g0.80_B5_K3_xi1_C31.npz,20
44,1,9,5,3,1,0.9,31,0.94,0.8,0.1399999999999999,0.9792,0.8830222222222223,0.0961777777777777,0.9730285615567484,0.8490021331204723,0.12402642843627609,0.2793313853381394,128.42888161940573,9.66319555756844,0.84,0.9109333333333334,0.89799738381137,0.92,0.9824,0.980503887755604,0.14,0.10648888888888886,0.17551841793873424,0.29270160440766646,515.3242485765973,264.7902950257301,373.3193553371334,31.07973324720001,10.522366574691679,19.60091123256918,C:\Users\cotjq\OneDrive\Desktop\python_code\Quantum Computing Lab\SVM_Data\alpha data\seed_44\alpha_seed44_run001_idx09_g0.90_B5_K3_xi1_C31.npz,20
44,1,10,5,3,1,1.0,31,0.94,0.8,0.1399999999999999,0.9792,0.8856888888888889,0.0935111111111111,0.9730285615567484,0.850738510602184,0.12229005095456447,0.2814507240963103,124.71810226269153,9.457329041394205,0.82,0.8906666666666667,0.8703676693522188,0.94,0.976,0.9782327719675982,0.17999999999999994,0.1539555555555555,0.20082593564923823,0.34520861863745445,485.95337049933653,274.92778194983185,382.3329753514843,32.21472481872766,11.37803029701914,18.772571377386566,C:\Users\cotjq\OneDrive\Desktop\python_code\Quantum Computing Lab\SVM_Data\alpha data\seed_44\alpha_seed44_run001_idx10_g1.00_B5_K3_xi1_C31.npz,20
44,1,11,5,3,1,1.1,31,0.92,0.8,0.12,0.9792,0.8871111111111111,0.09208888888888889,0.9730285615567484,0.8526020327421364,0.12042652881461202,0.28360635914711596,126.50904534724759,9.233637894482877,0.86,0.9168000000000001,0.9021110884415722,0.92,0.9824,0.9796278696560565,0.15333333333333332,0.1690666666666667,0.22619269562132982,0.47339566123365795,510.39522726937537,267.57944154705234,379.4357428235228,29.96455403823931,9.987098298570267,17.277383097068103,C:\Users\cotjq\OneDrive\Desktop\python_code\Quantum Computing Lab\SVM_Data\alpha data\seed_44\alpha_seed44_run001_idx11_g1.10_B5_K3_xi1_C31.npz,20
44,1,12,5,3,1,1.2,31,0.92,0.8,0.12,0.9792,0.8846222222222223,0.09457777777777765,0.9730285615567484,0.8492694788533237,0.12375908270342473,0.28566036203891254,118.29981224761431,9.220003327531149,0.84,0.9077333333333334,0.8848935423217298,0.94,0.9824,0.9796278696560565,0.17333333333333334,0.15093333333333336,0.24052197849074153,0.2760932346830214,461.1714801352982,253.74947561089198,361.90649479421,35.349930833219624,10.690460856606874,18.19875419487155,C:\Users\cotjq\OneDrive\Desktop\python_code\Quantum Computing Lab\SVM_Data\alpha data\seed_44\alpha_seed44_run001_idx12_g1.20_B5_K3_xi1_C31.npz,20
44,1,13,5,3,1,1.3,31,0.92,0.7933333333333333,0.1266666666666667,0.9808,0.8856888888888889,0.09511111111111115,0.9758857044138913,0.8435994545730868,0.1322862498408045,0.292414065555887,118.94212918613239,8.822718594826604,0.8333333333333334,0.9096888888888889,0.9030731853262359,0.94,0.984,0.9819808108325272,0.16666666666666674,0.1664,0.22923244039335833,0.5630685668052553,448.8759652785356,233.22790656823554,353.01456881500405,26.77591615836314,9.683064173433667,18.116956167768027,C:\Users\cotjq\OneDrive\Desktop\python_code\Quantum Computing Lab\SVM_Data\alpha data\seed_44\alpha_seed44_run001_idx13_g1.30_B5_K3_xi1_C31.npz,20
44,1,14,5,3,1,1.4,31,0.94,0.8,0.1399999999999999,0.9808,0.8849777777777779,0.09582222222222214,0.9758857044138913,0.842262779968217,0.13362292444567436,0.3001153904168513,120.95412781910287,8.440379115367996,0.8333333333333334,0.9111111111111111,0.9007614004245786,0.92,0.9712000000000001,0.9714086759184568,0.21999999999999997,0.20853333333333346,0.26687516944156653,0.3593313830008734,402.5878047172623,177.13918692002687,318.0447778134809,27.15105980452134,12.402100110946634,18.15828702914472,C:\Users\cotjq\OneDrive\Desktop\python_code\Quantum Computing Lab\SVM_Data\alpha data\seed_44\alpha_seed44_run001_idx14_g1.40_B5_K3_xi1_C31.npz,20
44,1,15,5,3,1,1.5,31,0.94,0.8,0.1399999999999999,0.9808,0.8833777777777778,0.09742222222222219,0.9758857044138913,0.8398925854237905,0.1359931189901008,0.3076483138485647,115.22847399186671,8.380810973885037,0.8333333333333334,0.9063111111111112,0.898185558284022,0.92,0.9743999999999999,0.9750968112347422,0.18666666666666665,0.17137777777777752,0.24220909607306118,0.48928980536658623,448.4480575077691,276.34563465426277,357.9897257941856,30.34762202677641,10.979808640071989,18.997254053428563,C:\Users\cotjq\OneDrive\Desktop\python_code\Quantum Computing Lab\SVM_Data\alpha data\seed_44\alpha_seed44_run001_idx15_g1.50_B5_K3_xi1_C31.npz,20
44,1,16,5,3,1,1.6,31,0.94,0.8,0.1399999999999999,0.9808,0.8785777777777778,0.10222222222222221,0.9758857044138913,0.8348174596929117,0.14106824472097967,0.31890304074558784,110.5819572819053,8.289771775016389,0.8466666666666667,0.9157333333333333,0.9082424704045285,0.94,0.968,0.9706723884810842,0.22666666666666657,0.16391111111111112,0.22364975974729517,0.49646164933034287,396.54177060252374,241.30592675692432,311.4246909555633,47.98553856401314,11.692534891738703,21.097766636330697,C:\Users\cotjq\OneDrive\Desktop\python_code\Quantum Computing Lab\SVM_Data\alpha data\seed_44\alpha_seed44_run001_idx16_g1.60_B5_K3_xi1_C31.npz,20
44,1,17,5,3,1,1.7,31,0.94,0.7933333333333333,0.1466666666666666,0.9808,0.8741333333333333,0.10666666666666669,0.9758857044138913,0.8287919435479508,0.1470937608659405,0.3319903799571792,106.94611507565918,8.165245783816175,0.82,0.9008,0.8997073199478033,0.92,0.9792000000000001,0.979760148064496,0.14666666666666672,0.1703111111111112,0.2516747962616085,0.5399600144820355,416.75653423838537,197.19219347703506,322.761571498664,40.12374479624371,10.378531042262166,17.92692630063881,C:\Users\cotjq\OneDrive\Desktop\python_code\Quantum Computing Lab\SVM_Data\alpha data\seed_44\alpha_seed44_run001_idx17_g1.70_B5_K3_xi1_C31.npz,20
44,1,18,5,3,1,1.8,31,0.94,0.7933333333333333,0.1466666666666666,0.9792,0.8712888888888889,0.10791111111111107,0.9730285615567484,0.833111728624413,0.13991683293233548,0.3432652947744218,104.06377203041191,7.973678048235762,0.8266666666666667,0.9116444444444445,0.8986122148266191,0.92,0.968,0.9709837379531963,0.18000000000000005,0.14808888888888894,0.22500755018039498,0.6078533275521321,424.73737641041726,241.47095073603992,329.2828137549535,32.447899975160134,13.165060376435402,19.181644953106364,C:\Users\cotjq\OneDrive\Desktop\python_code\Quantum Computing Lab\SVM_Data\alpha data\seed_44\alpha_seed44_run001_idx18_g1.80_B5_K3_xi1_C31.npz,20
44,1,19,5,3,1,1.9,31,0.94,0.7866666666666666,0.15333333333333332,0.9792,0.8672000000000001,0.11199999999999988,0.9730285615567484,0.8323653687622186,0.14066319279452988,0.34909609638307865,102.01234217574859,7.967228486235931,0.8133333333333334,0.8913777777777778,0.8929804952886771,0.9,0.976,0.968527137055324,0.16666666666666674,0.16888888888888887,0.2742175510046039,0.322194569256048,422.41269704379647,246.03247643584075,334.7684029816463,41.95517904015732,11.674137890435956,19.5244547780278,C:\Users\cotjq\OneDrive\Desktop\python_code\Quantum Computing Lab\SVM_Data\alpha data\seed_44\alpha_seed44_run001_idx19_g1.90_B5_K3_xi1_C31.npz,20
44,1,20,5,3,1,2.0,31,0.94,0.8066666666666666,0.1333333333333333,0.9792000000000001,0.8664888888888889,0.1127111111111112,0.9744612029893899,0.8245025780952813,0.1499586248941086,0.3503790810859847,101.04349475294231,8.071696585371896,0.8266666666666667,0.8944000000000001,0.8920209771612035,0.9,0.976,0.9771515459139584,0.14,0.21706666666666663,0.297344778919195,0.28502222564321106,416.471700748206,148.99508013095692,288.75998897968464,34.628064507122254,11.242413114213454,18.803264996505686,C:\Users\cotjq\OneDrive\Desktop\python_code\Quantum Computing Lab\SVM_Data\alpha data\seed_44\alpha_seed44_run001_idx20_g2.00_B5_K3_xi1_C31.npz,20
44,1,21,5,3,1,2.1,31,0.94,0.8066666666666666,0.1333333333333333,0.9792000000000001,0.8640000000000001,0.11519999999999997,0.9744612029893899,0.8190617804590359,0.155399422530354,0.3518951675014628,98.81162770727036,8.076227834643843,0.86,0.916088888888889,0.9074637040568283,0.94,0.976,0.9746860788334473,0.19999999999999996,0.22382222222222214,0.3101784936567995,0.8131273305926834,344.1802774793408,152.85538869897326,264.33597219960416,31.261357865636985,9.372584567675649,18.09889821799404,C:\Users\cotjq\OneDrive\Desktop\python_code\Quantum Computing Lab\SVM_Data\alpha data\seed_44\alpha_seed44_run001_idx21_g2.10_B5_K3_xi1_C31.npz,20
44,1,22,5,3,1,2.2,31,0.94,0.8,0.1399999999999999,0.976,0.8645333333333333,0.11146666666666671,0.9701271370553239,0.8247376759247187,0.14538946113060525,0.35476141330237043,96.46465578222426,7.9026475836352805,0.8133333333333334,0.8721777777777777,0.8668367874877847,0.92,0.9712000000000001,0.9720159960177124,0.18000000000000005,0.19840000000000002,0.29347951873216827,0.3460581385289102,350.7807419026583,213.34008962112097,283.9342561752906,28.788686105281343,11.388600111350577,18.652385323552117,C:\Users\cotjq\OneDrive\Desktop\python_code\Quantum Computing Lab\SVM_Data\alpha data\seed_44\alpha_seed44_run001_idx22_g2.20_B5_K3_xi1_C31.npz,20
44,1,23,5,3,1,2.3,31,0.94,0.7933333333333333,0.1466666666666666,0.9776,0.8643555555555557,0.11324444444444437,0.9729842799124668,0.8294192696957261,0.14356501021674073,0.3564880661281826,95.2423559146679,7.8114141648789,0.8533333333333334,0.8906666666666667,0.8854615003878398,0.94,0.9712000000000001,0.9674115535609443,0.24,0.21475555555555548,0.3052114570732013,0.45640389880014387,353.8225162852973,139.96442226506866,269.0683387519131,27.63142739349422,11.705479415799307,17.11334178978468,C:\Users\cotjq\OneDrive\Desktop\python_code\Quantum Computing Lab\SVM_Data\alpha data\seed_44\alpha_seed44_run001_idx23_g2.30_B5_K3_xi1_C31.npz,20
44,1,24,5,3,1,2.4,31,0.94,0.7933333333333333,0.1466666666666666,0.9776,0.8647111111111112,0.11288888888888882,0.9729842799124668,0.8315335852382023,0.14145069467426452,0.35699014785554417,94.65727867812994,7.784781267562035,0.8466666666666667,0.8956444444444445,0.8960481169048327,0.94,0.9696,0.9758270270270271,0.18666666666666665,0.1557333333333334,0.17329454251044463,0.4353059556224313,394.1580708005063,111.60118047709726,261.65585630728464,38.39567470796516,11.170783766045009,20.461547092142517,C:\Users\cotjq\OneDrive\Desktop\python_code\Quantum Computing Lab\SVM_Data\alpha data\seed_44\alpha_seed44_run001_idx24_g2.40_B5_K3_xi1_C31.npz,20
44,1,25,5,3,1,2.5,31,0.94,0.7933333333333333,0.1466666666666666,0.9776,0.8647111111111111,0.11288888888888893,0.9729842799124668,0.8327173242537338,0.14026695565873304,0.35874373101695733,94.7295459840264,7.763770258502407,0.8,0.8760888888888889,0.8763459571902972,0.92,0.9647999999999999,0.9675192401279358,0.15333333333333332,0.1758222222222222,0.21168474084804978,0.24511772071886911,366.3730868614857,178.10943518012422,262.341863054896,32.026786373907676,13.081669797815646,21.049022546034596,C:\Users\cotjq\OneDrive\Desktop\python_code\Quantum Computing Lab\SVM_Data\alpha data\seed_44\alpha_seed44_run001_idx25_g2.50_B5_K3_xi1_C31.npz,20
44,1,26,5,3,1,2.6,31,0.94,0.7933333333333333,0.1466666666666666,0.9776,0.8650666666666667,0.11253333333333337,0.9729842799124668,0.8375356656849922,0.13544861422747467,0.35978800464971283,95.75257908936644,7.67356102788604,0.8266666666666667,0.8956444444444445,0.892947431031265,0.9,0.976,0.9791012736056215,0.15999999999999992,0.22986666666666666,0.32595917263470753,0.23553413505739812,331.9428831523487,125.34394300775689,245.27486008230844,29.59921544515708,10.732435548460773,17.995815937009787,C:\Users\cotjq\OneDrive\Desktop\python_code\Quantum Computing Lab\SVM_Data\alpha data\seed_44\alpha_seed44_run001_idx26_g2.60_B5_K3_xi1_C31.npz,20
44,1,27,5,3,1,2.7,31,0.94,0.7866666666666666,0.15333333333333332,0.9792000000000001,0.8664888888888889,0.1127111111111112,0.9756509465791335,0.8393797664858986,0.1362711800932349,0.3616197567830418,98.02085729076086,7.569589742770514,0.82,0.9073777777777778,0.9059331486934772,0.92,0.9712,0.9699483538949807,0.20000000000000007,0.16728888888888893,0.2052263546658879,0.5515905962118699,356.69004487145656,107.87606873332696,246.10003733338326,29.20137169761953,12.23466448027959,17.399546973081698,C:\Users\cotjq\OneDrive\Desktop\python_code\Quantum Computing Lab\SVM_Data\alpha data\seed_44\alpha_seed44_run001_idx27_g2.70_B5_K3_xi1_C31.npz,20
44,1,28,5,3,1,2.8,31,0.94,0.78,0.15999999999999992,0.9808,0.866311111111111,0.11448888888888897,0.9781509465791335,0.8406784986126505,0.13747244796648295,0.3648802382694566,101.13769808042768,7.484037538422587,0.78,0.8878222222222223,0.8858638354299901,0.92,0.984,0.9857753443377568,0.18666666666666665,0.17600000000000016,0.21385152068797975,0.3194307404255087,312.77955452709364,144.46566198417923,218.13730400859686,29.733057166937137,13.868842020556276,20.231793900573045,C:\Users\cotjq\OneDrive\Desktop\python_code\Quantum Computing Lab\SVM_Data\alpha data\seed_44\alpha_seed44_run001_idx28_g2.80_B5_K3_xi1_C31.npz,20
44,1,29,5,3,1,2.9,31,0.94,0.7733333333333333,0.16666666666666663,0.9808,0.8643555555555557,0.11644444444444435,0.9781509465791335,0.8391208580395922,0.13903008853954124,0.3689494345194845,103.54685749525677,7.413304810175276,0.82,0.8785777777777777,0.8848058200364715,0.94,0.968,0.969685338113525,0.2466666666666667,0.1811555555555554,0.21236513649089783,0.33886932174987305,371.7779725101067,138.73518101123355,247.2908176090391,26.489309345222978,11.409531608304706,17.656395848764294,C:\Users\cotjq\OneDrive\Desktop\python_code\Quantum Computing Lab\SVM_Data\alpha data\seed_44\alpha_seed44_run001_idx29_g2.90_B5_K3_xi1_C31.npz,20
44,2,0,5,3,1,0.0,31,0.5,0.5,0.0,0.5,0.5,0.0,0.5,0.5,0.0,0.0,-1.0097419586828951e-28,50.0,0.5,0.5,0.5,0.5,0.5,0.5,0.0,0.0,0.0,0.0,0.5,0.0,0.075,50.0,50.0,50.0,C:\Users\cotjq\OneDrive\Desktop\python_code\Quantum Computing Lab\SVM_Data\alpha data\seed_44\alpha_seed44_run002_idx00_g0.00_B5_K3_xi1_C31.npz,20
44,2,1,5,3,1,0.1,31,0.84,0.7666666666666667,0.07333333333333325,0.9344,0.8661333333333333,0.0682666666666667,0.9404859519565403,0.848163110503393,0.09232284145314729,0.11704885812190402,228.38105741405118,23.19621495493452,0.8133333333333334,0.8938666666666667,0.8512876948358341,0.84,0.9552,0.9580696214474682,0.16666666666666674,0.16088888888888897,0.1842309764682194,0.0702055481147002,233.844648182112,124.13303535027637,177.6695215785923,37.59864757807771,24.640619990966254,28.388228330062645,C:\Users\cotjq\OneDrive\Desktop\python_code\Quantum Computing Lab\SVM_Data\alpha data\seed_44\alpha_seed44_run002_idx01_g0.10_B5_K3_xi1_C31.npz,20
44,2,2,5,3,1,0.2,31,0.88,0.8066666666666666,0.07333333333333336,0.9488000000000001,0.8922666666666667,0.056533333333333435,0.9513585296529239,0.8685758333167728,0.0827826963361511,0.12509523898395275,175.18249314917824,17.29259799480108,0.8333333333333334,0.9091555555555555,0.8898285674783477,0.88,0.9503999999999999,0.9536783815387935,0.18666666666666665,0.16195555555555552,0.16779264055294285,0.14692786472284375,349.37261050267705,115.10918263778203,239.50548394525944,34.55532945267702,17.00585272761177,21.646307030839814,C:\Users\cotjq\OneDrive\Desktop\python_code\Quantum Computing Lab\SVM_Data\alpha data\seed_44\alpha_seed44_run002_idx02_g0.20_B5_K3_xi1_C31.npz,20
44,2,3,5,3,1,0.3,31,0.88,0.8066666666666666,0.07333333333333336,0.9648,0.8981333333333335,0.06666666666666654,0.9649868006606398,0.8766116205431189,0.08837518011752088,0.14051579389435848,145.98951634135295,15.404328543836913,0.8533333333333334,0.9269333333333334,0.9136797393792756,0.9,0.9567999999999999,0.9598799444037505,0.1466666666666666,0.12071111111111121,0.1826093073975763,0.21024135873101024,338.2296350887292,162.07024242756555,249.00733961359032,33.335535120033384,15.371996635472644,20.46067861722836,C:\Users\cotjq\OneDrive\Desktop\python_code\Quantum Computing Lab\SVM_Data\alpha data\seed_44\alpha_seed44_run002_idx03_g0.30_B5_K3_xi1_C31.npz,20
44,2,4,5,3,1,0.4,31,0.9,0.8133333333333334,0.08666666666666667,0.9712000000000001,0.8917333333333334,0.07946666666666669,0.9659035310317179,0.8722865664318659,0.09361696459985203,0.18489741895697243,156.10066059701515,13.327616246321597,0.84,0.9262222222222223,0.9102523930653762,0.9,0.9744,0.9710529874426348,0.1399999999999999,0.14897777777777765,0.2074858991265135,0.2516064837272769,478.66665517268655,128.2759811745169,280.3800282592218,25.009279078577205,12.028153545071323,18.051358840744467,C:\Users\cotjq\OneDrive\Desktop\python_code\Quantum Computing Lab\SVM_Data\alpha data\seed_44\alpha_seed44_run002_idx04_g0.40_B5_K3_xi1_C31.npz,20
44,2,5,5,3,1,0.5,31,0.9,0.82,0.08000000000000007,0.9696,0.8942222222222224,0.07537777777777765,0.9643093281331672,0.8747770010911495,0.08953232704201763,0.1837385832775913,128.23843792865944,12.977071320186983,0.8466666666666667,0.9112888888888889,0.9089450715004357,0.94,0.9792,0.9770735912397092,0.15333333333333332,0.16675555555555555,0.216855474585125,0.27719936435703196,494.25882927668715,249.79871385440006,358.0968147126231,25.49348656925404,11.881504074647975,18.23347637282037,C:\Users\cotjq\OneDrive\Desktop\python_code\Quantum Computing Lab\SVM_Data\alpha data\seed_44\alpha_seed44_run002_idx05_g0.50_B5_K3_xi1_C31.npz,20
44,2,6,5,3,1,0.6,31,0.9,0.82,0.08000000000000007,0.9744,0.8986666666666667,0.07573333333333332,0.9701281952563822,0.8769713839522585,0.09315681130412368,0.20173444796027318,131.01376981894327,11.628934726106454,0.8333333333333334,0.9091555555555556,0.8921406199438527,0.94,0.9632000000000001,0.9664066220927037,0.19333333333333336,0.16266666666666663,0.1813105840184719,0.20584939966523075,454.389667738359,181.18357831606642,334.6318289848822,34.10322766630955,12.903604721694547,18.466085231212872,C:\Users\cotjq\OneDrive\Desktop\python_code\Quantum Computing Lab\SVM_Data\alpha data\seed_44\alpha_seed44_run002_idx06_g0.60_B5_K3_xi1_C31.npz,20
44,2,7,5,3,1,0.7,31,0.94,0.8133333333333334,0.1266666666666666,0.9808,0.8967111111111111,0.08408888888888888,0.9758857044138913,0.8731112141568141,0.10277449025707719,0.22268819345745533,129.09856402549678,10.80975391995792,0.8466666666666667,0.9185777777777778,0.9116930064660285,0.92,0.9712000000000001,0.9673222057547406,0.15333333333333332,0.15288888888888885,0.21692151039322827,0.48911085227761913,471.3567009721577,294.8689758839199,386.23639363832365,40.47195653574731,11.335800027170947,18.89518292435458,C:\Users\cotjq\OneDrive\Desktop\python_code\Quantum Computing Lab\SVM_Data\alpha data\seed_44\alpha_seed44_run002_idx07_g0.70_B5_K3_xi1_C31.npz,20
44,2,8,5,3,1,0.8,31,0.94,0.8,0.1399999999999999,0.9792,0.8864000000000001,0.09279999999999988,0.9730285615567484,0.8541816915999213,0.11884686995682714,0.2673566961828829,132.7749073934835,9.832595053952126,0.8533333333333334,0.9150222222222222,0.8939095788916913,0.94,0.9696,0.9741930230447393,0.16666666666666663,0.14293333333333325,0.2057338855969354,0.3600791136110401,524.1454548221247,220.47511832392195,375.6431790610961,27.739223357063523,10.520500760896986,17.873030127381213,C:\Users\cotjq\OneDrive\Desktop\python_code\Quantum Computing Lab\SVM_Data\alpha data\seed_44\alpha_seed44_run002_idx08_g0.80_B5_K3_xi1_C31.npz,20
44,2,9,5,3,1,0.9,31,0.94,0.8,0.1399999999999999,0.9792,0.8830222222222223,0.0961777777777777,0.9730285615567484,0.8490021331204723,0.12402642843627609,0.2793313853381394,128.42888161940573,9.66319555756844,0.86,0.9152000000000001,0.9102230758702425,0.9,0.9712,0.9689576587663544,0.16000000000000003,0.13688888888888884,0.21810197286052968,0.19939631368431238,479.7500183248872,278.85261257342177,395.3660616041601,37.567442276839834,12.85518870264209,20.568360093888145,C:\Users\cotjq\OneDrive\Desktop\python_code\Quantum Computing Lab\SVM_Data\alpha data\seed_44\alpha_seed44_run002_idx09_g0.90_B5_K3_xi1_C31.npz,20
44,2,10,5,3,1,1.0,31,0.94,0.8,0.1399999999999999,0.9792,0.8856888888888889,0.0935111111111111,0.9730285615567484,0.850738510602184,0.12229005095456447,0.2814507240963103,124.71810226269153,9.457329041394205,0.8533333333333334,0.9189333333333334,0.8930142321662489,0.92,0.9711999999999998,0.973781127085475,0.17999999999999994,0.1637333333333334,0.22047663589982525,0.3661973230453865,554.8077058561439,122.3187205215379,362.162053175253,34.7374029184111,12.975890424227906,19.892186600794336,C:\Users\cotjq\OneDrive\Desktop\python_code\Quantum Computing Lab\SVM_Data\alpha data\seed_44\alpha_seed44_run002_idx10_g1.00_B5_K3_xi1_C31.npz,20
44,2,11,5,3,1,1.1,31,0.92,0.8,0.12,0.9792,0.8871111111111111,0.09208888888888889,0.9730285615567484,0.8526020327421364,0.12042652881461202,0.28360635914711596,126.50904534724759,9.233637894482877,0.8466666666666667,0.9084444444444444,0.9000166146870932,0.94,0.9872,0.9856275344792508,0.14666666666666672,0.1386666666666666,0.20201151136098439,0.3634616011089946,510.7502937650671,275.56383854667683,386.30370498193713,34.83833098959582,9.535973226530704,17.908763587352315,C:\Users\cotjq\OneDrive\Desktop\python_code\Quantum Computing Lab\SVM_Data\alpha data\seed_44\alpha_seed44_run002_idx11_g1.10_B5_K3_xi1_C31.npz,20
44,2,12,5,3,1,1.2,31,0.92,0.8,0.12,0.9792,0.8846222222222223,0.09457777777777765,0.9730285615567484,0.8492694788533237,0.12375908270342473,0.28566036203891254,118.29981224761431,9.220003327531149,0.8266666666666667,0.908088888888889,0.8908601567398113,0.96,0.9808,0.9830309845077463,0.20666666666666667,0.16035555555555547,0.20175564723697315,0.3624589529174886,503.1970877083716,316.86033987106964,406.4877626434885,25.272467650178044,9.633650299079324,16.26221557697554,C:\Users\cotjq\OneDrive\Desktop\python_code\Quantum Computing Lab\SVM_Data\alpha data\seed_44\alpha_seed44_run002_idx12_g1.20_B5_K3_xi1_C31.npz,20
44,2,13,5,3,1,1.3,31,0.92,0.7933333333333333,0.1266666666666667,0.9808,0.8856888888888889,0.09511111111111115,0.9758857044138913,0.8435994545730868,0.1322862498408045,0.292414065555887,118.94212918613239,8.822718594826604,0.8266666666666667,0.9070222222222223,0.9020090231883592,0.92,0.9663999999999999,0.9700184784952401,0.14666666666666672,0.14684444444444444,0.23089857195603003,0.33885767847341175,467.0844243359688,235.4279707175799,355.56732808684086,44.1714547540848,12.253731622899084,21.483547079406346,C:\Users\cotjq\OneDrive\Desktop\python_code\Quantum Computing Lab\SVM_Data\alpha data\seed_44\alpha_seed44_run002_idx13_g1.30_B5_K3_xi1_C31.npz,20
44,2,14,5,3,1,1.4,31,0.94,0.8,0.1399999999999999,0.9808,0.8849777777777779,0.09582222222222214,0.9758857044138913,0.842262779968217,0.13362292444567436,0.3001153904168513,120.95412781910287,8.440379115367996,0.84,0.9164444444444444,0.9026452506986612,0.92,0.9696,0.9685816206318024,0.17333333333333334,0.19146666666666667,0.27359067603898524,0.5109494229930056,463.93163562577627,227.93242412389077,377.0531307900375,27.263516902857234,11.125893015410085,18.581252235545815,C:\Users\cotjq\OneDrive\Desktop\python_code\Quantum Computing Lab\SVM_Data\alpha data\seed_44\alpha_seed44_run002_idx14_g1.40_B5_K3_xi1_C31.npz,20
44,2,15,5,3,1,1.5,31,0.94,0.8,0.1399999999999999,0.9808,0.8833777777777778,0.09742222222222219,0.9758857044138913,0.8398925854237905,0.1359931189901008,0.3076483138485647,115.22847399186671,8.380810973885037,0.8333333333333334,0.901511111111111,0.8883284422640979,0.92,0.9792000000000001,0.9744612029893899,0.15333333333333332,0.1374222222222221,0.2042570500464289,0.3726911787253243,447.64791347754385,264.56629614199596,357.69573197861916,37.69404695275901,10.41543723754368,19.92223589478576,C:\Users\cotjq\OneDrive\Desktop\python_code\Quantum Computing Lab\SVM_Data\alpha data\seed_44\alpha_seed44_run002_idx15_g1.50_B5_K3_xi1_C31.npz,20
44,2,16,5,3,1,1.6,31,0.94,0.8,0.1399999999999999,0.9808,0.8785777777777778,0.10222222222222221,0.9758857044138913,0.8348174596929117,0.14106824472097967,0.31890304074558784,110.5819572819053,8.289771775016389,0.84,0.9027555555555556,0.9004167704314937,0.94,0.9776,0.9755966681627861,0.21333333333333326,0.1763555555555556,0.22410961473216673,0.6083064235280693,447.95042895754614,256.0097673940913,325.2148867843307,40.386551899339004,11.700338314025206,19.29252602276814,C:\Users\cotjq\OneDrive\Desktop\python_code\Quantum Computing Lab\SVM_Data\alpha data\seed_44\alpha_seed44_run002_idx16_g1.60_B5_K3_xi1_C31.npz,20
44,2,17,5,3,1,1.7,31,0.94,0.7933333333333333,0.1466666666666666,0.9808,0.8741333333333333,0.10666666666666669,0.9758857044138913,0.8287919435479508,0.1470937608659405,0.3319903799571792,106.94611507565918,8.165245783816175,0.84,0.9073777777777778,0.9003347288861074,0.92,0.9743999999999999,0.9737789133685607,0.17333333333333334,0.1578666666666666,0.26947541492008686,0.22322415333658296,412.4122859480615,197.84510779298583,314.58926016511407,30.8228620435382,12.337289915687691,17.787861379588453,C:\Users\cotjq\OneDrive\Desktop\python_code\Quantum Computing Lab\SVM_Data\alpha data\seed_44\alpha_seed44_run002_idx17_g1.70_B5_K3_xi1_C31.npz,20
44,2,18,5,3,1,1.8,31,0.94,0.7933333333333333,0.1466666666666666,0.9792,0.8712888888888889,0.10791111111111107,0.9730285615567484,0.833111728624413,0.13991683293233548,0.3432652947744218,104.06377203041191,7.973678048235762,0.8333333333333334,0.8999111111111112,0.8875651860005307,0.92,0.9792,0.9791495584874896,0.16000000000000003,0.17102222222222208,0.2613743496632328,0.3180219183925638,406.41986397127107,209.69209117823368,308.20219399839175,27.682584518537578,13.216703053387064,19.413987074742543,C:\Users\cotjq\OneDrive\Desktop\python_code\Quantum Computing Lab\SVM_Data\alpha data\seed_44\alpha_seed44_run002_idx18_g1.80_B5_K3_xi1_C31.npz,20
44,2,19,5,3,1,1.9,31,0.94,0.7866666666666666,0.15333333333333332,0.9792,0.8672000000000001,0.11199999999999988,0.9730285615567484,0.8323653687622186,0.14066319279452988,0.34909609638307865,102.01234217574859,7.967228486235931,0.8333333333333334,0.9146666666666667,0.9019971922706127,0.9,0.9728,0.9759461281766066,0.16666666666666663,0.1338666666666667,0.21569323458923695,0.25693466173979096,387.75275664586064,238.16449357533241,303.3167816370526,22.639953865107305,12.456560556947787,18.012299532393705,C:\Users\cotjq\OneDrive\Desktop\python_code\Quantum Computing Lab\SVM_Data\alpha data\seed_44\alpha_seed44_run002_idx19_g1.90_B5_K3_xi1_C31.npz,20
44,2,20,5,3,1,2.0,31,0.94,0.8066666666666666,0.1333333333333333,0.9792000000000001,0.8664888888888889,0.1127111111111112,0.9744612029893899,0.8245025780952813,0.1499586248941086,0.3503790810859847,101.04349475294231,8.071696585371896,0.8266666666666667,0.8992,0.8778360546984988,0.92,0.9696,0.9701388346486155,0.17333333333333334,0.18115555555555551,0.2922643648858766,0.4670700957065241,358.932153759856,197.79268185242512,290.79162359409963,23.864776302435324,11.68491073268975,17.26666671622409,C:\Users\cotjq\OneDrive\Desktop\python_code\Quantum Computing Lab\SVM_Data\alpha data\seed_44\alpha_seed44_run002_idx20_g2.00_B5_K3_xi1_C31.npz,20
44,2,21,5,3,1,2.1,31,0.94,0.8066666666666666,0.1333333333333333,0.9792000000000001,0.8640000000000001,0.11519999999999997,0.9744612029893899,0.8190617804590359,0.155399422530354,0.3518951675014628,98.81162770727036,8.076227834643843,0.8,0.893511111111111,0.8926615385149282,0.92,0.9744,0.9729139095420964,0.22666666666666668,0.2154666666666667,0.23212375655635786,0.4567608983804394,430.99848603780055,197.02941365825404,295.93372880566477,32.01349050083823,10.998561816217375,20.638962276575327,C:\Users\cotjq\OneDrive\Desktop\python_code\Quantum Computing Lab\SVM_Data\alpha data\seed_44\alpha_seed44_run002_idx21_g2.10_B5_K3_xi1_C31.npz,20
44,2,22,5,3,1,2.2,31,0.94,0.8,0.1399999999999999,0.976,0.8645333333333333,0.11146666666666671,0.9701271370553239,0.8247376759247187,0.14538946113060525,0.35476141330237043,96.46465578222426,7.9026475836352805,0.8133333333333334,0.8954666666666667,0.8807960672996618,0.92,0.9632,0.9677188145188146,0.17999999999999994,0.19199999999999995,0.29278162590291346,0.3592969293020296,392.01418472344477,189.24551290616813,287.30532300240964,23.295047708788516,13.100688610744276,17.987910948131407,C:\Users\cotjq\OneDrive\Desktop\python_code\Quantum Computing Lab\SVM_Data\alpha data\seed_44\alpha_seed44_run002_idx22_g2.20_B5_K3_xi1_C31.npz,20
44,2,23,5,3,1,2.3,31,0.94,0.7933333333333333,0.1466666666666666,0.9776,0.8643555555555557,0.11324444444444437,0.9729842799124668,0.8294192696957261,0.14356501021674073,0.3564880661281826,95.2423559146679,7.8114141648789,0.84,0.8974222222222222,0.884347330274539,0.92,0.976,0.975048754638402,0.16000000000000003,0.14471111111111112,0.25344905417007535,0.20985326115008615,366.8492959344318,109.52625595792175,257.97038253155085,32.1808128803433,10.85960899825565,20.706241124298774,C:\Users\cotjq\OneDrive\Desktop\python_code\Quantum Computing Lab\SVM_Data\alpha data\seed_44\alpha_seed44_run002_idx23_g2.30_B5_K3_xi1_C31.npz,20
44,2,24,5,3,1,2.4,31,0.94,0.7933333333333333,0.1466666666666666,0.9776,0.8647111111111112,0.11288888888888882,0.9729842799124668,0.8315335852382023,0.14145069467426452,0.35699014785554417,94.65727867812994,7.784781267562035,0.82,0.8990222222222223,0.8916780158878574,0.92,0.9776,0.9795092136471448,0.15333333333333332,0.15537777777777784,0.17916477926095498,0.40321766869593517,420.5743051176762,123.85777033384915,280.10336791043017,32.89724956368003,12.336871451695,19.678368580235787,C:\Users\cotjq\OneDrive\Desktop\python_code\Quantum Computing Lab\SVM_Data\alpha data\seed_44\alpha_seed44_run002_idx24_g2.40_B5_K3_xi1_C31.npz,20
44,2,25,5,3,1,2.5,31,0.94,0.7933333333333333,0.1466666666666666,0.9776,0.8647111111111111,0.11288888888888893,0.9729842799124668,0.8327173242537338,0.14026695565873304,0.35874373101695733,94.7295459840264,7.763770258502407,0.8066666666666666,0.8926222222222222,0.8794647979327884,0.92,0.976,0.9748648971166134,0.18000000000000005,0.16462222222222234,0.1687752691533042,0.35302189893535907,392.45104682778066,86.19432201398726,283.52128802729504,30.59292092326691,12.050896010659491,19.71955349422485,C:\Users\cotjq\OneDrive\Desktop\python_code\Quantum Computing Lab\SVM_Data\alpha data\seed_44\alpha_seed44_run002_idx25_g2.50_B5_K3_xi1_C31.npz,20
44,2,26,5,3,1,2.6,31,0.94,0.7933333333333333,0.1466666666666666,0.9776,0.8650666666666667,0.11253333333333337,0.9729842799124668,0.8375356656849922,0.13544861422747467,0.35978800464971283,95.75257908936644,7.67356102788604,0.7933333333333333,0.901511111111111,0.8981909047986528,0.94,0.9823999999999999,0.9816487546384021,0.17999999999999994,0.15075555555555564,0.19023250304478156,0.3770460285257319,309.51481810712085,173.53393164917193,241.4446762386191,31.985828777256447,10.50746701268384,17.33197279351531,C:\Users\cotjq\OneDrive\Desktop\python_code\Quantum Computing Lab\SVM_Data\alpha data\seed_44\alpha_seed44_run002_idx26_g2.60_B5_K3_xi1_C31.npz,20
44,2,27,5,3,1,2.7,31,0.94,0.7866666666666666,0.15333333333333332,0.9792000000000001,0.8664888888888889,0.1127111111111112,0.9756509465791335,0.8393797664858986,0.1362711800932349,0.3616197567830418,98.02085729076086,7.569589742770514,0.8266666666666667,0.9018666666666666,0.9072394609684042,0.92,0.9856,0.9857540177962967,0.24,0.19911111111111124,0.2433111790615181,0.3268383959091745,377.87529893532866,89.06580655750622,217.43614674472124,27.423953134225357,11.563313857835173,17.460780286675888,C:\Users\cotjq\OneDrive\Desktop\python_code\Quantum Computing Lab\SVM_Data\alpha data\seed_44\alpha_seed44_run002_idx27_g2.70_B5_K3_xi1_C31.npz,20
44,2,28,5,3,1,2.8,31,0.94,0.78,0.15999999999999992,0.9808,0.866311111111111,0.11448888888888897,0.9781509465791335,0.8406784986126505,0.13747244796648295,0.3648802382694566,101.13769808042768,7.484037538422587,0.7933333333333333,0.9130666666666667,0.8940088043708321,0.9,0.9808000000000001,0.9826799171842651,0.2333333333333334,0.17457777777777772,0.20573856171769644,0.42051839830863563,309.54390959028854,142.8642319448058,219.8207404437362,32.934713017495056,11.903460723605233,19.35850566472117,C:\Users\cotjq\OneDrive\Desktop\python_code\Quantum Computing Lab\SVM_Data\alpha data\seed_44\alpha_seed44_run002_idx28_g2.80_B5_K3_xi1_C31.npz,20
44,2,29,5,3,1,2.9,31,0.94,0.7733333333333333,0.16666666666666663,0.9808,0.8643555555555557,0.11644444444444435,0.9781509465791335,0.8391208580395922,0.13903008853954124,0.3689494345194845,103.54685749525677,7.413304810175276,0.82,0.8842666666666668,0.875418616495663,0.92,0.9856,0.9849855448898928,0.22666666666666668,0.21582222222222236,0.320836977552559,0.28909827585438785,317.66880867591254,64.46842671123744,224.79317852755557,31.28653211082554,10.9995293450946,18.311690379017847,C:\Users\cotjq\OneDrive\Desktop\python_code\Quantum Computing Lab\SVM_Data\alpha data\seed_44\alpha_seed44_run002_idx29_g2.90_B5_K3_xi1_C31.npz,20
44,3,0,5,3,1,0.0,31,0.5,0.5,0.0,0.5,0.5,0.0,0.5,0.5,0.0,0.0,-1.0097419586828951e-28,50.0,0.5,0.5,0.5,0.5,0.5,0.5,0.0,0.0,0.0,0.0,0.5,0.0,0.15,50.0,50.0,50.0,C:\Users\cotjq\OneDrive\Desktop\python_code\Quantum Computing Lab\SVM_Data\alpha data\seed_44\alpha_seed44_run003_idx00_g0.00_B5_K3_xi1_C31.npz,20
44,3,1,5,3,1,0.1,31,0.84,0.7666666666666667,0.07333333333333325,0.9344,0.8661333333333333,0.0682666666666667,0.9404859519565403,0.848163110503393,0.09232284145314729,0.11704885812190402,228.38105741405118,23.19621495493452,0.74,0.8524444444444444,0.8274569795900901,0.82,0.9328,0.938518443775147,0.16666666666666663,0.14826666666666655,0.19370530008944786,0.17554412172014283,250.49944470097276,121.47055948625214,174.99161368847734,53.02976381194124,24.899495503109744,31.95390301227375,C:\Users\cotjq\OneDrive\Desktop\python_code\Quantum Computing Lab\SVM_Data\alpha data\seed_44\alpha_seed44_run003_idx01_g0.10_B5_K3_xi1_C31.npz,20
44,3,2,5,3,1,0.2,31,0.88,0.8066666666666666,0.07333333333333336,0.9488000000000001,0.8922666666666667,0.056533333333333435,0.9513585296529239,0.8685758333167728,0.0827826963361511,0.12509523898395275,175.18249314917824,17.29259799480108,0.8466666666666667,0.9228444444444444,0.8909789373573297,0.92,0.968,0.9691931901129724,0.1266666666666667,0.13546666666666674,0.18738071211258644,0.11290478934325965,383.7240946144049,139.1834394419539,215.07785746021608,29.45785041870871,16.877361650040022,21.248551739989075,C:\Users\cotjq\OneDrive\Desktop\python_code\Quantum Computing Lab\SVM_Data\alpha data\seed_44\alpha_seed44_run003_idx02_g0.20_B5_K3_xi1_C31.npz,20
44,3,3,5,3,1,0.3,31,0.88,0.8066666666666666,0.07333333333333336,0.9648,0.8981333333333335,0.06666666666666654,0.9649868006606398,0.8766116205431189,0.08837518011752088,0.14051579389435848,145.98951634135295,15.404328543836913,0.86,0.9216,0.896372604766683,0.9,0.9552,0.9599245588719274,0.17999999999999994,0.16213333333333324,0.20526119734041304,0.08340300575901433,384.2062808453138,176.7895879582226,286.04816580217386,44.16852187878237,15.018518005261587,21.29952582077542,C:\Users\cotjq\OneDrive\Desktop\python_code\Quantum Computing Lab\SVM_Data\alpha data\seed_44\alpha_seed44_run003_idx03_g0.30_B5_K3_xi1_C31.npz,20
44,3,4,5,3,1,0.4,31,0.9,0.8133333333333334,0.08666666666666667,0.9712000000000001,0.8917333333333334,0.07946666666666669,0.9659035310317179,0.8722865664318659,0.09361696459985203,0.18489741895697243,156.10066059701515,13.327616246321597,0.8466666666666667,0.9272888888888889,0.9067981838619535,0.92,0.9696,0.9720382792899955,0.14,0.16800000000000004,0.1940647655397031,0.29072841927750337,425.1976240281911,177.98474517298212,318.63468871686723,32.253861908491785,12.096539237906724,19.30099101236555,C:\Users\cotjq\OneDrive\Desktop\python_code\Quantum Computing Lab\SVM_Data\alpha data\seed_44\alpha_seed44_run003_idx04_g0.40_B5_K3_xi1_C31.npz,20
44,3,5,5,3,1,0.5,31,0.9,0.82,0.08000000000000007,0.9696,0.8942222222222224,0.07537777777777765,0.9643093281331672,0.8747770010911495,0.08953232704201763,0.1837385832775913,128.23843792865944,12.977071320186983,0.84,0.9034666666666666,0.8792524836623676,0.92,0.9792,0.9776478030995195,0.15999999999999992,0.15626666666666678,0.2262611100382056,0.28587091975155465,448.25405044842626,230.74580776925922,340.35314427391467,40.57993806624794,11.11442193915132,20.26953106447134,C:\Users\cotjq\OneDrive\Desktop\python_code\Quantum Computing Lab\SVM_Data\alpha data\seed_44\alpha_seed44_run003_idx05_g0.50_B5_K3_xi1_C31.npz,20
44,3,6,5,3,1,0.6,31,0.9,0.82,0.08000000000000007,0.9744,0.8986666666666667,0.07573333333333332,0.9701281952563822,0.8769713839522585,0.09315681130412368,0.20173444796027318,131.01376981894327,11.628934726106454,0.82,0.8952888888888889,0.86752948818033,0.9,0.976,0.9748220731073727,0.1466666666666666,0.13617777777777784,0.16753389110433137,0.40670885266660567,524.9340137277131,249.3130925946137,405.98961550019925,26.60323970575858,10.379100496720842,16.938453976930823,C:\Users\cotjq\OneDrive\Desktop\python_code\Quantum Computing Lab\SVM_Data\alpha data\seed_44\alpha_seed44_run003_idx06_g0.60_B5_K3_xi1_C31.npz,20
44,3,7,5,3,1,0.7,31,0.94,0.8133333333333334,0.1266666666666666,0.9808,0.8967111111111111,0.08408888888888888,0.9758857044138913,0.8731112141568141,0.10277449025707719,0.22268819345745533,129.09856402549678,10.80975391995792,0.8333333333333334,0.9013333333333333,0.887020265919957,0.92,0.9663999999999999,0.9653590075813121,0.14,0.12480000000000002,0.1598669614257936,0.4236064971680702,483.2082329230535,235.61509008209768,384.7427968102212,37.750380321967825,11.450553333170603,22.15005621077514,C:\Users\cotjq\OneDrive\Desktop\python_code\Quantum Computing Lab\SVM_Data\alpha data\seed_44\alpha_seed44_run003_idx07_g0.70_B5_K3_xi1_C31.npz,20
44,3,8,5,3,1,0.8,31,0.94,0.8,0.1399999999999999,0.9792,0.8864000000000001,0.09279999999999988,0.9730285615567484,0.8541816915999213,0.11884686995682714,0.2673566961828829,132.7749073934835,9.832595053952126,0.86,0.9212444444444444,0.8981011786057499,0.92,0.9680000000000001,0.9674921549162849,0.14,0.11644444444444457,0.17871592583229,0.23583606539482846,507.75800733888923,251.71813858998559,371.5203165114428,29.82917847040477,12.045126369604507,17.966823240616453,C:\Users\cotjq\OneDrive\Desktop\python_code\Quantum Computing Lab\SVM_Data\alpha data\seed_44\alpha_seed44_run003_idx08_g0.80_B5_K3_xi1_C31.npz,20
44,3,9,5,3,1,0.9,31,0.94,0.8,0.1399999999999999,0.9792,0.8830222222222223,0.0961777777777777,0.9730285615567484,0.8490021331204723,0.12402642843627609,0.2793313853381394,128.42888161940573,9.66319555756844,0.8533333333333334,0.9203555555555556,0.907417345248975,0.92,0.9727999999999999,0.9751965117008596,0.12,0.11644444444444435,0.17867261415276414,0.3197322189697476,483.6900409567439,271.1896027695546,378.62506330645635,31.1751502011429,11.814288621783355,18.818300018963054,C:\Users\cotjq\OneDrive\Desktop\python_code\Quantum Computing Lab\SVM_Data\alpha data\seed_44\alpha_seed44_run003_idx09_g0.90_B5_K3_xi1_C31.npz,20
44,3,10,5,3,1,1.0,31,0.94,0.8,0.1399999999999999,0.9792,0.8856888888888889,0.0935111111111111,0.9730285615567484,0.850738510602184,0.12229005095456447,0.2814507240963103,124.71810226269153,9.457329041394205,0.8466666666666667,0.9144888888888889,0.9010008395184241,0.92,0.9792000000000001,0.9805212591756072,0.17333333333333334,0.16995555555555564,0.22751943447908796,0.33667935052957537,466.60215075686267,256.04691183654376,377.4188391641937,37.90722703231087,9.736316616754905,20.10893803312413,C:\Users\cotjq\OneDrive\Desktop\python_code\Quantum Computing Lab\SVM_Data\alpha data\seed_44\alpha_seed44_run003_idx10_g1.00_B5_K3_xi1_C31.npz,20
44,3,11,5,3,1,1.1,31,0.92,0.8,0.12,0.9792,0.8871111111111111,0.09208888888888889,0.9730285615567484,0.8526020327421364,0.12042652881461202,0.28360635914711596,126.50904534724759,9.233637894482877,0.84,0.9000888888888889,0.8915625017618091,0.92,0.984,0.9819808108325272,0.17333333333333334,0.15839999999999999,0.2379854421002392,0.34851286716779684,484.1859884013279,227.32220481808292,383.6101432813612,34.45777490101418,10.798277758163279,18.23025760686854,C:\Users\cotjq\OneDrive\Desktop\python_code\Quantum Computing Lab\SVM_Data\alpha data\seed_44\alpha_seed44_run003_idx11_g1.10_B5_K3_xi1_C31.npz,20
44,3,12,5,3,1,1.2,31,0.92,0.8,0.12,0.9792,0.8846222222222223,0.09457777777777765,0.9730285615567484,0.8492694788533237,0.12375908270342473,0.28566036203891254,118.29981224761431,9.220003327531149,0.8466666666666667,0.8995555555555556,0.8890803627583278,0.92,0.9728,0.9769047619047619,0.20666666666666667,0.15200000000000002,0.19719983754243853,0.31824694694236344,474.49463568818516,301.5566462779759,363.2642053390694,36.01100456438982,12.05401222228754,18.58438700031713,C:\Users\cotjq\OneDrive\Desktop\python_code\Quantum Computing Lab\SVM_Data\alpha data\seed_44\alpha_seed44_run003_idx12_g1.20_B5_K3_xi1_C31.npz,20
44,3,13,5,3,1,1.3,31,0.92,0.7933333333333333,0.1266666666666667,0.9808,0.8856888888888889,0.09511111111111115,0.9758857044138913,0.8435994545730868,0.1322862498408045,0.292414065555887,118.94212918613239,8.822718594826604,0.8333333333333334,0.9128888888888889,0.8880569520248542,0.92,0.9824,0.980503887755604,0.2333333333333334,0.20604444444444447,0.2644960813640719,0.5587366001660783,534.4239647719635,280.99552809368583,375.30480932116495,35.73060919151058,9.62929178804687,19.541518181512252,C:\Users\cotjq\OneDrive\Desktop\python_code\Quantum Computing Lab\SVM_Data\alpha data\seed_44\alpha_seed44_run003_idx13_g1.30_B5_K3_xi1_C31.npz,20
44,3,14,5,3,1,1.4,31,0.94,0.8,0.1399999999999999,0.9808,0.8849777777777779,0.09582222222222214,0.9758857044138913,0.842262779968217,0.13362292444567436,0.3001153904168513,120.95412781910287,8.440379115367996,0.8266666666666667,0.9182222222222223,0.9074336961616358,0.92,0.9568,0.960054935183122,0.21333333333333337,0.2110222222222221,0.28499445080642405,0.6906278683710338,484.13044366733345,264.6868930555323,381.6791860160263,24.743137509785722,12.985401021993567,18.855137491007852,C:\Users\cotjq\OneDrive\Desktop\python_code\Quantum Computing Lab\SVM_Data\alpha data\seed_44\alpha_seed44_run003_idx14_g1.40_B5_K3_xi1_C31.npz,20
44,3,15,5,3,1,1.5,31,0.94,0.8,0.1399999999999999,0.9808,0.8833777777777778,0.09742222222222219,0.9758857044138913,0.8398925854237905,0.1359931189901008,0.3076483138485647,115.22847399186671,8.380810973885037,0.8333333333333334,0.9004444444444445,0.8792416389094009,0.94,0.968,0.9656018333052658,0.24,0.1791999999999998,0.26120186499639264,0.2428365170022273,452.0336623568262,203.13025324941484,350.5871556255372,26.282058077508335,13.682564551709175,18.299881327858934,C:\Users\cotjq\OneDrive\Desktop\python_code\Quantum Computing Lab\SVM_Data\alpha data\seed_44\alpha_seed44_run003_idx15_g1.50_B5_K3_xi1_C31.npz,20
44,3,16,5,3,1,1.6,31,0.94,0.8,0.1399999999999999,0.9808,0.8785777777777778,0.10222222222222221,0.9758857044138913,0.8348174596929117,0.14106824472097967,0.31890304074558784,110.5819572819053,8.289771775016389,0.82,0.8817777777777778,0.8620090456055787,0.94,0.976,0.9754057396074559,0.21999999999999997,0.19733333333333325,0.2858428399858779,0.4584555875771273,427.2038791393338,212.9455184900589,334.0018860247438,27.30425993538524,10.288782048876518,18.738468895061608,C:\Users\cotjq\OneDrive\Desktop\python_code\Quantum Computing Lab\SVM_Data\alpha data\seed_44\alpha_seed44_run003_idx16_g1.60_B5_K3_xi1_C31.npz,20
44,3,17,5,3,1,1.7,31,0.94,0.7933333333333333,0.1466666666666666,0.9808,0.8741333333333333,0.10666666666666669,0.9758857044138913,0.8287919435479508,0.1470937608659405,0.3319903799571792,106.94611507565918,8.165245783816175,0.84,0.9162666666666667,0.9062740226001977,0.92,0.9632000000000001,0.9641514948988633,0.20000000000000007,0.1870222222222222,0.27640846850587786,0.4267691445178235,407.9063904100049,235.00165953369333,310.4407442902111,26.433776496783334,14.597234105905862,19.18476288917458,C:\Users\cotjq\OneDrive\Desktop\python_code\Quantum Computing Lab\SVM_Data\alpha data\seed_44\alpha_seed44_run003_idx17_g1.70_B5_K3_xi1_C31.npz,20
44,3,18,5,3,1,1.8,31,0.94,0.7933333333333333,0.1466666666666666,0.9792,0.8712888888888889,0.10791111111111107,0.9730285615567484,0.833111728624413,0.13991683293233548,0.3432652947744218,104.06377203041191,7.973678048235762,0.8466666666666667,0.8917333333333334,0.8843501383899646,0.94,0.9792000000000001,0.9785190672814796,0.18666666666666665,0.14773333333333327,0.26527343389565605,0.28891237019985805,361.9296695203509,255.22351386119573,307.45148953421074,33.3712098001197,10.792344976951536,19.070693302376405,C:\Users\cotjq\OneDrive\Desktop\python_code\Quantum Computing Lab\SVM_Data\alpha data\seed_44\alpha_seed44_run003_idx18_g1.80_B5_K3_xi1_C31.npz,20
44,3,19,5,3,1,1.9,31,0.94,0.7866666666666666,0.15333333333333332,0.9792,0.8672000000000001,0.11199999999999988,0.9730285615567484,0.8323653687622186,0.14066319279452988,0.34909609638307865,102.01234217574859,7.967228486235931,0.8133333333333334,0.8935111111111111,0.8884016959197287,0.9,0.976,0.9778020258687861,0.17333333333333334,0.14346666666666674,0.1794743131639649,0.3903271094277874,387.74281930924775,182.31952045197778,292.98351383823393,34.664715684385115,12.409312138806841,19.915097334031675,C:\Users\cotjq\OneDrive\Desktop\python_code\Quantum Computing Lab\SVM_Data\alpha data\seed_44\alpha_seed44_run003_idx19_g1.90_B5_K3_xi1_C31.npz,20
44,3,20,5,3,1,2.0,31,0.94,0.8066666666666666,0.1333333333333333,0.9792000000000001,0.8664888888888889,0.1127111111111112,0.9744612029893899,0.8245025780952813,0.1499586248941086,0.3503790810859847,101.04349475294231,8.071696585371896,0.8333333333333334,0.9118222222222223,0.8997048836433001,0.92,0.9743999999999999,0.9736526145466097,0.16000000000000003,0.1651555555555555,0.24305286833923356,0.19846901989678298,444.17546788599384,223.79093131262664,327.4725664951944,31.338516307325087,11.772037485691474,19.467131749823295,C:\Users\cotjq\OneDrive\Desktop\python_code\Quantum Computing Lab\SVM_Data\alpha data\seed_44\alpha_seed44_run003_idx20_g2.00_B5_K3_xi1_C31.npz,20
44,3,21,5,3,1,2.1,31,0.94,0.8066666666666666,0.1333333333333333,0.9792000000000001,0.8640000000000001,0.11519999999999997,0.9744612029893899,0.8190617804590359,0.155399422530354,0.3518951675014628,98.81162770727036,8.076227834643843,0.8133333333333334,0.8988444444444444,0.9053384935957598,0.9,0.9712,0.969686225947996,0.16666666666666674,0.19573333333333331,0.29472598166911457,0.4312269255397353,373.57256543205796,173.22213121380716,283.74246798520704,32.502655705021894,11.801806168929359,19.015760234373936,C:\Users\cotjq\OneDrive\Desktop\python_code\Quantum Computing Lab\SVM_Data\alpha data\seed_44\alpha_seed44_run003_idx21_g2.10_B5_K3_xi1_C31.npz,20
44,3,22,5,3,1,2.2,31,0.94,0.8,0.1399999999999999,0.976,0.8645333333333333,0.11146666666666671,0.9701271370553239,0.8247376759247187,0.14538946113060525,0.35476141330237043,96.46465578222426,7.9026475836352805,0.8133333333333334,0.8807111111111112,0.8648604621619003,0.9,0.968,0.9747963800904978,0.16000000000000003,0.18133333333333324,0.28504926169649536,0.27436573998354813,429.8190591281634,205.92459653981044,297.5521501644562,29.91615905465255,13.364853175086846,20.51360412245102,C:\Users\cotjq\OneDrive\Desktop\python_code\Quantum Computing Lab\SVM_Data\alpha data\seed_44\alpha_seed44_run003_idx22_g2.20_B5_K3_xi1_C31.npz,20
44,3,23,5,3,1,2.3,31,0.94,0.7933333333333333,0.1466666666666666,0.9776,0.8643555555555557,0.11324444444444437,0.9729842799124668,0.8294192696957261,0.14356501021674073,0.3564880661281826,95.2423559146679,7.8114141648789,0.8,0.8801777777777778,0.8882993332879955,0.92,0.9776,0.9750234103472494,0.18000000000000005,0.1809777777777778,0.26115742876058357,0.3615348677942086,410.8982612167865,180.60263343711108,274.6366223331037,28.98025663788483,11.666185795162495,18.5513351519348,C:\Users\cotjq\OneDrive\Desktop\python_code\Quantum Computing Lab\SVM_Data\alpha data\seed_44\alpha_seed44_run003_idx23_g2.30_B5_K3_xi1_C31.npz,20
44,3,24,5,3,1,2.4,31,0.94,0.7933333333333333,0.1466666666666666,0.9776,0.8647111111111112,0.11288888888888882,0.9729842799124668,0.8315335852382023,0.14145069467426452,0.35699014785554417,94.65727867812994,7.784781267562035,0.8,0.8910222222222223,0.8577966542420548,0.92,0.9632,0.9638975954153375,0.21333333333333337,0.16302222222222218,0.1867416368118897,0.34401826343134306,367.697622299983,152.7425800492942,249.99004942790074,57.94799540896027,13.509098032200209,21.929445555492514,C:\Users\cotjq\OneDrive\Desktop\python_code\Quantum Computing Lab\SVM_Data\alpha data\seed_44\alpha_seed44_run003_idx24_g2.40_B5_K3_xi1_C31.npz,20
44,3,25,5,3,1,2.5,31,0.94,0.7933333333333333,0.1466666666666666,0.9776,0.8647111111111111,0.11288888888888893,0.9729842799124668,0.8327173242537338,0.14026695565873304,0.35874373101695733,94.7295459840264,7.763770258502407,0.8333333333333334,0.8872888888888889,0.876258900858617,0.9,0.9663999999999999,0.9689078060945069,0.18666666666666665,0.18008888888888874,0.2078416690691791,0.4741226214753169,359.3982966954794,191.27813837873612,262.88401428631823,28.105958554506557,13.993976097588662,19.233488930314728,C:\Users\cotjq\OneDrive\Desktop\python_code\Quantum Computing Lab\SVM_Data\alpha data\seed_44\alpha_seed44_run003_idx25_g2.50_B5_K3_xi1_C31.npz,20
44,3,26,5,3,1,2.6,31,0.94,0.7933333333333333,0.1466666666666666,0.9776,0.8650666666666667,0.11253333333333337,0.9729842799124668,0.8375356656849922,0.13544861422747467,0.35978800464971283,95.75257908936644,7.67356102788604,0.7866666666666666,0.8702222222222222,0.8643851658775431,0.92,0.9696,0.9728929801446965,0.20666666666666667,0.1617777777777777,0.17244778623259405,0.35515200413723524,348.37616880877937,174.31630898151136,246.6648144943659,24.69008158994154,12.5979291210429,18.714550623046964,C:\Users\cotjq\OneDrive\Desktop\python_code\Quantum Computing Lab\SVM_Data\alpha data\seed_44\alpha_seed44_run003_idx26_g2.60_B5_K3_xi1_C31.npz,20
44,3,27,5,3,1,2.7,31,0.94,0.7866666666666666,0.15333333333333332,0.9792000000000001,0.8664888888888889,0.1127111111111112,0.9756509465791335,0.8393797664858986,0.1362711800932349,0.3616197567830418,98.02085729076086,7.569589742770514,0.8133333333333334,0.8816,0.873902201211983,0.96,0.9728,0.9741419584000229,0.20666666666666667,0.16017777777777775,0.17580057253669523,0.39548375306096983,335.971364979085,124.08097656250379,225.83735485274505,30.74442845686255,10.35721085896277,19.27360357116853,C:\Users\cotjq\OneDrive\Desktop\python_code\Quantum Computing Lab\SVM_Data\alpha data\seed_44\alpha_seed44_run003_idx27_g2.70_B5_K3_xi1_C31.npz,20
44,3,28,5,3,1,2.8,31,0.94,0.78,0.15999999999999992,0.9808,0.866311111111111,0.11448888888888897,0.9781509465791335,0.8406784986126505,0.13747244796648295,0.3648802382694566,101.13769808042768,7.484037538422587,0.8133333333333334,0.8869333333333334,0.8837309775025444,0.94,0.976,0.9776768147311626,0.20000000000000007,0.1665777777777777,0.2241301284167907,0.45531777813464225,281.80562032597635,144.50972823465375,224.69206450046713,26.003314101537214,10.448402343110946,17.26345286219898,C:\Users\cotjq\OneDrive\Desktop\python_code\Quantum Computing Lab\SVM_Data\alpha data\seed_44\alpha_seed44_run003_idx28_g2.80_B5_K3_xi1_C31.npz,20
44,3,29,5,3,1,2.9,31,0.94,0.7733333333333333,0.16666666666666663,0.9808,0.8643555555555557,0.11644444444444435,0.9781509465791335,0.8391208580395922,0.13903008853954124,0.3689494345194845,103.54685749525677,7.413304810175276,0.8133333333333334,0.8734222222222222,0.8685470100004054,0.92,0.9872,0.9869855448898928,0.18000000000000005,0.12586666666666646,0.15420920783539327,0.36607883892771914,347.1579915778344,112.07952803409007,207.3315115521701,26.66866020406343,9.31935092191912,17.449016487183364,C:\Users\cotjq\OneDrive\Desktop\python_code\Quantum Computing Lab\SVM_Data\alpha data\seed_44\alpha_seed44_run003_idx29_g2.90_B5_K3_xi1_C31.npz,20
44,4,0,5,3,1,0.0,31,0.5,0.5,0.0,0.5,0.5,0.0,0.5,0.5,0.0,0.0,-1.0097419586828951e-28,50.0,0.5,0.5,0.5,0.5,0.5,0.5,0.0,0.0,0.0,0.0,0.5,0.0,0.05,50.0,50.0,50.0,C:\Users\cotjq\OneDrive\Desktop\python_code\Quantum Computing Lab\SVM_Data\alpha data\seed_44\alpha_seed44_run004_idx00_g0.00_B5_K3_xi1_C31.npz,20
44,4,1,5,3,1,0.1,31,0.84,0.7666666666666667,0.07333333333333325,0.9344,0.8661333333333333,0.0682666666666667,0.9404859519565403,0.848163110503393,0.09232284145314729,0.11704885812190402,228.38105741405118,23.19621495493452,0.7666666666666667,0.8593777777777778,0.8388705267253809,0.82,0.9344,0.9391309401751526,0.13333333333333341,0.1518222222222222,0.18857229548425947,0.13016338891940032,328.14516899638886,94.70258526863653,184.07780219962223,34.751353131297186,24.74338628916364,28.610842130814422,C:\Users\cotjq\OneDrive\Desktop\python_code\Quantum Computing Lab\SVM_Data\alpha data\seed_44\alpha_seed44_run004_idx01_g0.10_B5_K3_xi1_C31.npz,20
44,4,2,5,3,1,0.2,31,0.88,0.8066666666666666,0.07333333333333336,0.9488000000000001,0.8922666666666667,0.056533333333333435,0.9513585296529239,0.8685758333167728,0.0827826963361511,0.12509523898395275,175.18249314917824,17.29259799480108,0.84,0.9111111111111112,0.8918299367418201,0.9,0.9456,0.9487274282125945,0.14,0.14808888888888894,0.19756305020533982,0.10149331174284987,329.3934449665369,145.25667547787685,224.81426420449856,41.572733980872854,16.219897303372008,24.06186415506849,C:\Users\cotjq\OneDrive\Desktop\python_code\Quantum Computing Lab\SVM_Data\alpha data\seed_44\alpha_seed44_run004_idx02_g0.20_B5_K3_xi1_C31.npz,20
44,4,3,5,3,1,0.3,31,0.88,0.8066666666666666,0.07333333333333336,0.9648,0.8981333333333335,0.06666666666666654,0.9649868006606398,0.8766116205431189,0.08837518011752088,0.14051579389435848,145.98951634135295,15.404328543836913,0.86,0.9251555555555555,0.9116650966921581,0.92,0.9696,0.9671319330644679,0.13333333333333341,0.12017777777777783,0.16048714392940555,0.25873181446774207,381.9986537007936,157.55022257480653,257.18422440316147,33.044063458952884,14.242539767710083,19.966108122282026,C:\Users\cotjq\OneDrive\Desktop\python_code\Quantum Computing Lab\SVM_Data\alpha data\seed_44\alpha_seed44_run004_idx03_g0.30_B5_K3_xi1_C31.npz,20
44,4,4,5,3,1,0.4,31,0.9,0.8133333333333334,0.08666666666666667,0.9712000000000001,0.8917333333333334,0.07946666666666669,0.9659035310317179,0.8722865664318659,0.09361696459985203,0.18489741895697243,156.10066059701515,13.327616246321597,0.8333333333333334,0.9184,0.8979718042192696,0.92,0.968,0.9672265469047339,0.1466666666666666,0.18808888888888897,0.24968255942830975,0.12275135806206944,426.21521566234287,173.08579588423777,308.2553429790842,30.698798250569002,13.410191369567903,19.403056838982955,C:\Users\cotjq\OneDrive\Desktop\python_code\Quantum Computing Lab\SVM_Data\alpha data\seed_44\alpha_seed44_run004_idx04_g0.40_B5_K3_xi1_C31.npz,20
44,4,5,5,3,1,0.5,31,0.9,0.82,0.08000000000000007,0.9696,0.8942222222222224,0.07537777777777765,0.9643093281331672,0.8747770010911495,0.08953232704201763,0.1837385832775913,128.23843792865944,12.977071320186983,0.8666666666666667,0.92,0.908124291067862,0.9,0.9583999999999999,0.9588707663681348,0.19333333333333325,0.1744,0.19979432949503284,0.2250476242150407,437.18130303717356,234.88054669871428,342.0638745932712,29.333533236213434,14.859946117426201,18.23484213267366,C:\Users\cotjq\OneDrive\Desktop\python_code\Quantum Computing Lab\SVM_Data\alpha data\seed_44\alpha_seed44_run004_idx05_g0.50_B5_K3_xi1_C31.npz,20
44,4,6,5,3,1,0.6,31,0.9,0.82,0.08000000000000007,0.9744,0.8986666666666667,0.07573333333333332,0.9701281952563822,0.8769713839522585,0.09315681130412368,0.20173444796027318,131.01376981894327,11.628934726106454,0.8533333333333334,0.9095111111111112,0.9016484322099385,0.94,0.9776,0.9757578777045044,0.15999999999999992,0.14240000000000008,0.18759682443136305,0.316029927333643,467.2105794221918,270.77778526903325,349.8771796041386,35.10927899906554,11.084351781615954,20.087380525644953,C:\Users\cotjq\OneDrive\Desktop\python_code\Quantum Computing Lab\SVM_Data\alpha data\seed_44\alpha_seed44_run004_idx06_g0.60_B5_K3_xi1_C31.npz,20
44,4,7,5,3,1,0.7,31,0.94,0.8133333333333334,0.1266666666666666,0.9808,0.8967111111111111,0.08408888888888888,0.9758857044138913,0.8731112141568141,0.10277449025707719,0.22268819345745533,129.09856402549678,10.80975391995792,0.84,0.8981333333333333,0.8897038617499938,0.9,0.9792000000000001,0.9779384946945588,0.16666666666666674,0.17297777777777767,0.2093146525927675,0.34193553302589635,503.19875608933853,248.98104497582216,400.27232335103344,34.268860028659006,11.68080666641412,20.17854397185298,C:\Users\cotjq\OneDrive\Desktop\python_code\Quantum Computing Lab\SVM_Data\alpha data\seed_44\alpha_seed44_run004_idx07_g0.70_B5_K3_xi1_C31.npz,20
44,4,8,5,3,1,0.8,31,0.94,0.8,0.1399999999999999,0.9792,0.8864000000000001,0.09279999999999988,0.9730285615567484,0.8541816915999213,0.11884686995682714,0.2673566961828829,132.7749073934835,9.832595053952126,0.8533333333333334,0.9173333333333333,0.8940724562514207,0.92,0.976,0.9737006590244981,0.22666666666666668,0.16017777777777786,0.1843276191409059,0.2316511092232934,519.2596034412172,242.5985070090871,381.4329923329921,32.783839648723955,11.405560486918828,18.078391027083025,C:\Users\cotjq\OneDrive\Desktop\python_code\Quantum Computing Lab\SVM_Data\alpha data\seed_44\alpha_seed44_run004_idx08_g0.80_B5_K3_xi1_C31.npz,20
44,4,9,5,3,1,0.9,31,0.94,0.8,0.1399999999999999,0.9792,0.8830222222222223,0.0961777777777777,0.9730285615567484,0.8490021331204723,0.12402642843627609,0.2793313853381394,128.42888161940573,9.66319555756844,0.8333333333333334,0.9056000000000001,0.9027245822554785,0.9,0.9792,0.9794240605338413,0.1466666666666666,0.13280000000000003,0.19594241941024593,0.3691347014385771,536.0605383827503,214.556437060904,404.33168661881035,34.32079198908039,10.635946769442974,18.55390162207725,C:\Users\cotjq\OneDrive\Desktop\python_code\Quantum Computing Lab\SVM_Data\alpha data\seed_44\alpha_seed44_run004_idx09_g0.90_B5_K3_xi1_C31.npz,20
44,4,10,5,3,1,1.0,31,0.94,0.8,0.1399999999999999,0.9792,0.8856888888888889,0.0935111111111111,0.9730285615567484,0.850738510602184,0.12229005095456447,0.2814507240963103,124.71810226269153,9.457329041394205,0.86,0.9132444444444445,0.8970723791628977,0.92,0.9743999999999999,0.9765640330683809,0.16666666666666663,0.1486222222222222,0.19926913089336407,0.33198859334178704,477.6570402074719,263.225209912653,351.76778499526796,32.5810967585779,11.204426852669434,18.220018823352515,C:\Users\cotjq\OneDrive\Desktop\python_code\Quantum Computing Lab\SVM_Data\alpha data\seed_44\alpha_seed44_run004_idx10_g1.00_B5_K3_xi1_C31.npz,20
44,4,11,5,3,1,1.1,31,0.92,0.8,0.12,0.9792,0.8871111111111111,0.09208888888888889,0.9730285615567484,0.8526020327421364,0.12042652881461202,0.28360635914711596,126.50904534724759,9.233637894482877,0.8466666666666667,0.9084444444444444,0.887401347903086,0.92,0.9648,0.9664085745545035,0.19333333333333336,0.15697777777777766,0.2356936042654737,0.3491381336622501,426.5393306123568,234.72631906900256,339.83237576352883,38.46629248086023,11.656533549343575,17.611583632343006,C:\Users\cotjq\OneDrive\Desktop\python_code\Quantum Computing Lab\SVM_Data\alpha data\seed_44\alpha_seed44_run004_idx11_g1.10_B5_K3_xi1_C31.npz,20
44,4,12,5,3,1,1.2,31,0.92,0.8,0.12,0.9792,0.8846222222222223,0.09457777777777765,0.9730285615567484,0.8492694788533237,0.12375908270342473,0.28566036203891254,118.29981224761431,9.220003327531149,0.8466666666666667,0.9059555555555556,0.8960475264023624,0.94,0.984,0.9859523809523811,0.2466666666666666,0.19608888888888898,0.2304951697785499,0.29973498555846145,431.7754683593531,217.242059974202,348.4055573913472,33.23981342402466,9.928497350216391,17.418015400437916,C:\Users\cotjq\OneDrive\Desktop\python_code\Quantum Computing Lab\SVM_Data\alpha data\seed_44\alpha_seed44_run004_idx12_g1.20_B5_K3_xi1_C31.npz,20
44,4,13,5,3,1,1.3,31,0.92,0.7933333333333333,0.1266666666666667,0.9808,0.8856888888888889,0.09511111111111115,0.9758857044138913,0.8435994545730868,0.1322862498408045,0.292414065555887,118.94212918613239,8.822718594826604,0.8533333333333334,0.9098666666666666,0.9070804855432995,0.94,0.9776,0.976502632311328,0.19999999999999996,0.1591111111111112,0.2565581528197952,0.20980287079620097,444.9443897241495,226.98911381742212,350.03308269522665,30.00506670460313,12.768150234719446,19.42229103739785,C:\Users\cotjq\OneDrive\Desktop\python_code\Quantum Computing Lab\SVM_Data\alpha data\seed_44\alpha_seed44_run004_idx13_g1.30_B5_K3_xi1_C31.npz,20
44,4,14,5,3,1,1.4,31,0.94,0.8,0.1399999999999999,0.9808,0.8849777777777779,0.09582222222222214,0.9758857044138913,0.842262779968217,0.13362292444567436,0.3001153904168513,120.95412781910287,8.440379115367996,0.8533333333333334,0.9175111111111112,0.9002703351794394,0.94,0.9647999999999999,0.9648977228302575,0.19333333333333336,0.17955555555555536,0.2389302836264594,0.4277333415428489,453.8193651090827,222.04318427061685,333.59065061890567,25.16130549383381,12.44592420169079,18.48344515813056,C:\Users\cotjq\OneDrive\Desktop\python_code\Quantum Computing Lab\SVM_Data\alpha data\seed_44\alpha_seed44_run004_idx14_g1.40_B5_K3_xi1_C31.npz,20
44,4,15,5,3,1,1.5,31,0.94,0.8,0.1399999999999999,0.9808,0.8833777777777778,0.09742222222222219,0.9758857044138913,0.8398925854237905,0.1359931189901008,0.3076483138485647,115.22847399186671,8.380810973885037,0.8466666666666667,0.9016888888888889,0.8923397111604616,0.94,0.9792,0.9770735912397092,0.18000000000000005,0.16995555555555553,0.24231553458412158,0.7414495894178714,446.18881715902774,250.35909728262374,353.9791605290461,37.29452052702832,11.66604047207426,18.559174461467126,C:\Users\cotjq\OneDrive\Desktop\python_code\Quantum Computing Lab\SVM_Data\alpha data\seed_44\alpha_seed44_run004_idx15_g1.50_B5_K3_xi1_C31.npz,20
44,4,16,5,3,1,1.6,31,0.94,0.8,0.1399999999999999,0.9808,0.8785777777777778,0.10222222222222221,0.9758857044138913,0.8348174596929117,0.14106824472097967,0.31890304074558784,110.5819572819053,8.289771775016389,0.8533333333333334,0.9194666666666667,0.9050999862353757,0.9,0.9792000000000001,0.9766176132458002,0.14666666666666672,0.16337777777777773,0.2662465493517925,0.5801587953069665,417.52651295352933,167.62934131429722,299.81051329776653,48.69712522033821,12.117786586960538,19.166332248032703,C:\Users\cotjq\OneDrive\Desktop\python_code\Quantum Computing Lab\SVM_Data\alpha data\seed_44\alpha_seed44_run004_idx16_g1.60_B5_K3_xi1_C31.npz,20
44,4,17,5,3,1,1.7,31,0.94,0.7933333333333333,0.1466666666666666,0.9808,0.8741333333333333,0.10666666666666669,0.9758857044138913,0.8287919435479508,0.1470937608659405,0.3319903799571792,106.94611507565918,8.165245783816175,0.8266666666666667,0.8899555555555555,0.8758251092868686,0.92,0.9743999999999999,0.9739483538949807,0.18666666666666665,0.1797333333333333,0.2806987316055748,0.33592439174325056,456.5063911482316,263.244359924757,346.14239615756367,23.19055851683345,10.961040745772952,18.824961579940506,C:\Users\cotjq\OneDrive\Desktop\python_code\Quantum Computing Lab\SVM_Data\alpha data\seed_44\alpha_seed44_run004_idx17_g1.70_B5_K3_xi1_C31.npz,20
44,4,18,5,3,1,1.8,31,0.94,0.7933333333333333,0.1466666666666666,0.9792,0.8712888888888889,0.10791111111111107,0.9730285615567484,0.833111728624413,0.13991683293233548,0.3432652947744218,104.06377203041191,7.973678048235762,0.84,0.9009777777777778,0.8826431185348317,0.92,0.9744,0.9738328373889016,0.19333333333333336,0.1982222222222222,0.2926508366284768,0.30513879954400513,419.43838006995946,209.73346061009627,320.62158442930547,27.046838471277756,10.703177598849862,18.827961049570135,C:\Users\cotjq\OneDrive\Desktop\python_code\Quantum Computing Lab\SVM_Data\alpha data\seed_44\alpha_seed44_run004_idx18_g1.80_B5_K3_xi1_C31.npz,20
44,4,19,5,3,1,1.9,31,0.94,0.7866666666666666,0.15333333333333332,0.9792,0.8672000000000001,0.11199999999999988,0.9730285615567484,0.8323653687622186,0.14066319279452988,0.34909609638307865,102.01234217574859,7.967228486235931,0.82,0.9114666666666666,0.8977517522565812,0.9,0.976,0.9773414940881209,0.22666666666666668,0.20231111111111122,0.26931270938908947,0.24072756409769897,421.6013011557646,172.67881269627156,313.105654615473,35.18315364136969,12.029086005983977,20.613669069660837,C:\Users\cotjq\OneDrive\Desktop\python_code\Quantum Computing Lab\SVM_Data\alpha data\seed_44\alpha_seed44_run004_idx19_g1.90_B5_K3_xi1_C31.npz,20
44,4,20,5,3,1,2.0,31,0.94,0.8066666666666666,0.1333333333333333,0.9792000000000001,0.8664888888888889,0.1127111111111112,0.9744612029893899,0.8245025780952813,0.1499586248941086,0.3503790810859847,101.04349475294231,8.071696585371896,0.82,0.8963555555555556,0.8955351084947551,0.94,0.9792,0.9758051183333053,0.20666666666666667,0.20071111111111106,0.2871332159907706,0.30044476111700136,386.7958514485041,172.99550648339013,284.09425722928984,26.670056984953295,8.991232698983765,19.294370459163567,C:\Users\cotjq\OneDrive\Desktop\python_code\Quantum Computing Lab\SVM_Data\alpha data\seed_44\alpha_seed44_run004_idx20_g2.00_B5_K3_xi1_C31.npz,20
44,4,21,5,3,1,2.1,31,0.94,0.8066666666666666,0.1333333333333333,0.9792000000000001,0.8640000000000001,0.11519999999999997,0.9744612029893899,0.8190617804590359,0.155399422530354,0.3518951675014628,98.81162770727036,8.076227834643843,0.82,0.8945777777777777,0.8982262367755842,0.92,0.9776,0.9817474496517975,0.20666666666666667,0.17013333333333325,0.27657449796723566,0.3712041995826296,442.93873072903125,167.60928711079094,285.56930710943726,28.507017297344156,11.257364872995657,17.837198935793445,C:\Users\cotjq\OneDrive\Desktop\python_code\Quantum Computing Lab\SVM_Data\alpha data\seed_44\alpha_seed44_run004_idx21_g2.10_B5_K3_xi1_C31.npz,20
44,4,22,5,3,1,2.2,31,0.94,0.8,0.1399999999999999,0.976,0.8645333333333333,0.11146666666666671,0.9701271370553239,0.8247376759247187,0.14538946113060525,0.35476141330237043,96.46465578222426,7.9026475836352805,0.86,0.8952888888888888,0.8771075879466885,0.92,0.9856,0.9842030330547493,0.15333333333333332,0.1816888888888889,0.27534291970808955,0.35539254604700854,366.1296321614767,225.44537073656042,294.9887219781264,27.277108787999424,9.212353478058729,17.061917170350792,C:\Users\cotjq\OneDrive\Desktop\python_code\Quantum Computing Lab\SVM_Data\alpha data\seed_44\alpha_seed44_run004_idx22_g2.20_B5_K3_xi1_C31.npz,20
44,4,23,5,3,1,2.3,31,0.94,0.7933333333333333,0.1466666666666666,0.9776,0.8643555555555557,0.11324444444444437,0.9729842799124668,0.8294192696957261,0.14356501021674073,0.3564880661281826,95.2423559146679,7.8114141648789,0.82,0.9089777777777778,0.9073929771583027,0.94,0.9888,0.9877327976371455,0.16666666666666674,0.16693333333333338,0.27416651219997423,0.4625752247922342,336.21599776997573,126.78496386660484,258.24490620401735,35.4127329666135,9.253909104443844,19.76697232492426,C:\Users\cotjq\OneDrive\Desktop\python_code\Quantum Computing Lab\SVM_Data\alpha data\seed_44\alpha_seed44_run004_idx23_g2.30_B5_K3_xi1_C31.npz,20
44,4,24,5,3,1,2.4,31,0.94,0.7933333333333333,0.1466666666666666,0.9776,0.8647111111111112,0.11288888888888882,0.9729842799124668,0.8315335852382023,0.14145069467426452,0.35699014785554417,94.65727867812994,7.784781267562035,0.8066666666666666,0.8897777777777777,0.8888282432909459,0.96,0.9743999999999999,0.9688043857325727,0.21999999999999997,0.1936,0.25009294277876026,0.38348053638771706,369.4950548899532,132.3501749199128,268.6062408655641,27.84120577964342,12.078003508292833,19.391815160022393,C:\Users\cotjq\OneDrive\Desktop\python_code\Quantum Computing Lab\SVM_Data\alpha data\seed_44\alpha_seed44_run004_idx24_g2.40_B5_K3_xi1_C31.npz,20
44,4,25,5,3,1,2.5,31,0.94,0.7933333333333333,0.1466666666666666,0.9776,0.8647111111111111,0.11288888888888893,0.9729842799124668,0.8327173242537338,0.14026695565873304,0.35874373101695733,94.7295459840264,7.763770258502407,0.82,0.9000888888888888,0.9063456038965131,0.94,0.9776,0.9793080407848025,0.17333333333333323,0.13848888888888888,0.17391210587406425,0.3439776177241528,399.8541922145092,177.89829876916536,262.704074652972,29.964077356079702,11.071737203017047,17.052540153568692,C:\Users\cotjq\OneDrive\Desktop\python_code\Quantum Computing Lab\SVM_Data\alpha data\seed_44\alpha_seed44_run004_idx25_g2.50_B5_K3_xi1_C31.npz,20
44,4,26,5,3,1,2.6,31,0.94,0.7933333333333333,0.1466666666666666,0.9776,0.8650666666666667,0.11253333333333337,0.9729842799124668,0.8375356656849922,0.13544861422747467,0.35978800464971283,95.75257908936644,7.67356102788604,0.7933333333333333,0.8712888888888889,0.8664748927928575,0.92,0.9728,0.9735083050549318,0.16666666666666674,0.15928888888888892,0.2024254236797267,0.38295750060033584,359.4032238375269,123.0672098249938,240.58338730752854,27.616664850916674,11.588850194301264,18.603685045836635,C:\Users\cotjq\OneDrive\Desktop\python_code\Quantum Computing Lab\SVM_Data\alpha data\seed_44\alpha_seed44_run004_idx26_g2.60_B5_K3_xi1_C31.npz,20
44,4,27,5,3,1,2.7,31,0.94,0.7866666666666666,0.15333333333333332,0.9792000000000001,0.8664888888888889,0.1127111111111112,0.9756509465791335,0.8393797664858986,0.1362711800932349,0.3616197567830418,98.02085729076086,7.569589742770514,0.8266666666666667,0.8954666666666666,0.8863085741355254,0.92,0.9632000000000001,0.9735873905894128,0.18000000000000005,0.21048888888888895,0.21957694623409119,0.4508054228497156,366.83042484652225,64.41375685046236,261.30609712717495,28.362595777302943,11.759178547946824,18.46713065490628,C:\Users\cotjq\OneDrive\Desktop\python_code\Quantum Computing Lab\SVM_Data\alpha data\seed_44\alpha_seed44_run004_idx27_g2.70_B5_K3_xi1_C31.npz,20
44,4,28,5,3,1,2.8,31,0.94,0.78,0.15999999999999992,0.9808,0.866311111111111,0.11448888888888897,0.9781509465791335,0.8406784986126505,0.13747244796648295,0.3648802382694566,101.13769808042768,7.484037538422587,0.7933333333333333,0.8725333333333334,0.8801363578439156,0.96,0.9904,0.9907084886128366,0.21333333333333337,0.18062222222222224,0.21876286124228306,0.3901106326612782,328.1734686003522,141.44383445513043,251.7731112097445,29.566365117152912,10.322991320248752,19.43582206195179,C:\Users\cotjq\OneDrive\Desktop\python_code\Quantum Computing Lab\SVM_Data\alpha data\seed_44\alpha_seed44_run004_idx28_g2.80_B5_K3_xi1_C31.npz,20
44,4,29,5,3,1,2.9,31,0.94,0.7733333333333333,0.16666666666666663,0.9808,0.8643555555555557,0.11644444444444435,0.9781509465791335,0.8391208580395922,0.13903008853954124,0.3689494345194845,103.54685749525677,7.413304810175276,0.8066666666666666,0.8716444444444444,0.8839808335515902,0.94,0.968,0.969282094376212,0.19999999999999996,0.21706666666666663,0.31860730556413785,0.2886661971681189,306.5641664306338,114.73343938329566,226.01337893760478,30.982452016943277,12.003171374377281,17.951943142985524,C:\Users\cotjq\OneDrive\Desktop\python_code\Quantum Computing Lab\SVM_Data\alpha data\seed_44\alpha_seed44_run004_idx29_g2.90_B5_K3_xi1_C31.npz,20
44,5,0,5,3,1,0.0,31,0.5,0.5,0.0,0.5,0.5,0.0,0.5,0.5,0.0,0.0,-1.0097419586828951e-28,50.0,0.5,0.5,0.5,0.5,0.5,0.5,0.0,0.0,0.0,0.0,0.5,0.0,0.15,50.0,50.0,50.0,C:\Users\cotjq\OneDrive\Desktop\python_code\Quantum Computing Lab\SVM_Data\alpha data\seed_44\alpha_seed44_run005_idx00_g0.00_B5_K3_xi1_C31.npz,20
44,5,1,5,3,1,0.1,31,0.84,0.7666666666666667,0.07333333333333325,0.9344,0.8661333333333333,0.0682666666666667,0.9404859519565403,0.848163110503393,0.09232284145314729,0.11704885812190402,228.38105741405118,23.19621495493452,0.8133333333333334,0.9011555555555556,0.8716769482717479,0.86,0.9536,0.9576109649889696,0.15333333333333332,0.15626666666666655,0.2152523872186155,0.1171281902968272,233.42297580622858,102.79529243502327,176.30816499536135,32.17987685113051,24.367293965025492,28.876773991796405,C:\Users\cotjq\OneDrive\Desktop\python_code\Quantum Computing Lab\SVM_Data\alpha data\seed_44\alpha_seed44_run005_idx01_g0.10_B5_K3_xi1_C31.npz,20
44,5,2,5,3,1,0.2,31,0.88,0.8066666666666666,0.07333333333333336,0.9488000000000001,0.8922666666666667,0.056533333333333435,0.9513585296529239,0.8685758333167728,0.0827826963361511,0.12509523898395275,175.18249314917824,17.29259799480108,0.8466666666666667,0.9121777777777779,0.8903528506154303,0.94,0.9536,0.9574760801175662,0.1466666666666666,0.15733333333333321,0.1829761392131083,0.15157035307662137,322.2661446808511,157.61860194365292,227.5463841344962,29.992780765777894,16.295024098079445,19.696527129832102,C:\Users\cotjq\OneDrive\Desktop\python_code\Quantum Computing Lab\SVM_Data\alpha data\seed_44\alpha_seed44_run005_idx02_g0.20_B5_K3_xi1_C31.npz,20
44,5,3,5,3,1,0.3,31,0.88,0.8066666666666666,0.07333333333333336,0.9648,0.8981333333333335,0.06666666666666654,0.9649868006606398,0.8766116205431189,0.08837518011752088,0.14051579389435848,145.98951634135295,15.404328543836913,0.8533333333333334,0.9230222222222222,0.8964547874792419,0.9,0.9583999999999999,0.9637730211817169,0.09333333333333327,0.09919999999999984,0.1549098141277354,0.1312963847264949,348.21259638078175,184.6657960931434,264.92588379129876,26.598692964704927,14.462216681382698,18.048247594442667,C:\Users\cotjq\OneDrive\Desktop\python_code\Quantum Computing Lab\SVM_Data\alpha data\seed_44\alpha_seed44_run005_idx03_g0.30_B5_K3_xi1_C31.npz,20
44,5,4,5,3,1,0.4,31,0.9,0.8133333333333334,0.08666666666666667,0.9712000000000001,0.8917333333333334,0.07946666666666669,0.9659035310317179,0.8722865664318659,0.09361696459985203,0.18489741895697243,156.10066059701515,13.327616246321597,0.8466666666666667,0.917511111111111,0.8936823286835321,0.96,0.9792,0.9758051183333053,0.14,0.1704888888888889,0.2095552771048106,0.2203332170434617,462.73916601727336,182.59886252170787,313.1945552626265,48.33866708659565,12.311458483760418,19.435244470386923,C:\Users\cotjq\OneDrive\Desktop\python_code\Quantum Computing Lab\SVM_Data\alpha data\seed_44\alpha_seed44_run005_idx04_g0.40_B5_K3_xi1_C31.npz,20
44,5,5,5,3,1,0.5,31,0.9,0.82,0.08000000000000007,0.9696,0.8942222222222224,0.07537777777777765,0.9643093281331672,0.8747770010911495,0.08953232704201763,0.1837385832775913,128.23843792865944,12.977071320186983,0.8533333333333334,0.9137777777777778,0.8783806251899253,0.92,0.9728,0.9737505605505606,0.13333333333333341,0.12711111111111117,0.1913192131576561,0.18727538327659032,425.18993736217715,213.16159241178931,350.6108740223838,38.070954245403854,11.929816128869014,19.884117059656376,C:\Users\cotjq\OneDrive\Desktop\python_code\Quantum Computing Lab\SVM_Data\alpha data\seed_44\alpha_seed44_run005_idx05_g0.50_B5_K3_xi1_C31.npz,20
44,5,6,5,3,1,0.6,31,0.9,0.82,0.08000000000000007,0.9744,0.8986666666666667,0.07573333333333332,0.9701281952563822,0.8769713839522585,0.09315681130412368,0.20173444796027318,131.01376981894327,11.628934726106454,0.84,0.9136000000000001,0.9075903216349552,0.94,0.9728000000000001,0.973436325688042,0.16666666666666663,0.17671111111111115,0.22030169882951023,0.29025006968802575,533.8152014440329,301.7254384829875,413.54886325358905,38.95292358190545,10.734827247620718,19.5342719612567,C:\Users\cotjq\OneDrive\Desktop\python_code\Quantum Computing Lab\SVM_Data\alpha data\seed_44\alpha_seed44_run005_idx06_g0.60_B5_K3_xi1_C31.npz,20
44,5,7,5,3,1,0.7,31,0.94,0.8133333333333334,0.1266666666666666,0.9808,0.8967111111111111,0.08408888888888888,0.9758857044138913,0.8731112141568141,0.10277449025707719,0.22268819345745533,129.09856402549678,10.80975391995792,0.8533333333333334,0.9132444444444445,0.9132246155741759,0.92,0.9744,0.9736694442935745,0.14666666666666672,0.1392000000000001,0.1836886652009765,0.48996138317268445,485.99687857448976,251.86017370507588,368.44614686884995,31.179245834885684,11.039818176653672,18.402226765231553,C:\Users\cotjq\OneDrive\Desktop\python_code\Quantum Computing Lab\SVM_Data\alpha data\seed_44\alpha_seed44_run005_idx07_g0.70_B5_K3_xi1_C31.npz,20
44,5,8,5,3,1,0.8,31,0.94,0.8,0.1399999999999999,0.9792,0.8864000000000001,0.09279999999999988,0.9730285615567484,0.8541816915999213,0.11884686995682714,0.2673566961828829,132.7749073934835,9.832595053952126,0.8466666666666667,0.9088,0.8826461970711228,0.92,0.9776,0.9775344689241162,0.17333333333333334,0.1644444444444444,0.2036613855886561,0.365046390995241,495.1430298524947,252.61164065992511,398.60710087667474,26.617738623698706,10.335912093983326,18.261476936548757,C:\Users\cotjq\OneDrive\Desktop\python_code\Quantum Computing Lab\SVM_Data\alpha data\seed_44\alpha_seed44_run005_idx08_g0.80_B5_K3_xi1_C31.npz,20
44,5,9,5,3,1,0.9,31,0.94,0.8,0.1399999999999999,0.9792,0.8830222222222223,0.0961777777777777,0.9730285615567484,0.8490021331204723,0.12402642843627609,0.2793313853381394,128.42888161940573,9.66319555756844,0.8333333333333334,0.9027555555555556,0.8840221266354522,0.92,0.9808,0.9771278696560566,0.1266666666666667,0.14097777777777787,0.21644748435329153,0.31385311051069564,442.60917528054773,234.47833073305594,369.2549413132471,35.15431512202282,10.669043683708871,18.83529792984087,C:\Users\cotjq\OneDrive\Desktop\python_code\Quantum Computing Lab\SVM_Data\alpha data\seed_44\alpha_seed44_run005_idx09_g0.90_B5_K3_xi1_C31.npz,20
44,5,10,5,3,1,1.0,31,0.94,0.8,0.1399999999999999,0.9792,0.8856888888888889,0.0935111111111111,0.9730285615567484,0.850738510602184,0.12229005095456447,0.2814507240963103,124.71810226269153,9.457329041394205,0.8733333333333333,0.9136,0.8914744014343841,0.92,0.976,0.9702813088094957,0.20666666666666667,0.18559999999999988,0.2675247340077266,0.2495744626801883,467.4704964394517,200.24413230831198,364.75133058219177,32.869950034902,11.702743383875713,19.868352565275696,C:\Users\cotjq\OneDrive\Desktop\python_code\Quantum Computing Lab\SVM_Data\alpha data\seed_44\alpha_seed44_run005_idx10_g1.00_B5_K3_xi1_C31.npz,20
44,5,11,5,3,1,1.1,31,0.92,0.8,0.12,0.9792,0.8871111111111111,0.09208888888888889,0.9730285615567484,0.8526020327421364,0.12042652881461202,0.28360635914711596,126.50904534724759,9.233637894482877,0.8733333333333333,0.9159111111111111,0.9030546829575187,0.92,0.9792,0.9793534851621809,0.14666666666666672,0.16800000000000004,0.21538230317588725,0.4521142200947811,491.7203169061598,280.81172156560314,383.67066579985953,39.00971888275554,11.385363120248392,19.070223724236676,C:\Users\cotjq\OneDrive\Desktop\python_code\Quantum Computing Lab\SVM_Data\alpha data\seed_44\alpha_seed44_run005_idx11_g1.10_B5_K3_xi1_C31.npz,20
44,5,12,5,3,1,1.2,31,0.92,0.8,0.12,0.9792,0.8846222222222223,0.09457777777777765,0.9730285615567484,0.8492694788533237,0.12375908270342473,0.28566036203891254,118.29981224761431,9.220003327531149,0.8333333333333334,0.9125333333333334,0.8994982365665178,0.92,0.9743999999999999,0.9741915819013627,0.15333333333333332,0.1902222222222223,0.28318217616911656,0.3360596258318155,555.8472707172533,264.79393673140504,377.6033047776142,36.95375265187901,11.996875596143799,19.679033250736087,C:\Users\cotjq\OneDrive\Desktop\python_code\Quantum Computing Lab\SVM_Data\alpha data\seed_44\alpha_seed44_run005_idx12_g1.20_B5_K3_xi1_C31.npz,20
44,5,13,5,3,1,1.3,31,0.92,0.7933333333333333,0.1266666666666667,0.9808,0.8856888888888889,0.09511111111111115,0.9758857044138913,0.8435994545730868,0.1322862498408045,0.292414065555887,118.94212918613239,8.822718594826604,0.82,0.8976,0.890941066305714,0.92,0.9696,0.9708690263207427,0.17333333333333334,0.15484444444444445,0.23133910370282884,0.3159868153285265,430.51714632018917,232.13652484716806,349.7905757823679,30.068412926799656,12.601701586562399,17.395932343749877,C:\Users\cotjq\OneDrive\Desktop\python_code\Quantum Computing Lab\SVM_Data\alpha data\seed_44\alpha_seed44_run005_idx13_g1.30_B5_K3_xi1_C31.npz,20
44,5,14,5,3,1,1.4,31,0.94,0.8,0.1399999999999999,0.9808,0.8849777777777779,0.09582222222222214,0.9758857044138913,0.842262779968217,0.13362292444567436,0.3001153904168513,120.95412781910287,8.440379115367996,0.86,0.9098666666666667,0.8935415774396601,0.92,0.9744,0.9708633312958661,0.16666666666666663,0.1804444444444443,0.233754423673611,0.7017685669916952,562.4744224591316,265.60248146176104,382.3240321937786,35.75754554304237,12.045364384934484,17.628570847075128,C:\Users\cotjq\OneDrive\Desktop\python_code\Quantum Computing Lab\SVM_Data\alpha data\seed_44\alpha_seed44_run005_idx14_g1.40_B5_K3_xi1_C31.npz,20
44,5,15,5,3,1,1.5,31,0.94,0.8,0.1399999999999999,0.9808,0.8833777777777778,0.09742222222222219,0.9758857044138913,0.8398925854237905,0.1359931189901008,0.3076483138485647,115.22847399186671,8.380810973885037,0.8333333333333334,0.9146666666666667,0.9138876667140363,0.92,0.9663999999999999,0.9625377410995112,0.20000000000000007,0.16586666666666672,0.26619215344013747,0.4374911552162231,459.12497621463433,181.40820815848036,315.7219885385958,26.27144569836668,11.63628841815065,18.183185750293067,C:\Users\cotjq\OneDrive\Desktop\python_code\Quantum Computing Lab\SVM_Data\alpha data\seed_44\alpha_seed44_run005_idx15_g1.50_B5_K3_xi1_C31.npz,20
44,5,16,5,3,1,1.6,31,0.94,0.8,0.1399999999999999,0.9808,0.8785777777777778,0.10222222222222221,0.9758857044138913,0.8348174596929117,0.14106824472097967,0.31890304074558784,110.5819572819053,8.289771775016389,0.8333333333333334,0.8935111111111111,0.8878919472049278,0.9,0.968,0.9682148608235566,0.16000000000000003,0.17671111111111115,0.24811431108193938,0.2684462316413518,410.03787216546584,242.48123917733415,338.8782381587662,25.175457814282165,12.531741500744477,18.642297560483726,C:\Users\cotjq\OneDrive\Desktop\python_code\Quantum Computing Lab\SVM_Data\alpha data\seed_44\alpha_seed44_run005_idx16_g1.60_B5_K3_xi1_C31.npz,20
44,5,17,5,3,1,1.7,31,0.94,0.7933333333333333,0.1466666666666666,0.9808,0.8741333333333333,0.10666666666666669,0.9758857044138913,0.8287919435479508,0.1470937608659405,0.3319903799571792,106.94611507565918,8.165245783816175,0.84,0.9087999999999999,0.8923963845593472,0.94,0.9792000000000001,0.9756509465791335,0.18666666666666665,0.15342222222222224,0.2469325355229024,0.39112861364615836,462.5923138259034,278.81777816752134,352.0173889481215,26.358571729354964,9.868879558099707,18.700075596807988,C:\Users\cotjq\OneDrive\Desktop\python_code\Quantum Computing Lab\SVM_Data\alpha data\seed_44\alpha_seed44_run005_idx17_g1.70_B5_K3_xi1_C31.npz,20
44,5,18,5,3,1,1.8,31,0.94,0.7933333333333333,0.1466666666666666,0.9792,0.8712888888888889,0.10791111111111107,0.9730285615567484,0.833111728624413,0.13991683293233548,0.3432652947744218,104.06377203041191,7.973678048235762,0.84,0.9169777777777778,0.9116622647836603,0.94,0.9712,0.9671784621423736,0.16666666666666674,0.22666666666666657,0.3041133025986259,0.5062153968080643,431.7447288609082,250.57521717420013,362.9189414776965,40.5769402394985,11.874159646712318,18.132568521968963,C:\Users\cotjq\OneDrive\Desktop\python_code\Quantum Computing Lab\SVM_Data\alpha data\seed_44\alpha_seed44_run005_idx18_g1.80_B5_K3_xi1_C31.npz,20
44,5,19,5,3,1,1.9,31,0.94,0.7866666666666666,0.15333333333333332,0.9792,0.8672000000000001,0.11199999999999988,0.9730285615567484,0.8323653687622186,0.14066319279452988,0.34909609638307865,102.01234217574859,7.967228486235931,0.82,0.9061333333333333,0.8986406522907209,0.9,0.9712,0.9721261908728176,0.16000000000000003,0.15822222222222226,0.2361617739973767,0.4935614286165822,377.7009622064409,136.08901036463442,295.95553960540786,31.464020989752523,13.171931701301112,21.413748168669546,C:\Users\cotjq\OneDrive\Desktop\python_code\Quantum Computing Lab\SVM_Data\alpha data\seed_44\alpha_seed44_run005_idx19_g1.90_B5_K3_xi1_C31.npz,20
44,5,20,5,3,1,2.0,31,0.94,0.8066666666666666,0.1333333333333333,0.9792000000000001,0.8664888888888889,0.1127111111111112,0.9744612029893899,0.8245025780952813,0.1499586248941086,0.3503790810859847,101.04349475294231,8.071696585371896,0.8,0.8956444444444445,0.8894691051700365,0.9,0.9743999999999999,0.9752647853315455,0.20666666666666667,0.17937777777777775,0.17206397920060323,0.3070219237929308,404.266032674513,231.95740546016935,308.92908838351707,34.08737908846181,12.525736384551633,19.71740477732926,C:\Users\cotjq\OneDrive\Desktop\python_code\Quantum Computing Lab\SVM_Data\alpha data\seed_44\alpha_seed44_run005_idx20_g2.00_B5_K3_xi1_C31.npz,20
44,5,21,5,3,1,2.1,31,0.94,0.8066666666666666,0.1333333333333333,0.9792000000000001,0.8640000000000001,0.11519999999999997,0.9744612029893899,0.8190617804590359,0.155399422530354,0.3518951675014628,98.81162770727036,8.076227834643843,0.8266666666666667,0.9006222222222223,0.8786755015392156,0.9,0.9712,0.9726228336245499,0.17333333333333334,0.20142222222222217,0.2941009213210676,0.32105089489566685,390.275798166545,145.7805331320308,271.2006655254623,31.916989409555704,11.060385819589559,20.58323768766952,C:\Users\cotjq\OneDrive\Desktop\python_code\Quantum Computing Lab\SVM_Data\alpha data\seed_44\alpha_seed44_run005_idx21_g2.10_B5_K3_xi1_C31.npz,20
44,5,22,5,3,1,2.2,31,0.94,0.8,0.1399999999999999,0.976,0.8645333333333333,0.11146666666666671,0.9701271370553239,0.8247376759247187,0.14538946113060525,0.35476141330237043,96.46465578222426,7.9026475836352805,0.8066666666666666,0.885688888888889,0.8771787690240034,0.92,0.968,0.9667538073038073,0.18666666666666665,0.22311111111111115,0.3105856316978024,0.41979592820648465,384.27353682531214,135.79567499484378,267.1994962774645,28.34248722403505,13.139804037490219,18.404068960722757,C:\Users\cotjq\OneDrive\Desktop\python_code\Quantum Computing Lab\SVM_Data\alpha data\seed_44\alpha_seed44_run005_idx22_g2.20_B5_K3_xi1_C31.npz,20
44,5,23,5,3,1,2.3,31,0.94,0.7933333333333333,0.1466666666666666,0.9776,0.8643555555555557,0.11324444444444437,0.9729842799124668,0.8294192696957261,0.14356501021674073,0.3564880661281826,95.2423559146679,7.8114141648789,0.7933333333333333,0.8821333333333333,0.8882327428098812,0.92,0.984,0.9847365079365079,0.17999999999999994,0.19733333333333325,0.28760496060674323,0.4180552934471642,320.6719712559538,182.19421626166542,257.35935431009443,31.242898200713377,10.534411065869048,20.59959793151884,C:\Users\cotjq\OneDrive\Desktop\python_code\Quantum Computing Lab\SVM_Data\alpha data\seed_44\alpha_seed44_run005_idx23_g2.30_B5_K3_xi1_C31.npz,20
44,5,24,5,3,1,2.4,31,0.94,0.7933333333333333,0.1466666666666666,0.9776,0.8647111111111112,0.11288888888888882,0.9729842799124668,0.8315335852382023,0.14145069467426452,0.35699014785554417,94.65727867812994,7.784781267562035,0.8066666666666666,0.8910222222222223,0.882392431519231,0.92,0.9744,0.9782100080084737,0.16666666666666663,0.17937777777777786,0.28356162676769436,0.3798830675673899,362.847453331863,169.36718873725854,239.21205358379265,26.477614152368837,10.770483569457962,18.616079554063045,C:\Users\cotjq\OneDrive\Desktop\python_code\Quantum Computing Lab\SVM_Data\alpha data\seed_44\alpha_seed44_run005_idx24_g2.40_B5_K3_xi1_C31.npz,20
44,5,25,5,3,1,2.5,31,0.94,0.7933333333333333,0.1466666666666666,0.9776,0.8647111111111111,0.11288888888888893,0.9729842799124668,0.8327173242537338,0.14026695565873304,0.35874373101695733,94.7295459840264,7.763770258502407,0.8133333333333334,0.8912,0.8848702843019198,0.96,0.9807999999999999,0.9838203101246581,0.2799999999999999,0.17937777777777764,0.18868256107349046,0.4695234867988063,338.16973791440296,123.71449793269795,274.16151366053674,35.112107875920756,9.411818430197966,19.85061442049443,C:\Users\cotjq\OneDrive\Desktop\python_code\Quantum Computing Lab\SVM_Data\alpha data\seed_44\alpha_seed44_run005_idx25_g2.50_B5_K3_xi1_C31.npz,20
44,5,26,5,3,1,2.6,31,0.94,0.7933333333333333,0.1466666666666666,0.9776,0.8650666666666667,0.11253333333333337,0.9729842799124668,0.8375356656849922,0.13544861422747467,0.35978800464971283,95.75257908936644,7.67356102788604,0.8066666666666666,0.8805333333333333,0.8846986843036526,0.9,0.9728,0.9720044526907041,0.17333333333333334,0.13475555555555552,0.17318510013169186,0.29799999934192695,365.9379748256986,116.45665314721356,240.04980279339634,30.538398119804047,11.32449384411516,19.81471934345882,C:\Users\cotjq\OneDrive\Desktop\python_code\Quantum Computing Lab\SVM_Data\alpha data\seed_44\alpha_seed44_run005_idx26_g2.60_B5_K3_xi1_C31.npz,20
44,5,27,5,3,1,2.7,31,0.94,0.7866666666666666,0.15333333333333332,0.9792000000000001,0.8664888888888889,0.1127111111111112,0.9756509465791335,0.8393797664858986,0.1362711800932349,0.3616197567830418,98.02085729076086,7.569589742770514,0.8,0.8711111111111111,0.866675251278892,0.92,0.9776,0.9811108627093283,0.16666666666666674,0.14826666666666677,0.19220333519153288,0.40802978052647426,343.70228216929274,128.86849101229777,231.98683583662083,30.308479070728946,10.978793958418873,19.040304602466183,C:\Users\cotjq\OneDrive\Desktop\python_code\Quantum Computing Lab\SVM_Data\alpha data\seed_44\alpha_seed44_run005_idx27_g2.70_B5_K3_xi1_C31.npz,20
44,5,28,5,3,1,2.8,31,0.94,0.78,0.15999999999999992,0.9808,0.866311111111111,0.11448888888888897,0.9781509465791335,0.8406784986126505,0.13747244796648295,0.3648802382694566,101.13769808042768,7.484037538422587,0.7933333333333333,0.8647111111111111,0.8664722422927683,0.94,0.9776,0.9731595221736509,0.19333333333333336,0.18062222222222224,0.21107583252144446,0.3577091115184969,379.1445355112853,119.21900676599104,249.88549877292888,30.14968358327021,10.6871591034534,20.483679158821296,C:\Users\cotjq\OneDrive\Desktop\python_code\Quantum Computing Lab\SVM_Data\alpha data\seed_44\alpha_seed44_run005_idx28_g2.80_B5_K3_xi1_C31.npz,20
44,5,29,5,3,1,2.9,31,0.94,0.7733333333333333,0.16666666666666663,0.9808,0.8643555555555557,0.11644444444444435,0.9781509465791335,0.8391208580395922,0.13903008853954124,0.3689494345194845,103.54685749525677,7.413304810175276,0.82,0.896,0.9012054651373895,0.96,0.9872000000000001,0.9896500000000001,0.20000000000000007,0.2142222222222221,0.25283401036586495,0.3712356380054037,307.6582423867868,100.2395439706025,212.20957795957415,32.1988895691249,8.203055569827088,18.576642570371092,C:\Users\cotjq\OneDrive\Desktop\python_code\Quantum Computing Lab\SVM_Data\alpha data\seed_44\alpha_seed44_run005_idx29_g2.90_B5_K3_xi1_C31.npz,20
44,6,0,5,3,1,0.0,31,0.5,0.5,0.0,0.5,0.5,0.0,0.5,0.5,0.0,0.0,-1.0097419586828951e-28,50.0,0.5,0.5,0.5,0.5,0.5,0.5,0.0,0.0,0.0,0.0,0.5,0.0,0.025,50.0,50.0,50.0,C:\Users\cotjq\OneDrive\Desktop\python_code\Quantum Computing Lab\SVM_Data\alpha data\seed_44\alpha_seed44_run006_idx00_g0.00_B5_K3_xi1_C31.npz,20
44,6,1,5,3,1,0.1,31,0.84,0.7666666666666667,0.07333333333333325,0.9344,0.8661333333333333,0.0682666666666667,0.9404859519565403,0.848163110503393,0.09232284145314729,0.11704885812190402,228.38105741405118,23.19621495493452,0.76,0.8778666666666667,0.8758539436672813,0.84,0.9279999999999999,0.9363146107014104,0.17333333333333334,0.14133333333333342,0.15843975690185974,0.14878541393389688,247.89478342471946,136.23887756254,179.35122111736487,44.14873969051079,24.80657971461826,30.98321471589559,C:\Users\cotjq\OneDrive\Desktop\python_code\Quantum Computing Lab\SVM_Data\alpha data\seed_44\alpha_seed44_run006_idx01_g0.10_B5_K3_xi1_C31.npz,20
44,6,2,5,3,1,0.2,31,0.88,0.8066666666666666,0.07333333333333336,0.9488000000000001,0.8922666666666667,0.056533333333333435,0.9513585296529239,0.8685758333167728,0.0827826963361511,0.12509523898395275,175.18249314917824,17.29259799480108,0.8466666666666667,0.9192888888888889,0.8923651281702734,0.86,0.9632000000000001,0.9660522476246616,0.1333333333333333,0.12853333333333328,0.15141444390444025,0.1365254641231844,304.5959865708022,169.00889316204302,224.26416886442797,31.889027222546954,17.663559818707355,22.338111469156363,C:\Users\cotjq\OneDrive\Desktop\python_code\Quantum Computing Lab\SVM_Data\alpha data\seed_44\alpha_seed44_run006_idx02_g0.20_B5_K3_xi1_C31.npz,20
44,6,3,5,3,1,0.3,31,0.88,0.8066666666666666,0.07333333333333336,0.9648,0.8981333333333335,0.06666666666666654,0.9649868006606398,0.8766116205431189,0.08837518011752088,0.14051579389435848,145.98951634135295,15.404328543836913,0.8533333333333334,0.9201777777777778,0.9072522603183854,0.9,0.968,0.96978393892187,0.18000000000000005,0.15857777777777782,0.17859403628773518,0.24893615564143146,385.3910507570623,95.6878718571865,277.21247629383595,28.921058144706084,13.847125547159283,18.771789708524743,C:\Users\cotjq\OneDrive\Desktop\python_code\Quantum Computing Lab\SVM_Data\alpha data\seed_44\alpha_seed44_run006_idx03_g0.30_B5_K3_xi1_C31.npz,20
44,6,4,5,3,1,0.4,31,0.9,0.8133333333333334,0.08666666666666667,0.9712000000000001,0.8917333333333334,0.07946666666666669,0.9659035310317179,0.8722865664318659,0.09361696459985203,0.18489741895697243,156.10066059701515,13.327616246321597,0.86,0.9226666666666666,0.8998592173752293,0.92,0.9632,0.9690063270063272,0.15999999999999992,0.1392,0.20269338580322194,0.22576098907607234,433.37125177662705,180.4241868710916,319.94816786346144,34.06394438678215,13.142907787724086,18.7890061084138,C:\Users\cotjq\OneDrive\Desktop\python_code\Quantum Computing Lab\SVM_Data\alpha data\seed_44\alpha_seed44_run006_idx04_g0.40_B5_K3_xi1_C31.npz,20
44,6,5,5,3,1,0.5,31,0.9,0.82,0.08000000000000007,0.9696,0.8942222222222224,0.07537777777777765,0.9643093281331672,0.8747770010911495,0.08953232704201763,0.1837385832775913,128.23843792865944,12.977071320186983,0.8666666666666667,0.9269333333333334,0.8997166902728115,0.94,0.9792,0.9776478030995195,0.16000000000000003,0.15964444444444437,0.2147669330556936,0.21693800571696326,498.7700778759928,208.45630418873165,328.1880148238944,34.59554341582724,11.968413622293703,19.71410604433645,C:\Users\cotjq\OneDrive\Desktop\python_code\Quantum Computing Lab\SVM_Data\alpha data\seed_44\alpha_seed44_run006_idx05_g0.50_B5_K3_xi1_C31.npz,20
44,6,6,5,3,1,0.6,31,0.9,0.82,0.08000000000000007,0.9744,0.8986666666666667,0.07573333333333332,0.9701281952563822,0.8769713839522585,0.09315681130412368,0.20173444796027318,131.01376981894327,11.628934726106454,0.8333333333333334,0.9176888888888889,0.9121014030654709,0.92,0.9776,0.9754606738888608,0.17333333333333334,0.1498666666666666,0.2101600716324491,0.26288001944615585,521.0130067052454,235.68361290730195,363.146724565953,25.778781854092777,10.965705439711087,17.915339274207394,C:\Users\cotjq\OneDrive\Desktop\python_code\Quantum Computing Lab\SVM_Data\alpha data\seed_44\alpha_seed44_run006_idx06_g0.60_B5_K3_xi1_C31.npz,20
44,6,7,5,3,1,0.7,31,0.94,0.8133333333333334,0.1266666666666666,0.9808,0.8967111111111111,0.08408888888888888,0.9758857044138913,0.8731112141568141,0.10277449025707719,0.22268819345745533,129.09856402549678,10.80975391995792,0.8533333333333334,0.9123555555555556,0.8888022389115449,0.94,0.976,0.9748648971166134,0.16000000000000003,0.16995555555555553,0.21517896040852202,0.32356663677249714,491.7782109890877,259.59737872411563,383.36448363745865,50.08873521629438,10.074044282770913,21.2963999065184,C:\Users\cotjq\OneDrive\Desktop\python_code\Quantum Computing Lab\SVM_Data\alpha data\seed_44\alpha_seed44_run006_idx07_g0.70_B5_K3_xi1_C31.npz,20
44,6,8,5,3,1,0.8,31,0.94,0.8,0.1399999999999999,0.9792,0.8864000000000001,0.09279999999999988,0.9730285615567484,0.8541816915999213,0.11884686995682714,0.2673566961828829,132.7749073934835,9.832595053952126,0.84,0.9039999999999999,0.8951215046302181,0.92,0.9776,0.9796768147311627,0.16666666666666674,0.1731555555555554,0.21977063157398202,0.3546472085537581,510.83967949970645,223.92832868621915,390.5932929809178,25.909717105415027,10.125254216878556,16.107397091489606,C:\Users\cotjq\OneDrive\Desktop\python_code\Quantum Computing Lab\SVM_Data\alpha data\seed_44\alpha_seed44_run006_idx08_g0.80_B5_K3_xi1_C31.npz,20
44,6,9,5,3,1,0.9,31,0.94,0.8,0.1399999999999999,0.9792,0.8830222222222223,0.0961777777777777,0.9730285615567484,0.8490021331204723,0.12402642843627609,0.2793313853381394,128.42888161940573,9.66319555756844,0.8733333333333333,0.9187555555555557,0.9001743562554416,0.92,0.9728,0.9738972639640241,0.16000000000000003,0.1525333333333334,0.22570761491519997,0.41481825955695134,479.75603179887753,309.1718873154939,407.29573788511715,36.31358807078699,11.660121199853426,19.17523398468729,C:\Users\cotjq\OneDrive\Desktop\python_code\Quantum Computing Lab\SVM_Data\alpha data\seed_44\alpha_seed44_run006_idx09_g0.90_B5_K3_xi1_C31.npz,20
44,6,10,5,3,1,1.0,31,0.94,0.8,0.1399999999999999,0.9792,0.8856888888888889,0.0935111111111111,0.9730285615567484,0.850738510602184,0.12229005095456447,0.2814507240963103,124.71810226269153,9.457329041394205,0.8533333333333334,0.9011555555555556,0.8848960026785918,0.88,0.9744,0.9755571481658438,0.12,0.1214222222222221,0.1781548627273366,0.35323014891133386,487.9123020506008,256.2735724827256,377.2477382092819,32.46458986969228,12.214413035792777,18.340240887620872,C:\Users\cotjq\OneDrive\Desktop\python_code\Quantum Computing Lab\SVM_Data\alpha data\seed_44\alpha_seed44_run006_idx10_g1.00_B5_K3_xi1_C31.npz,20
44,6,11,5,3,1,1.1,31,0.92,0.8,0.12,0.9792,0.8871111111111111,0.09208888888888889,0.9730285615567484,0.8526020327421364,0.12042652881461202,0.28360635914711596,126.50904534724759,9.233637894482877,0.8466666666666667,0.9088,0.8846570908452633,0.92,0.9776,0.9798215617715619,0.20000000000000007,0.20142222222222228,0.2521680229028833,0.2518325816669753,525.5526468079971,257.33025102755516,380.215790931595,33.2213977275186,11.489403037836318,18.920599572692634,C:\Users\cotjq\OneDrive\Desktop\python_code\Quantum Computing Lab\SVM_Data\alpha data\seed_44\alpha_seed44_run006_idx11_g1.10_B5_K3_xi1_C31.npz,20
44,6,12,5,3,1,1.2,31,0.92,0.8,0.12,0.9792,0.8846222222222223,0.09457777777777765,0.9730285615567484,0.8492694788533237,0.12375908270342473,0.28566036203891254,118.29981224761431,9.220003327531149,0.8533333333333334,0.9267555555555556,0.9194205453539279,0.94,0.9744,0.9698648023587975,0.15999999999999992,0.1539555555555555,0.23647084726304712,0.5105222204714093,528.0677220765547,287.9190681589331,380.13719291642883,29.14232129648125,11.158937631238583,18.415675944135714,C:\Users\cotjq\OneDrive\Desktop\python_code\Quantum Computing Lab\SVM_Data\alpha data\seed_44\alpha_seed44_run006_idx12_g1.20_B5_K3_xi1_C31.npz,20
44,6,13,5,3,1,1.3,31,0.92,0.7933333333333333,0.1266666666666667,0.9808,0.8856888888888889,0.09511111111111115,0.9758857044138913,0.8435994545730868,0.1322862498408045,0.292414065555887,118.94212918613239,8.822718594826604,0.8533333333333334,0.9073777777777777,0.8887437666564747,0.92,0.9792000000000001,0.982129917184265,0.18000000000000005,0.13653333333333328,0.18667033278067946,0.39190033406716207,492.2668302820784,274.2632487543419,384.87309249117465,28.930494168512574,12.493462120162507,17.350247110787215,C:\Users\cotjq\OneDrive\Desktop\python_code\Quantum Computing Lab\SVM_Data\alpha data\seed_44\alpha_seed44_run006_idx13_g1.30_B5_K3_xi1_C31.npz,20
44,6,14,5,3,1,1.4,31,0.94,0.8,0.1399999999999999,0.9808,0.8849777777777779,0.09582222222222214,0.9758857044138913,0.842262779968217,0.13362292444567436,0.3001153904168513,120.95412781910287,8.440379115367996,0.8466666666666667,0.9027555555555555,0.8823913492362527,0.92,0.9664,0.9671399006959648,0.20666666666666667,0.14951111111111115,0.1919453725972866,0.35007175522331363,444.586450363053,243.97464661757064,344.8550444104323,28.262416108526164,12.542766959342375,16.83560358822995,C:\Users\cotjq\OneDrive\Desktop\python_code\Quantum Computing Lab\SVM_Data\alpha data\seed_44\alpha_seed44_run006_idx14_g1.40_B5_K3_xi1_C31.npz,20
44,6,15,5,3,1,1.5,31,0.94,0.8,0.1399999999999999,0.9808,0.8833777777777778,0.09742222222222219,0.9758857044138913,0.8398925854237905,0.1359931189901008,0.3076483138485647,115.22847399186671,8.380810973885037,0.8133333333333334,0.9130666666666667,0.9096717732295861,0.92,0.9727999999999999,0.9760916860916862,0.19333333333333336,0.18204444444444445,0.25320786590002275,0.5597574046416463,460.1776833320687,166.71543500554765,345.4627855958201,23.83084119724502,10.571791481294246,16.09487544779525,C:\Users\cotjq\OneDrive\Desktop\python_code\Quantum Computing Lab\SVM_Data\alpha data\seed_44\alpha_seed44_run006_idx15_g1.50_B5_K3_xi1_C31.npz,20
44,6,16,5,3,1,1.6,31,0.94,0.8,0.1399999999999999,0.9808,0.8785777777777778,0.10222222222222221,0.9758857044138913,0.8348174596929117,0.14106824472097967,0.31890304074558784,110.5819572819053,8.289771775016389,0.8466666666666667,0.908088888888889,0.8848925994247789,0.94,0.976,0.9730966681627862,0.19333333333333336,0.18400000000000005,0.27209658972174733,0.4206363023700609,468.838166659693,226.0374342622303,359.62217750819326,38.52146686231865,8.899442764106947,19.322479946290937,C:\Users\cotjq\OneDrive\Desktop\python_code\Quantum Computing Lab\SVM_Data\alpha data\seed_44\alpha_seed44_run006_idx16_g1.60_B5_K3_xi1_C31.npz,20
44,6,17,5,3,1,1.7,31,0.94,0.7933333333333333,0.1466666666666666,0.9808,0.8741333333333333,0.10666666666666669,0.9758857044138913,0.8287919435479508,0.1470937608659405,0.3319903799571792,106.94611507565918,8.165245783816175,0.82,0.896,0.8836268302674817,0.94,0.9616,0.967857094621006,0.2533333333333333,0.18879999999999997,0.2088820701956775,0.40516998454658204,472.567005716222,208.05710600367175,330.99489780870414,44.76495481909862,12.915451500417397,21.135893097143743,C:\Users\cotjq\OneDrive\Desktop\python_code\Quantum Computing Lab\SVM_Data\alpha data\seed_44\alpha_seed44_run006_idx17_g1.70_B5_K3_xi1_C31.npz,20
44,6,18,5,3,1,1.8,31,0.94,0.7933333333333333,0.1466666666666666,0.9792,0.8712888888888889,0.10791111111111107,0.9730285615567484,0.833111728624413,0.13991683293233548,0.3432652947744218,104.06377203041191,7.973678048235762,0.8333333333333334,0.9056,0.9083180699444757,0.92,0.9743999999999999,0.9739483538949807,0.2333333333333334,0.17137777777777774,0.2709052947243704,0.3141293857134194,380.19732991249333,214.0990508845706,302.25554022821626,23.73302982803645,11.501125453783668,16.62147552184354,C:\Users\cotjq\OneDrive\Desktop\python_code\Quantum Computing Lab\SVM_Data\alpha data\seed_44\alpha_seed44_run006_idx18_g1.80_B5_K3_xi1_C31.npz,20
44,6,19,5,3,1,1.9,31,0.94,0.7866666666666666,0.15333333333333332,0.9792,0.8672000000000001,0.11199999999999988,0.9730285615567484,0.8323653687622186,0.14066319279452988,0.34909609638307865,102.01234217574859,7.967228486235931,0.86,0.9114666666666668,0.8960523036368009,0.94,0.9632,0.9583521682571168,0.17999999999999994,0.1379555555555555,0.20776698764960377,0.34802508684289885,381.21967903330494,194.05475131500214,321.7155647448512,31.267526431696915,11.86401147216756,19.716260257705958,C:\Users\cotjq\OneDrive\Desktop\python_code\Quantum Computing Lab\SVM_Data\alpha data\seed_44\alpha_seed44_run006_idx19_g1.90_B5_K3_xi1_C31.npz,20
44,6,20,5,3,1,2.0,31,0.94,0.8066666666666666,0.1333333333333333,0.9792000000000001,0.8664888888888889,0.1127111111111112,0.9744612029893899,0.8245025780952813,0.1499586248941086,0.3503790810859847,101.04349475294231,8.071696585371896,0.8266666666666667,0.8867555555555555,0.88520130061355,0.9,0.9712,0.9710529874426348,0.17333333333333334,0.18933333333333324,0.28007204170014144,0.3096011168801339,392.80302704516714,186.13182527886397,294.3465041312012,33.17815141151255,13.063886004748753,20.929881073804705,C:\Users\cotjq\OneDrive\Desktop\python_code\Quantum Computing Lab\SVM_Data\alpha data\seed_44\alpha_seed44_run006_idx20_g2.00_B5_K3_xi1_C31.npz,20
44,6,21,5,3,1,2.1,31,0.94,0.8066666666666666,0.1333333333333333,0.9792000000000001,0.8640000000000001,0.11519999999999997,0.9744612029893899,0.8190617804590359,0.155399422530354,0.3518951675014628,98.81162770727036,8.076227834643843,0.8066666666666666,0.8924444444444445,0.8942824146261794,0.92,0.9663999999999999,0.9650247038951696,0.20666666666666667,0.21635555555555563,0.20334863184608243,0.3129152782474703,397.16757725125,238.48135201903835,289.195665914342,35.608819795363324,12.30570051856563,20.838672088734967,C:\Users\cotjq\OneDrive\Desktop\python_code\Quantum Computing Lab\SVM_Data\alpha data\seed_44\alpha_seed44_run006_idx21_g2.10_B5_K3_xi1_C31.npz,20
44,6,22,5,3,1,2.2,31,0.94,0.8,0.1399999999999999,0.976,0.8645333333333333,0.11146666666666671,0.9701271370553239,0.8247376759247187,0.14538946113060525,0.35476141330237043,96.46465578222426,7.9026475836352805,0.8,0.8782222222222222,0.8681897707965214,0.92,0.9792,0.9793762400185189,0.18666666666666665,0.14808888888888883,0.17131733861972864,0.38279971026104337,381.849927802501,159.8709074666231,288.2584319328424,29.1542505498527,11.03400397228678,20.296526361318296,C:\Users\cotjq\OneDrive\Desktop\python_code\Quantum Computing Lab\SVM_Data\alpha data\seed_44\alpha_seed44_run006_idx22_g2.20_B5_K3_xi1_C31.npz,20
44,6,23,5,3,1,2.3,31,0.94,0.7933333333333333,0.1466666666666666,0.9776,0.8643555555555557,0.11324444444444437,0.9729842799124668,0.8294192696957261,0.14356501021674073,0.3564880661281826,95.2423559146679,7.8114141648789,0.82,0.8842666666666666,0.8731653222903888,0.9,0.9823999999999999,0.984426021080369,0.15333333333333332,0.1571555555555556,0.20279263336469744,0.3219087364633526,386.2024627219902,184.32734574316675,270.8973054765635,33.77999039163906,11.133641438347256,20.921929490493955,C:\Users\cotjq\OneDrive\Desktop\python_code\Quantum Computing Lab\SVM_Data\alpha data\seed_44\alpha_seed44_run006_idx23_g2.30_B5_K3_xi1_C31.npz,20
44,6,24,5,3,1,2.4,31,0.94,0.7933333333333333,0.1466666666666666,0.9776,0.8647111111111112,0.11288888888888882,0.9729842799124668,0.8315335852382023,0.14145069467426452,0.35699014785554417,94.65727867812994,7.784781267562035,0.8533333333333334,0.9121777777777779,0.9035780346743394,0.96,0.984,0.9819808108325272,0.23333333333333328,0.2695111111111109,0.286846195207481,0.36928315554269425,370.3448803833048,129.9456220912724,294.5204690169884,29.13645895387916,8.642296327448815,18.070038003183623,C:\Users\cotjq\OneDrive\Desktop\python_code\Quantum Computing Lab\SVM_Data\alpha data\seed_44\alpha_seed44_run006_idx24_g2.40_B5_K3_xi1_C31.npz,20
44,6,25,5,3,1,2.5,31,0.94,0.7933333333333333,0.1466666666666666,0.9776,0.8647111111111111,0.11288888888888893,0.9729842799124668,0.8327173242537338,0.14026695565873304,0.35874373101695733,94.7295459840264,7.763770258502407,0.7933333333333333,0.8725333333333334,0.8638915974766614,0.92,0.9584,0.9610387253393261,0.17333333333333334,0.14346666666666663,0.17340849026115535,0.3584902086689229,426.18399181345063,177.5035529247922,299.27138475303116,35.6716469338798,14.184493226481258,21.471770305424577,C:\Users\cotjq\OneDrive\Desktop\python_code\Quantum Computing Lab\SVM_Data\alpha data\seed_44\alpha_seed44_run006_idx25_g2.50_B5_K3_xi1_C31.npz,20
44,6,26,5,3,1,2.6,31,0.94,0.7933333333333333,0.1466666666666666,0.9776,0.8650666666666667,0.11253333333333337,0.9729842799124668,0.8375356656849922,0.13544861422747467,0.35978800464971283,95.75257908936644,7.67356102788604,0.8333333333333334,0.9018666666666667,0.9085605066901754,0.92,0.9823999999999999,0.981403358655075,0.17333333333333334,0.15288888888888896,0.22549845291904713,0.21893908780237872,388.36853205270234,154.85520902258492,253.70463947102434,28.583426801684876,11.213845692949716,18.755004161979823,C:\Users\cotjq\OneDrive\Desktop\python_code\Quantum Computing Lab\SVM_Data\alpha data\seed_44\alpha_seed44_run006_idx26_g2.60_B5_K3_xi1_C31.npz,20
44,6,27,5,3,1,2.7,31,0.94,0.7866666666666666,0.15333333333333332,0.9792000000000001,0.8664888888888889,0.1127111111111112,0.9756509465791335,0.8393797664858986,0.1362711800932349,0.3616197567830418,98.02085729076086,7.569589742770514,0.8133333333333334,0.8707555555555556,0.8694186157659657,0.92,0.9743999999999999,0.9764069734613214,0.20000000000000007,0.1882666666666667,0.21333410937567943,0.4029253030481257,317.7118954783151,127.94234901277875,222.67597248268038,26.6957217381567,11.021703430292888,18.60796180290321,C:\Users\cotjq\OneDrive\Desktop\python_code\Quantum Computing Lab\SVM_Data\alpha data\seed_44\alpha_seed44_run006_idx27_g2.70_B5_K3_xi1_C31.npz,20
44,6,28,5,3,1,2.8,31,0.94,0.78,0.15999999999999992,0.9808,0.866311111111111,0.11448888888888897,0.9781509465791335,0.8406784986126505,0.13747244796648295,0.3648802382694566,101.13769808042768,7.484037538422587,0.8333333333333334,0.9018666666666667,0.9101727977641411,0.92,0.9696,0.9702363385406865,0.17999999999999994,0.15697777777777788,0.2024684830809368,0.41615891848861697,325.70995730951745,161.67113418388163,222.7996919533595,31.847874806809276,9.917947298814655,18.02726603449501,C:\Users\cotjq\OneDrive\Desktop\python_code\Quantum Computing Lab\SVM_Data\alpha data\seed_44\alpha_seed44_run006_idx28_g2.80_B5_K3_xi1_C31.npz,20
44,6,29,5,3,1,2.9,31,0.94,0.7733333333333333,0.16666666666666663,0.9808,0.8643555555555557,0.11644444444444435,0.9781509465791335,0.8391208580395922,0.13903008853954124,0.3689494345194845,103.54685749525677,7.413304810175276,0.8133333333333334,0.9016888888888889,0.900412015796267,0.94,0.9696,0.9684963881745752,0.20666666666666667,0.15288888888888896,0.21235227113800026,0.31712193683190937,314.58051204132084,159.62903824324272,209.16534707795034,34.40768341242925,11.718501313904195,18.1205810534044,C:\Users\cotjq\OneDrive\Desktop\python_code\Quantum Computing Lab\SVM_Data\alpha data\seed_44\alpha_seed44_run006_idx29_g2.90_B5_K3_xi1_C31.npz,20
44,7,0,5,3,1,0.0,31,0.5,0.5,0.0,0.5,0.5,0.0,0.5,0.5,0.0,0.0,-1.0097419586828951e-28,50.0,0.5,0.5,0.5,0.5,0.5,0.5,0.0,0.0,0.0,0.0,0.5,0.0,0.075,50.0,50.0,50.0,C:\Users\cotjq\OneDrive\Desktop\python_code\Quantum Computing Lab\SVM_Data\alpha data\seed_44\alpha_seed44_run007_idx00_g0.00_B5_K3_xi1_C31.npz,20
44,7,1,5,3,1,0.1,31,0.84,0.7666666666666667,0.07333333333333325,0.9344,0.8661333333333333,0.0682666666666667,0.9404859519565403,0.848163110503393,0.09232284145314729,0.11704885812190402,228.38105741405118,23.19621495493452,0.8333333333333334,0.9127111111111111,0.8779847668683574,0.88,0.936,0.943515344374168,0.16666666666666663,0.13048888888888888,0.18488663023010687,0.09314064705989622,238.6214715360521,98.68126263906632,162.07682871107227,32.96346626046469,26.073585124876608,28.83496177820507,C:\Users\cotjq\OneDrive\Desktop\python_code\Quantum Computing Lab\SVM_Data\alpha data\seed_44\alpha_seed44_run007_idx01_g0.10_B5_K3_xi1_C31.npz,20
44,7,2,5,3,1,0.2,31,0.88,0.8066666666666666,0.07333333333333336,0.9488000000000001,0.8922666666666667,0.056533333333333435,0.9513585296529239,0.8685758333167728,0.0827826963361511,0.12509523898395275,175.18249314917824,17.29259799480108,0.86,0.9253333333333335,0.9055978978225844,0.88,0.9616,0.9637114385506126,0.14666666666666672,0.14506666666666657,0.1788042501943431,0.09056686365799377,309.4662356938354,154.65081920678577,214.80294725961903,28.10923040720252,16.923246881136066,21.570796320966714,C:\Users\cotjq\OneDrive\Desktop\python_code\Quantum Computing Lab\SVM_Data\alpha data\seed_44\alpha_seed44_run007_idx02_g0.20_B5_K3_xi1_C31.npz,20
44,7,3,5,3,1,0.3,31,0.88,0.8066666666666666,0.07333333333333336,0.9648,0.8981333333333335,0.06666666666666654,0.9649868006606398,0.8766116205431189,0.08837518011752088,0.14051579389435848,145.98951634135295,15.404328543836913,0.8533333333333334,0.9187555555555555,0.9109432543250995,0.9,0.9696,0.9693026591879587,0.15999999999999992,0.1624888888888888,0.1881708525096334,0.18461426232801287,391.15131880309843,180.2204873023013,261.8224512157145,25.377567863903096,12.908438361046255,19.127598341653915,C:\Users\cotjq\OneDrive\Desktop\python_code\Quantum Computing Lab\SVM_Data\alpha data\seed_44\alpha_seed44_run007_idx03_g0.30_B5_K3_xi1_C31.npz,20
44,7,4,5,3,1,0.4,31,0.9,0.8133333333333334,0.08666666666666667,0.9712000000000001,0.8917333333333334,0.07946666666666669,0.9659035310317179,0.8722865664318659,0.09361696459985203,0.18489741895697243,156.10066059701515,13.327616246321597,0.8533333333333334,0.9143111111111111,0.9034262981141516,0.94,0.9696,0.9705687423687424,0.12,0.12817777777777783,0.17424316112593097,0.22713559245997655,376.64551469646005,205.77444000205475,296.39750244174877,31.02260205149773,13.150458841203452,18.40743648923261,C:\Users\cotjq\OneDrive\Desktop\python_code\Quantum Computing Lab\SVM_Data\alpha data\seed_44\alpha_seed44_run007_idx04_g0.40_B5_K3_xi1_C31.npz,20
44,7,5,5,3,1,0.5,31,0.9,0.82,0.08000000000000007,0.9696,0.8942222222222224,0.07537777777777765,0.9643093281331672,0.8747770010911495,0.08953232704201763,0.1837385832775913,128.23843792865944,12.977071320186983,0.86,0.9248,0.89116780488258,0.9,0.968,0.969574076320703,0.1399999999999999,0.13475555555555552,0.19443809109780563,0.13578455738003192,451.44768620403306,179.24240702794776,346.05060508287414,29.884800903649584,13.253098805773096,19.36575227416759,C:\Users\cotjq\OneDrive\Desktop\python_code\Quantum Computing Lab\SVM_Data\alpha data\seed_44\alpha_seed44_run007_idx05_g0.50_B5_K3_xi1_C31.npz,20
44,7,6,5,3,1,0.6,31,0.9,0.82,0.08000000000000007,0.9744,0.8986666666666667,0.07573333333333332,0.9701281952563822,0.8769713839522585,0.09315681130412368,0.20173444796027318,131.01376981894327,11.628934726106454,0.8533333333333334,0.9050666666666667,0.8932927223026258,0.92,0.9728,0.9704593055254235,0.16666666666666674,0.1711999999999999,0.21856230915510133,0.32869798138870837,476.15518715484336,232.73680011929673,370.17620001161174,31.074746848300858,10.201432469525686,18.58217758722936,C:\Users\cotjq\OneDrive\Desktop\python_code\Quantum Computing Lab\SVM_Data\alpha data\seed_44\alpha_seed44_run007_idx06_g0.60_B5_K3_xi1_C31.npz,20
44,7,7,5,3,1,0.7,31,0.94,0.8133333333333334,0.1266666666666666,0.9808,0.8967111111111111,0.08408888888888888,0.9758857044138913,0.8731112141568141,0.10277449025707719,0.22268819345745533,129.09856402549678,10.80975391995792,0.8466666666666667,0.9077333333333334,0.898141875359524,0.92,0.9743999999999999,0.9731119640593325,0.14,0.13653333333333328,0.20264173947409259,0.2841455738604308,482.54387800120367,244.23227612168546,380.67181104833395,27.506712343199478,12.094378514972144,18.734340014443426,C:\Users\cotjq\OneDrive\Desktop\python_code\Quantum Computing Lab\SVM_Data\alpha data\seed_44\alpha_seed44_run007_idx07_g0.70_B5_K3_xi1_C31.npz,20
44,7,8,5,3,1,0.8,31,0.94,0.8,0.1399999999999999,0.9792,0.8864000000000001,0.09279999999999988,0.9730285615567484,0.8541816915999213,0.11884686995682714,0.2673566961828829,132.7749073934835,9.832595053952126,0.8533333333333334,0.9242666666666667,0.9110587094071122,0.92,0.9792000000000001,0.9744612029893899,0.14,0.10364444444444454,0.1518367610004816,0.43880663826865984,521.4537592627256,292.76898770322157,387.8189092159812,32.511209218444556,9.491946885625307,19.178552511286263,C:\Users\cotjq\OneDrive\Desktop\python_code\Quantum Computing Lab\SVM_Data\alpha data\seed_44\alpha_seed44_run007_idx08_g0.80_B5_K3_xi1_C31.npz,20
44,7,9,5,3,1,0.9,31,0.94,0.8,0.1399999999999999,0.9792,0.8830222222222223,0.0961777777777777,0.9730285615567484,0.8490021331204723,0.12402642843627609,0.2793313853381394,128.42888161940573,9.66319555756844,0.88,0.9118222222222222,0.8974735399389933,0.94,0.976,0.9754929164402849,0.1466666666666666,0.13031111111111116,0.17732734391895544,0.315117088956927,553.4955096004131,226.2695916780628,384.6557788819031,22.900360590269752,11.031669930998362,16.74621323927275,C:\Users\cotjq\OneDrive\Desktop\python_code\Quantum Computing Lab\SVM_Data\alpha data\seed_44\alpha_seed44_run007_idx09_g0.90_B5_K3_xi1_C31.npz,20
44,7,10,5,3,1,1.0,31,0.94,0.8,0.1399999999999999,0.9792,0.8856888888888889,0.0935111111111111,0.9730285615567484,0.850738510602184,0.12229005095456447,0.2814507240963103,124.71810226269153,9.457329041394205,0.8666666666666667,0.9168000000000001,0.9099082587629614,0.92,0.9695999999999999,0.9732007445050924,0.19333333333333336,0.15377777777777768,0.19184830940784114,0.3170688619992234,505.0493857595207,231.61209929893124,386.14208276384494,35.227657412860225,11.857748770345768,17.977522788801146,C:\Users\cotjq\OneDrive\Desktop\python_code\Quantum Computing Lab\SVM_Data\alpha data\seed_44\alpha_seed44_run007_idx10_g1.00_B5_K3_xi1_C31.npz,20
44,7,11,5,3,1,1.1,31,0.92,0.8,0.12,0.9792,0.8871111111111111,0.09208888888888889,0.9730285615567484,0.8526020327421364,0.12042652881461202,0.28360635914711596,126.50904534724759,9.233637894482877,0.8666666666666667,0.9198222222222222,0.9103847903808051,0.92,0.9760000000000001,0.9714509465791334,0.15333333333333332,0.1406222222222221,0.1716843282330368,0.411604010417973,498.6072024570696,267.3271285994626,353.9641467633629,33.99482421570053,9.08670391016625,18.08997867835909,C:\Users\cotjq\OneDrive\Desktop\python_code\Quantum Computing Lab\SVM_Data\alpha data\seed_44\alpha_seed44_run007_idx11_g1.10_B5_K3_xi1_C31.npz,20
44,7,12,5,3,1,1.2,31,0.92,0.8,0.12,0.9792,0.8846222222222223,0.09457777777777765,0.9730285615567484,0.8492694788533237,0.12375908270342473,0.28566036203891254,118.29981224761431,9.220003327531149,0.8333333333333334,0.9125333333333333,0.9088145838997193,0.92,0.968,0.970482662684379,0.15333333333333332,0.14506666666666668,0.20697692755021713,0.45563551828740223,471.0131955666438,286.7186607171257,384.81374128071974,35.94939080247379,12.32122667061334,20.903895325635336,C:\Users\cotjq\OneDrive\Desktop\python_code\Quantum Computing Lab\SVM_Data\alpha data\seed_44\alpha_seed44_run007_idx12_g1.20_B5_K3_xi1_C31.npz,20
44,7,13,5,3,1,1.3,31,0.92,0.7933333333333333,0.1266666666666667,0.9808,0.8856888888888889,0.09511111111111115,0.9758857044138913,0.8435994545730868,0.1322862498408045,0.292414065555887,118.94212918613239,8.822718594826604,0.8333333333333334,0.9184000000000001,0.907889277630369,0.92,0.9792,0.9786384982281456,0.19333333333333336,0.16675555555555555,0.2480746440011654,0.3172061000776847,494.58216021026385,277.5118878791951,380.12794870606695,33.90136904819765,12.2030328729127,18.22230021497629,C:\Users\cotjq\OneDrive\Desktop\python_code\Quantum Computing Lab\SVM_Data\alpha data\seed_44\alpha_seed44_run007_idx13_g1.30_B5_K3_xi1_C31.npz,20
44,7,14,5,3,1,1.4,31,0.94,0.8,0.1399999999999999,0.9808,0.8849777777777779,0.09582222222222214,0.9758857044138913,0.842262779968217,0.13362292444567436,0.3001153904168513,120.95412781910287,8.440379115367996,0.84,0.9075555555555556,0.9049847548500233,0.92,0.9600000000000001,0.958452453428924,0.18666666666666676,0.15733333333333321,0.2635126735026029,0.31881996586424327,461.1694777811013,177.22246308701,335.6599120845263,31.938576016981777,13.404586685798051,18.867605102478034,C:\Users\cotjq\OneDrive\Desktop\python_code\Quantum Computing Lab\SVM_Data\alpha data\seed_44\alpha_seed44_run007_idx14_g1.40_B5_K3_xi1_C31.npz,20
44,7,15,5,3,1,1.5,31,0.94,0.8,0.1399999999999999,0.9808,0.8833777777777778,0.09742222222222219,0.9758857044138913,0.8398925854237905,0.1359931189901008,0.3076483138485647,115.22847399186671,8.380810973885037,0.8533333333333334,0.9008,0.867974380606481,0.94,0.9728000000000001,0.9741261908728176,0.19333333333333336,0.17031111111111108,0.25452329111142136,0.39075888223266164,438.1455919454444,228.60514725252577,341.9892193287472,28.63280016458135,12.145435744539977,17.20702150540571,C:\Users\cotjq\OneDrive\Desktop\python_code\Quantum Computing Lab\SVM_Data\alpha data\seed_44\alpha_seed44_run007_idx15_g1.50_B5_K3_xi1_C31.npz,20
44,7,16,5,3,1,1.6,31,0.94,0.8,0.1399999999999999,0.9808,0.8785777777777778,0.10222222222222221,0.9758857044138913,0.8348174596929117,0.14106824472097967,0.31890304074558784,110.5819572819053,8.289771775016389,0.8466666666666667,0.9116444444444445,0.8907988863156867,0.96,0.984,0.9841411004454483,0.17333333333333334,0.17333333333333334,0.24710106718624403,0.3965299964554232,452.22343065092093,167.45870841896004,315.93993234966496,24.56757671567859,11.47291044545432,18.094549877961406,C:\Users\cotjq\OneDrive\Desktop\python_code\Quantum Computing Lab\SVM_Data\alpha data\seed_44\alpha_seed44_run007_idx16_g1.60_B5_K3_xi1_C31.npz,20
44,7,17,5,3,1,1.7,31,0.94,0.7933333333333333,0.1466666666666666,0.9808,0.8741333333333333,0.10666666666666669,0.9758857044138913,0.8287919435479508,0.1470937608659405,0.3319903799571792,106.94611507565918,8.165245783816175,0.8133333333333334,0.8853333333333334,0.8734720345532982,0.92,0.9728,0.9714303923243874,0.19333333333333336,0.20071111111111117,0.23357550833760898,0.39517909286331615,438.63201367769585,287.6521342443714,365.15515216022976,37.70412736104933,11.642014204192272,21.36765521018971,C:\Users\cotjq\OneDrive\Desktop\python_code\Quantum Computing Lab\SVM_Data\alpha data\seed_44\alpha_seed44_run007_idx17_g1.70_B5_K3_xi1_C31.npz,20
44,7,18,5,3,1,1.8,31,0.94,0.7933333333333333,0.1466666666666666,0.9792,0.8712888888888889,0.10791111111111107,0.9730285615567484,0.833111728624413,0.13991683293233548,0.3432652947744218,104.06377203041191,7.973678048235762,0.8533333333333334,0.9152,0.8956572636619834,0.9,0.976,0.9759381005467962,0.17333333333333334,0.2076444444444443,0.29537477053528116,0.46107209937056287,422.7099499793619,251.11144878009583,328.4001498456671,31.04200208869218,14.501780002517037,19.082016619860607,C:\Users\cotjq\OneDrive\Desktop\python_code\Quantum Computing Lab\SVM_Data\alpha data\seed_44\alpha_seed44_run007_idx18_g1.80_B5_K3_xi1_C31.npz,20
44,7,19,5,3,1,1.9,31,0.94,0.7866666666666666,0.15333333333333332,0.9792,0.8672000000000001,0.11199999999999988,0.9730285615567484,0.8323653687622186,0.14066319279452988,0.34909609638307865,102.01234217574859,7.967228486235931,0.8333333333333334,0.9073777777777778,0.9052769402902054,0.9,0.9663999999999999,0.966323676817672,0.19333333333333336,0.19022222222222218,0.2667169593315539,0.3649359072391529,375.1462290129493,176.2997606429731,279.01887421063327,27.102968389391243,13.38117588604192,18.81788255000988,C:\Users\cotjq\OneDrive\Desktop\python_code\Quantum Computing Lab\SVM_Data\alpha data\seed_44\alpha_seed44_run007_idx19_g1.90_B5_K3_xi1_C31.npz,20
44,7,20,5,3,1,2.0,31,0.94,0.8066666666666666,0.1333333333333333,0.9792000000000001,0.8664888888888889,0.1127111111111112,0.9744612029893899,0.8245025780952813,0.1499586248941086,0.3503790810859847,101.04349475294231,8.071696585371896,0.82,0.8743111111111111,0.8770708177422969,0.92,0.9712000000000001,0.9761877857862513,0.19333333333333336,0.1937777777777776,0.27405402005632573,0.42377262294481116,434.09730913026556,149.42191246336262,295.8610407585944,32.16880778120485,11.462000911020573,19.3037285005319,C:\Users\cotjq\OneDrive\Desktop\python_code\Quantum Computing Lab\SVM_Data\alpha data\seed_44\alpha_seed44_run007_idx20_g2.00_B5_K3_xi1_C31.npz,20
44,7,21,5,3,1,2.1,31,0.94,0.8066666666666666,0.1333333333333333,0.9792000000000001,0.8640000000000001,0.11519999999999997,0.9744612029893899,0.8190617804590359,0.155399422530354,0.3518951675014628,98.81162770727036,8.076227834643843,0.82,0.8949333333333334,0.8767167189114158,0.92,0.9647999999999999,0.9687860287860288,0.18000000000000005,0.19875555555555557,0.28139415184077976,0.20319594897152404,399.80852822971923,159.81661297025678,300.12581186336337,26.53197439848789,13.85285982284752,19.208571459359167,C:\Users\cotjq\OneDrive\Desktop\python_code\Quantum Computing Lab\SVM_Data\alpha data\seed_44\alpha_seed44_run007_idx21_g2.10_B5_K3_xi1_C31.npz,20
44,7,22,5,3,1,2.2,31,0.94,0.8,0.1399999999999999,0.976,0.8645333333333333,0.11146666666666671,0.9701271370553239,0.8247376759247187,0.14538946113060525,0.35476141330237043,96.46465578222426,7.9026475836352805,0.8266666666666667,0.9152,0.9140058834524524,0.92,0.9696,0.9683093592567278,0.1333333333333333,0.16586666666666672,0.26099445761820794,0.3008927263163095,451.9665630804749,166.35520556125132,296.41658559196384,29.22993127322614,12.045413574749798,18.520042499567452,C:\Users\cotjq\OneDrive\Desktop\python_code\Quantum Computing Lab\SVM_Data\alpha data\seed_44\alpha_seed44_run007_idx22_g2.20_B5_K3_xi1_C31.npz,20
44,7,23,5,3,1,2.3,31,0.94,0.7933333333333333,0.1466666666666666,0.9776,0.8643555555555557,0.11324444444444437,0.9729842799124668,0.8294192696957261,0.14356501021674073,0.3564880661281826,95.2423559146679,7.8114141648789,0.8066666666666666,0.9020444444444444,0.8933899942404321,0.96,0.9808,0.9781509465791335,0.18666666666666665,0.17546666666666666,0.24534225679667843,0.47105537274228804,383.2470085653295,142.44105818518324,277.53510845347745,36.687515387781076,12.374839688379978,19.87340001797713,C:\Users\cotjq\OneDrive\Desktop\python_code\Quantum Computing Lab\SVM_Data\alpha data\seed_44\alpha_seed44_run007_idx23_g2.30_B5_K3_xi1_C31.npz,20
44,7,24,5,3,1,2.4,31,0.94,0.7933333333333333,0.1466666666666666,0.9776,0.8647111111111112,0.11288888888888882,0.9729842799124668,0.8315335852382023,0.14145069467426452,0.35699014785554417,94.65727867812994,7.784781267562035,0.8266666666666667,0.8951111111111111,0.8799613401418771,0.94,0.976,0.9781434813978294,0.17333333333333334,0.16835555555555548,0.17612634888087042,0.34321887074718993,358.2378108849125,172.67677510687895,279.80966289745635,32.29414351984968,11.46726418750448,19.929863199711342,C:\Users\cotjq\OneDrive\Desktop\python_code\Quantum Computing Lab\SVM_Data\alpha data\seed_44\alpha_seed44_run007_idx24_g2.40_B5_K3_xi1_C31.npz,20
44,7,25,5,3,1,2.5,31,0.94,0.7933333333333333,0.1466666666666666,0.9776,0.8647111111111111,0.11288888888888893,0.9729842799124668,0.8327173242537338,0.14026695565873304,0.35874373101695733,94.7295459840264,7.763770258502407,0.8266666666666667,0.8940444444444445,0.8869270848419802,0.92,0.9776,0.9777820371199681,0.21333333333333337,0.21315555555555554,0.25304184625401605,0.39399992540868406,377.7401339650413,87.24560073611278,254.82049614913154,35.112826401557754,11.613548125836045,20.093138913223513,C:\Users\cotjq\OneDrive\Desktop\python_code\Quantum Computing Lab\SVM_Data\alpha data\seed_44\alpha_seed44_run007_idx25_g2.50_B5_K3_xi1_C31.npz,20
44,7,26,5,3,1,2.6,31,0.94,0.7933333333333333,0.1466666666666666,0.9776,0.8650666666666667,0.11253333333333337,0.9729842799124668,0.8375356656849922,0.13544861422747467,0.35978800464971283,95.75257908936644,7.67356102788604,0.82,0.9203555555555556,0.9185438060475491,0.94,0.9728,0.9687606738888608,0.19999999999999996,0.1724444444444443,0.1955843293030992,0.3861610946134383,317.7036243565951,120.56845616882663,234.98798160771534,35.508647784992775,9.184254641611462,20.1308147567937,C:\Users\cotjq\OneDrive\Desktop\python_code\Quantum Computing Lab\SVM_Data\alpha data\seed_44\alpha_seed44_run007_idx26_g2.60_B5_K3_xi1_C31.npz,20
44,7,27,5,3,1,2.7,31,0.94,0.7866666666666666,0.15333333333333332,0.9792000000000001,0.8664888888888889,0.1127111111111112,0.9756509465791335,0.8393797664858986,0.1362711800932349,0.3616197567830418,98.02085729076086,7.569589742770514,0.8133333333333334,0.8931555555555557,0.8878459318550458,0.94,0.9808,0.9833997584541063,0.22000000000000008,0.19537777777777787,0.2037853409202819,0.425183491605014,343.41929879864756,110.59026786054605,215.54668207026958,29.16928757539077,10.76499813573114,17.317066736073947,C:\Users\cotjq\OneDrive\Desktop\python_code\Quantum Computing Lab\SVM_Data\alpha data\seed_44\alpha_seed44_run007_idx27_g2.70_B5_K3_xi1_C31.npz,20
44,7,28,5,3,1,2.8,31,0.94,0.78,0.15999999999999992,0.9808,0.866311111111111,0.11448888888888897,0.9781509465791335,0.8406784986126505,0.13747244796648295,0.3648802382694566,101.13769808042768,7.484037538422587,0.8066666666666666,0.8771555555555556,0.8543199122663334,0.92,0.968,0.9698877564464521,0.18666666666666665,0.17279999999999984,0.18262237311592733,0.43042854510689876,315.3168632379197,60.91906769664152,215.25699225633602,26.82978103632063,12.360756127375176,17.299069361580376,C:\Users\cotjq\OneDrive\Desktop\python_code\Quantum Computing Lab\SVM_Data\alpha data\seed_44\alpha_seed44_run007_idx28_g2.80_B5_K3_xi1_C31.npz,20
44,7,29,5,3,1,2.9,31,0.94,0.7733333333333333,0.16666666666666663,0.9808,0.8643555555555557,0.11644444444444435,0.9781509465791335,0.8391208580395922,0.13903008853954124,0.3689494345194845,103.54685749525677,7.413304810175276,0.82,0.8709333333333332,0.8711412574279216,0.92,0.9776,0.9731384516666386,0.17999999999999994,0.18720000000000003,0.30579477789234755,0.3866646251091671,307.34005940358793,108.89548165598865,212.40219317017082,27.44002452856706,9.399611574705872,17.819731745177243,C:\Users\cotjq\OneDrive\Desktop\python_code\Quantum Computing Lab\SVM_Data\alpha data\seed_44\alpha_seed44_run007_idx29_g2.90_B5_K3_xi1_C31.npz,20
44,8,0,5,3,1,0.0,31,0.5,0.5,0.0,0.5,0.5,0.0,0.5,0.5,0.0,0.0,-1.0097419586828951e-28,50.0,0.5,0.5,0.5,0.5,0.5,0.5,0.0,0.0,0.0,0.0,0.5,0.0,0.125,50.0,50.0,50.0,C:\Users\cotjq\OneDrive\Desktop\python_code\Quantum Computing Lab\SVM_Data\alpha data\seed_44\alpha_seed44_run008_idx00_g0.00_B5_K3_xi1_C31.npz,20
44,8,1,5,3,1,0.1,31,0.84,0.7666666666666667,0.07333333333333325,0.9344,0.8661333333333333,0.0682666666666667,0.9404859519565403,0.848163110503393,0.09232284145314729,0.11704885812190402,228.38105741405118,23.19621495493452,0.74,0.8554666666666667,0.8405752983737703,0.84,0.9344,0.9422949188187579,0.15333333333333343,0.1578666666666667,0.19407266656622757,0.11279226896599176,245.92608678260464,114.90458763991975,175.9360640771111,40.844231914971886,24.876494662261138,29.946842383052108,C:\Users\cotjq\OneDrive\Desktop\python_code\Quantum Computing Lab\SVM_Data\alpha data\seed_44\alpha_seed44_run008_idx01_g0.10_B5_K3_xi1_C31.npz,20
44,8,2,5,3,1,0.2,31,0.88,0.8066666666666666,0.07333333333333336,0.9488000000000001,0.8922666666666667,0.056533333333333435,0.9513585296529239,0.8685758333167728,0.0827826963361511,0.12509523898395275,175.18249314917824,17.29259799480108,0.8733333333333333,0.924088888888889,0.9027117221175807,0.9,0.9552,0.9597553332838112,0.15333333333333332,0.11804444444444451,0.1723311130363585,0.09015910121363507,390.90737407412746,116.88751088816178,236.78795124434342,24.159736298727296,14.834575399978585,20.433470592293983,C:\Users\cotjq\OneDrive\Desktop\python_code\Quantum Computing Lab\SVM_Data\alpha data\seed_44\alpha_seed44_run008_idx02_g0.20_B5_K3_xi1_C31.npz,20
44,8,3,5,3,1,0.3,31,0.88,0.8066666666666666,0.07333333333333336,0.9648,0.8981333333333335,0.06666666666666654,0.9649868006606398,0.8766116205431189,0.08837518011752088,0.14051579389435848,145.98951634135295,15.404328543836913,0.8733333333333333,0.9196444444444445,0.8981478545823925,0.9,0.9648000000000001,0.9666757303887739,0.15333333333333332,0.18862222222222225,0.18370103887296052,0.14004332600886366,352.71408072778127,175.99913509690833,254.77722760259766,35.65104145595051,13.906724466194083,21.351239927484265,C:\Users\cotjq\OneDrive\Desktop\python_code\Quantum Computing Lab\SVM_Data\alpha data\seed_44\alpha_seed44_run008_idx03_g0.30_B5_K3_xi1_C31.npz,20
44,8,4,5,3,1,0.4,31,0.9,0.8133333333333334,0.08666666666666667,0.9712000000000001,0.8917333333333334,0.07946666666666669,0.9659035310317179,0.8722865664318659,0.09361696459985203,0.18489741895697243,156.10066059701515,13.327616246321597,0.8533333333333334,0.9128888888888889,0.8919763514237794,0.92,0.9664,0.9652906632231979,0.12,0.09262222222222227,0.14619857052274532,0.18472852040123933,415.6622908335685,234.3016673050872,315.2448761321822,22.39636715245638,13.475907060734238,17.837859755973586,C:\Users\cotjq\OneDrive\Desktop\python_code\Quantum Computing Lab\SVM_Data\alpha data\seed_44\alpha_seed44_run008_idx04_g0.40_B5_K3_xi1_C31.npz,20
44,8,5,5,3,1,0.5,31,0.9,0.82,0.08000000000000007,0.9696,0.8942222222222224,0.07537777777777765,0.9643093281331672,0.8747770010911495,0.08953232704201763,0.1837385832775913,128.23843792865944,12.977071320186983,0.8666666666666667,0.9244444444444445,0.91781217327277,0.92,0.9792,0.9778136150653314,0.17333333333333334,0.15591111111111122,0.16832547695895228,0.2465455817454773,510.6701215249599,229.31073638860238,356.3503048533713,34.51338355249007,10.867967705660769,21.760277153818617,C:\Users\cotjq\OneDrive\Desktop\python_code\Quantum Computing Lab\SVM_Data\alpha data\seed_44\alpha_seed44_run008_idx05_g0.50_B5_K3_xi1_C31.npz,20
44,8,6,5,3,1,0.6,31,0.9,0.82,0.08000000000000007,0.9744,0.8986666666666667,0.07573333333333332,0.9701281952563822,0.8769713839522585,0.09315681130412368,0.20173444796027318,131.01376981894327,11.628934726106454,0.86,0.9192888888888888,0.889798835647044,0.92,0.9808,0.9758857044138913,0.16666666666666674,0.1431111111111112,0.16696630094242848,0.37942041614435806,522.9083498287115,204.14803522744256,400.0132934515108,33.69548333537821,10.235878066276234,18.582915894294196,C:\Users\cotjq\OneDrive\Desktop\python_code\Quantum Computing Lab\SVM_Data\alpha data\seed_44\alpha_seed44_run008_idx06_g0.60_B5_K3_xi1_C31.npz,20
44,8,7,5,3,1,0.7,31,0.94,0.8133333333333334,0.1266666666666666,0.9808,0.8967111111111111,0.08408888888888888,0.9758857044138913,0.8731112141568141,0.10277449025707719,0.22268819345745533,129.09856402549678,10.80975391995792,0.8733333333333333,0.9214222222222223,0.8916084415585419,0.92,0.9712000000000001,0.9719710897797855,0.13333333333333341,0.1432888888888888,0.21414997234763167,0.3332213624981655,515.2905159344375,272.0437455837207,407.79777483956127,21.985383863961268,11.212372183200818,15.802254610083036,C:\Users\cotjq\OneDrive\Desktop\python_code\Quantum Computing Lab\SVM_Data\alpha data\seed_44\alpha_seed44_run008_idx07_g0.70_B5_K3_xi1_C31.npz,20
44,8,8,5,3,1,0.8,31,0.94,0.8,0.1399999999999999,0.9792,0.8864000000000001,0.09279999999999988,0.9730285615567484,0.8541816915999213,0.11884686995682714,0.2673566961828829,132.7749073934835,9.832595053952126,0.86,0.9219555555555555,0.8974684725240157,0.92,0.9776,0.9792852347275137,0.16666666666666674,0.13226666666666664,0.18401531270492077,0.3754635876774011,508.9603773997799,241.7672060468418,387.7879534298819,32.247572095990016,12.086085673137228,19.59288562830972,C:\Users\cotjq\OneDrive\Desktop\python_code\Quantum Computing Lab\SVM_Data\alpha data\seed_44\alpha_seed44_run008_idx08_g0.80_B5_K3_xi1_C31.npz,20
44,8,9,5,3,1,0.9,31,0.94,0.8,0.1399999999999999,0.9792,0.8830222222222223,0.0961777777777777,0.9730285615567484,0.8490021331204723,0.12402642843627609,0.2793313853381394,128.42888161940573,9.66319555756844,0.8466666666666667,0.9178666666666667,0.9000592348317433,0.94,0.9808,0.9781509465791335,0.1466666666666666,0.14826666666666666,0.20710037058423758,0.37943205882925,512.5017241052062,282.4070920768239,398.1818628577048,49.015592467491864,10.623790043072272,18.74629815693274,C:\Users\cotjq\OneDrive\Desktop\python_code\Quantum Computing Lab\SVM_Data\alpha data\seed_44\alpha_seed44_run008_idx09_g0.90_B5_K3_xi1_C31.npz,20
44,8,10,5,3,1,1.0,31,0.94,0.8,0.1399999999999999,0.9792,0.8856888888888889,0.0935111111111111,0.9730285615567484,0.850738510602184,0.12229005095456447,0.2814507240963103,124.71810226269153,9.457329041394205,0.8533333333333334,0.9136000000000001,0.9016245776593321,0.92,0.9824,0.981192776644493,0.17333333333333334,0.13102222222222226,0.17827827483735303,0.28643182821508817,463.7716445395449,270.09759250683,371.7716544507761,36.947865802666314,10.205378281297296,18.64387293335812,C:\Users\cotjq\OneDrive\Desktop\python_code\Quantum Computing Lab\SVM_Data\alpha data\seed_44\alpha_seed44_run008_idx10_g1.00_B5_K3_xi1_C31.npz,20
44,8,11,5,3,1,1.1,31,0.92,0.8,0.12,0.9792,0.8871111111111111,0.09208888888888889,0.9730285615567484,0.8526020327421364,0.12042652881461202,0.28360635914711596,126.50904534724759,9.233637894482877,0.8333333333333334,0.9041777777777777,0.882078268305388,0.94,0.9808000000000001,0.9811276694320172,0.15333333333333332,0.1610666666666668,0.2158040045687747,0.3418999583598048,441.77803514166374,241.68863979042223,353.8514292332251,38.688785197047665,9.900147935625329,17.065242500026745,C:\Users\cotjq\OneDrive\Desktop\python_code\Quantum Computing Lab\SVM_Data\alpha data\seed_44\alpha_seed44_run008_idx11_g1.10_B5_K3_xi1_C31.npz,20
44,8,12,5,3,1,1.2,31,0.92,0.8,0.12,0.9792,0.8846222222222223,0.09457777777777765,0.9730285615567484,0.8492694788533237,0.12375908270342473,0.28566036203891254,118.29981224761431,9.220003327531149,0.86,0.9169777777777779,0.88745545808671,0.92,0.984,0.9827261099778263,0.16000000000000003,0.13155555555555554,0.18623691350393312,0.33245699772299747,466.53599712073566,166.76377830740648,342.48639767783123,43.650686523388146,10.744226555936956,18.966309223149732,C:\Users\cotjq\OneDrive\Desktop\python_code\Quantum Computing Lab\SVM_Data\alpha data\seed_44\alpha_seed44_run008_idx12_g1.20_B5_K3_xi1_C31.npz,20
44,8,13,5,3,1,1.3,31,0.92,0.7933333333333333,0.1266666666666667,0.9808,0.8856888888888889,0.09511111111111115,0.9758857044138913,0.8435994545730868,0.1322862498408045,0.292414065555887,118.94212918613239,8.822718594826604,0.86,0.9233777777777779,0.8969674217459718,0.92,0.9743999999999999,0.9720405799731148,0.19333333333333336,0.1498666666666666,0.18108813461024587,0.34075500340429454,457.2638032354603,226.71609218594966,368.93794720345875,25.18731376887994,11.955788186391597,17.84395995695459,C:\Users\cotjq\OneDrive\Desktop\python_code\Quantum Computing Lab\SVM_Data\alpha data\seed_44\alpha_seed44_run008_idx13_g1.30_B5_K3_xi1_C31.npz,20
44,8,14,5,3,1,1.4,31,0.94,0.8,0.1399999999999999,0.9808,0.8849777777777779,0.09582222222222214,0.9758857044138913,0.842262779968217,0.13362292444567436,0.3001153904168513,120.95412781910287,8.440379115367996,0.84,0.8986666666666667,0.8953425520914196,0.92,0.968,0.9694804363471965,0.16666666666666674,0.1928888888888889,0.26433051538292396,0.3899653417551045,440.152459486346,157.06942764840744,333.02526255552874,40.613730975658136,13.395295755310592,21.657693183054896,C:\Users\cotjq\OneDrive\Desktop\python_code\Quantum Computing Lab\SVM_Data\alpha data\seed_44\alpha_seed44_run008_idx14_g1.40_B5_K3_xi1_C31.npz,20
44,8,15,5,3,1,1.5,31,0.94,0.8,0.1399999999999999,0.9808,0.8833777777777778,0.09742222222222219,0.9758857044138913,0.8398925854237905,0.1359931189901008,0.3076483138485647,115.22847399186671,8.380810973885037,0.84,0.8993777777777777,0.8990850496407575,0.92,0.9728,0.9701958134619314,0.20666666666666667,0.18684444444444448,0.20381355957958136,0.46492581746590544,456.66773528718034,221.39047867508307,322.7784694820263,28.61753075855993,11.659934160775947,19.889515053024294,C:\Users\cotjq\OneDrive\Desktop\python_code\Quantum Computing Lab\SVM_Data\alpha data\seed_44\alpha_seed44_run008_idx15_g1.50_B5_K3_xi1_C31.npz,20
44,8,16,5,3,1,1.6,31,0.94,0.8,0.1399999999999999,0.9808,0.8785777777777778,0.10222222222222221,0.9758857044138913,0.8348174596929117,0.14106824472097967,0.31890304074558784,110.5819572819053,8.289771775016389,0.8466666666666667,0.8970666666666667,0.8791498697110108,0.92,0.9744,0.9698567436805827,0.22666666666666668,0.18595555555555554,0.2869380716380643,0.2997788066052649,459.95185932592324,204.3468582370936,330.8046997002852,29.621383990457637,12.3429839085838,20.12305714985588,C:\Users\cotjq\OneDrive\Desktop\python_code\Quantum Computing Lab\SVM_Data\alpha data\seed_44\alpha_seed44_run008_idx16_g1.60_B5_K3_xi1_C31.npz,20
44,8,17,5,3,1,1.7,31,0.94,0.7933333333333333,0.1466666666666666,0.9808,0.8741333333333333,0.10666666666666669,0.9758857044138913,0.8287919435479508,0.1470937608659405,0.3319903799571792,106.94611507565918,8.165245783816175,0.82,0.8933333333333333,0.8642955486472623,0.92,0.9808,0.9804993293510456,0.18000000000000005,0.1717333333333333,0.2582844800600449,0.3129496219428898,394.78873626797935,217.5524875085381,314.82908730060547,36.77455070672746,12.275237590963807,17.669995003833964,C:\Users\cotjq\OneDrive\Desktop\python_code\Quantum Computing Lab\SVM_Data\alpha data\seed_44\alpha_seed44_run008_idx17_g1.70_B5_K3_xi1_C31.npz,20
44,8,18,5,3,1,1.8,31,0.94,0.7933333333333333,0.1466666666666666,0.9792,0.8712888888888889,0.10791111111111107,0.9730285615567484,0.833111728624413,0.13991683293233548,0.3432652947744218,104.06377203041191,7.973678048235762,0.8266666666666667,0.9015111111111112,0.8954965665793849,0.92,0.9776,0.9741176132458002,0.18000000000000005,0.15555555555555545,0.1991817700795684,0.2356229592824054,409.79166245673,210.98340990249235,322.6572763269784,27.46552618287093,10.781347328903331,18.46228381459896,C:\Users\cotjq\OneDrive\Desktop\python_code\Quantum Computing Lab\SVM_Data\alpha data\seed_44\alpha_seed44_run008_idx18_g1.80_B5_K3_xi1_C31.npz,20
44,8,19,5,3,1,1.9,31,0.94,0.7866666666666666,0.15333333333333332,0.9792,0.8672000000000001,0.11199999999999988,0.9730285615567484,0.8323653687622186,0.14066319279452988,0.34909609638307865,102.01234217574859,7.967228486235931,0.86,0.912,0.8865233803065223,0.92,0.9696,0.9689882754926233,0.18000000000000005,0.18453333333333333,0.24736096768185512,0.300045919506133,425.21489892346995,225.44256125552772,320.8842241198591,32.94818598763869,11.361313439597025,18.797139976186845,C:\Users\cotjq\OneDrive\Desktop\python_code\Quantum Computing Lab\SVM_Data\alpha data\seed_44\alpha_seed44_run008_idx19_g1.90_B5_K3_xi1_C31.npz,20
44,8,20,5,3,1,2.0,31,0.94,0.8066666666666666,0.1333333333333333,0.9792000000000001,0.8664888888888889,0.1127111111111112,0.9744612029893899,0.8245025780952813,0.1499586248941086,0.3503790810859847,101.04349475294231,8.071696585371896,0.7933333333333333,0.8792888888888889,0.8671690876743723,0.9,0.9616,0.9581394727012429,0.14666666666666672,0.15004444444444442,0.19536440228802987,0.42429173725484387,416.5067787328196,216.8341960362531,316.7612119310714,33.036092314816244,13.71164647712065,20.2367062381041,C:\Users\cotjq\OneDrive\Desktop\python_code\Quantum Computing Lab\SVM_Data\alpha data\seed_44\alpha_seed44_run008_idx20_g2.00_B5_K3_xi1_C31.npz,20
44,8,21,5,3,1,2.1,31,0.94,0.8066666666666666,0.1333333333333333,0.9792000000000001,0.8640000000000001,0.11519999999999997,0.9744612029893899,0.8190617804590359,0.155399422530354,0.3518951675014628,98.81162770727036,8.076227834643843,0.8333333333333334,0.9088,0.8991690039961789,0.92,0.9712,0.9730912485429649,0.15333333333333332,0.18791111111111103,0.27806140436478477,0.24610066253329632,378.0020247645091,206.91345201069083,301.3607442974251,32.731025911084025,11.3459294914212,22.19941930713548,C:\Users\cotjq\OneDrive\Desktop\python_code\Quantum Computing Lab\SVM_Data\alpha data\seed_44\alpha_seed44_run008_idx21_g2.10_B5_K3_xi1_C31.npz,20
44,8,22,5,3,1,2.2,31,0.94,0.8,0.1399999999999999,0.976,0.8645333333333333,0.11146666666666671,0.9701271370553239,0.8247376759247187,0.14538946113060525,0.35476141330237043,96.46465578222426,7.9026475836352805,0.8266666666666667,0.901688888888889,0.8954949108783928,0.94,0.9728,0.9675728586389766,0.16666666666666674,0.1418666666666667,0.1699842373903706,0.3129897399565204,422.42973170628045,203.3647382779689,302.37156461858933,29.52975438376847,11.659076970289147,17.911261377932075,C:\Users\cotjq\OneDrive\Desktop\python_code\Quantum Computing Lab\SVM_Data\alpha data\seed_44\alpha_seed44_run008_idx22_g2.20_B5_K3_xi1_C31.npz,20
44,8,23,5,3,1,2.3,31,0.94,0.7933333333333333,0.1466666666666666,0.9776,0.8643555555555557,0.11324444444444437,0.9729842799124668,0.8294192696957261,0.14356501021674073,0.3564880661281826,95.2423559146679,7.8114141648789,0.8133333333333334,0.8981333333333333,0.8852489170362438,0.9,0.9728,0.9749199745867348,0.18000000000000005,0.22399999999999998,0.3037856928524172,0.3136813382041643,357.9488409781609,130.61695204806995,246.1375919772482,35.68389696594811,13.127615123391397,21.287606320180238,C:\Users\cotjq\OneDrive\Desktop\python_code\Quantum Computing Lab\SVM_Data\alpha data\seed_44\alpha_seed44_run008_idx23_g2.30_B5_K3_xi1_C31.npz,20
44,8,24,5,3,1,2.4,31,0.94,0.7933333333333333,0.1466666666666666,0.9776,0.8647111111111112,0.11288888888888882,0.9729842799124668,0.8315335852382023,0.14145069467426452,0.35699014785554417,94.65727867812994,7.784781267562035,0.8333333333333334,0.8944,0.8830063505986941,0.92,0.9632000000000001,0.9656119442215553,0.17333333333333334,0.1345777777777779,0.1870308577334493,0.34301380405439263,379.5862401468725,161.94001659062477,274.46784351797146,34.326046497480334,11.927010719442972,18.924654165525663,C:\Users\cotjq\OneDrive\Desktop\python_code\Quantum Computing Lab\SVM_Data\alpha data\seed_44\alpha_seed44_run008_idx24_g2.40_B5_K3_xi1_C31.npz,20
44,8,25,5,3,1,2.5,31,0.94,0.7933333333333333,0.1466666666666666,0.9776,0.8647111111111111,0.11288888888888893,0.9729842799124668,0.8327173242537338,0.14026695565873304,0.35874373101695733,94.7295459840264,7.763770258502407,0.8066666666666666,0.8844444444444445,0.8906342925299019,0.92,0.9696,0.9692012780875295,0.18000000000000005,0.16266666666666663,0.18201204271119487,0.33366308613622175,345.4634020348868,151.1689631743988,242.3779729680864,26.720279794458918,13.615658046875645,18.99759225166399,C:\Users\cotjq\OneDrive\Desktop\python_code\Quantum Computing Lab\SVM_Data\alpha data\seed_44\alpha_seed44_run008_idx25_g2.50_B5_K3_xi1_C31.npz,20
44,8,26,5,3,1,2.6,31,0.94,0.7933333333333333,0.1466666666666666,0.9776,0.8650666666666667,0.11253333333333337,0.9729842799124668,0.8375356656849922,0.13544861422747467,0.35978800464971283,95.75257908936644,7.67356102788604,0.7933333333333333,0.8835555555555555,0.8695237615909215,0.92,0.9792,0.9788043101939575,0.20666666666666667,0.22257777777777765,0.19129195790744835,0.33216117114885824,337.72283980700723,145.29450886916624,258.3099274422269,28.05088331067757,10.632579242532351,18.397394095108215,C:\Users\cotjq\OneDrive\Desktop\python_code\Quantum Computing Lab\SVM_Data\alpha data\seed_44\alpha_seed44_run008_idx26_g2.60_B5_K3_xi1_C31.npz,20
44,8,27,5,3,1,2.7,31,0.94,0.7866666666666666,0.15333333333333332,0.9792000000000001,0.8664888888888889,0.1127111111111112,0.9756509465791335,0.8393797664858986,0.1362711800932349,0.3616197567830418,98.02085729076086,7.569589742770514,0.82,0.8709333333333333,0.8653858283471516,0.92,0.9712,0.9701439485000127,0.16000000000000003,0.19484444444444438,0.2816149414105802,0.4250207821547191,309.27203677151124,136.06439422462438,244.1847014933722,34.99646321560602,13.081428275234765,19.69234000107142,C:\Users\cotjq\OneDrive\Desktop\python_code\Quantum Computing Lab\SVM_Data\alpha data\seed_44\alpha_seed44_run008_idx27_g2.70_B5_K3_xi1_C31.npz,20
44,8,28,5,3,1,2.8,31,0.94,0.78,0.15999999999999992,0.9808,0.866311111111111,0.11448888888888897,0.9781509465791335,0.8406784986126505,0.13747244796648295,0.3648802382694566,101.13769808042768,7.484037538422587,0.82,0.9095111111111112,0.9133895871308361,0.92,0.9776,0.9796409232033356,0.21999999999999997,0.16728888888888882,0.17235475617245122,0.33167591565079213,316.08953331932867,125.55961687847989,224.51554447393647,34.11079622583716,11.537947573960622,19.53547038655757,C:\Users\cotjq\OneDrive\Desktop\python_code\Quantum Computing Lab\SVM_Data\alpha data\seed_44\alpha_seed44_run008_idx28_g2.80_B5_K3_xi1_C31.npz,20
44,8,29,5,3,1,2.9,31,0.94,0.7733333333333333,0.16666666666666663,0.9808,0.8643555555555557,0.11644444444444435,0.9781509465791335,0.8391208580395922,0.13903008853954124,0.3689494345194845,103.54685749525677,7.413304810175276,0.8333333333333334,0.8833777777777779,0.8838445378822672,0.94,0.984,0.9828802817319982,0.21999999999999997,0.18933333333333324,0.2023684015383358,0.389370547359097,354.0738172305363,142.49036977866314,227.6050968262939,26.963551720288223,8.750065303844575,16.428315286907214,C:\Users\cotjq\OneDrive\Desktop\python_code\Quantum Computing Lab\SVM_Data\alpha data\seed_44\alpha_seed44_run008_idx29_g2.90_B5_K3_xi1_C31.npz,20
44,9,0,5,3,1,0.0,31,0.5,0.5,0.0,0.5,0.5,0.0,0.5,0.5,0.0,0.0,-1.0097419586828951e-28,50.0,0.5,0.5,0.5,0.5,0.5,0.5,0.0,0.0,0.0,0.0,0.5,0.0,0.075,50.0,50.0,50.0,C:\Users\cotjq\OneDrive\Desktop\python_code\Quantum Computing Lab\SVM_Data\alpha data\seed_44\alpha_seed44_run009_idx00_g0.00_B5_K3_xi1_C31.npz,20
44,9,1,5,3,1,0.1,31,0.84,0.7666666666666667,0.07333333333333325,0.9344,0.8661333333333333,0.0682666666666667,0.9404859519565403,0.848163110503393,0.09232284145314729,0.11704885812190402,228.38105741405118,23.19621495493452,0.7866666666666666,0.8526222222222223,0.8580199647359465,0.84,0.9312,0.9436847618057,0.15333333333333332,0.15662222222222222,0.16835324744216185,0.10656373825628551,236.76303767819843,128.85355958624248,177.49058428866593,40.700864192353706,27.09866004531459,30.369706985482708,C:\Users\cotjq\OneDrive\Desktop\python_code\Quantum Computing Lab\SVM_Data\alpha data\seed_44\alpha_seed44_run009_idx01_g0.10_B5_K3_xi1_C31.npz,20
44,9,2,5,3,1,0.2,31,0.88,0.8066666666666666,0.07333333333333336,0.9488000000000001,0.8922666666666667,0.056533333333333435,0.9513585296529239,0.8685758333167728,0.0827826963361511,0.12509523898395275,175.18249314917824,17.29259799480108,0.84,0.9217777777777778,0.9062754155338419,0.9,0.9584,0.9591053758338538,0.14,0.15893333333333326,0.2204114686262132,0.053196740885658844,335.5558683482039,126.58606053195228,220.17787281805153,43.986009345113985,17.369066000200895,22.69540946654023,C:\Users\cotjq\OneDrive\Desktop\python_code\Quantum Computing Lab\SVM_Data\alpha data\seed_44\alpha_seed44_run009_idx02_g0.20_B5_K3_xi1_C31.npz,20
44,9,3,5,3,1,0.3,31,0.88,0.8066666666666666,0.07333333333333336,0.9648,0.8981333333333335,0.06666666666666654,0.9649868006606398,0.8766116205431189,0.08837518011752088,0.14051579389435848,145.98951634135295,15.404328543836913,0.8333333333333334,0.9100444444444444,0.8920174907141949,0.92,0.9696,0.9700209277149229,0.16666666666666663,0.14506666666666657,0.1686271112048061,0.13784116474279412,345.86807485549275,185.31561167178722,255.00451903386391,28.179866460203456,14.005634343733263,19.39029539065907,C:\Users\cotjq\OneDrive\Desktop\python_code\Quantum Computing Lab\SVM_Data\alpha data\seed_44\alpha_seed44_run009_idx03_g0.30_B5_K3_xi1_C31.npz,20
44,9,4,5,3,1,0.4,31,0.9,0.8133333333333334,0.08666666666666667,0.9712000000000001,0.8917333333333334,0.07946666666666669,0.9659035310317179,0.8722865664318659,0.09361696459985203,0.18489741895697243,156.10066059701515,13.327616246321597,0.8733333333333333,0.9185777777777778,0.9020960512202666,0.9,0.9728,0.9752840540188803,0.14666666666666672,0.12746666666666662,0.1790362990604395,0.23490413315279596,423.76435603114436,141.86522345558427,280.6836275489307,37.618933511149265,12.885286675057916,19.5785737970136,C:\Users\cotjq\OneDrive\Desktop\python_code\Quantum Computing Lab\SVM_Data\alpha data\seed_44\alpha_seed44_run009_idx04_g0.40_B5_K3_xi1_C31.npz,20
44,9,5,5,3,1,0.5,31,0.9,0.82,0.08000000000000007,0.9696,0.8942222222222224,0.07537777777777765,0.9643093281331672,0.8747770010911495,0.08953232704201763,0.1837385832775913,128.23843792865944,12.977071320186983,0.8666666666666667,0.9203555555555556,0.8949787869173909,0.92,0.976,0.9754714606982224,0.19999999999999996,0.16337777777777784,0.2336052082501502,0.30715143789044874,478.4586831907712,236.48419019299723,381.22998164611795,30.84488874571986,11.579844920456356,19.11232411636957,C:\Users\cotjq\OneDrive\Desktop\python_code\Quantum Computing Lab\SVM_Data\alpha data\seed_44\alpha_seed44_run009_idx05_g0.50_B5_K3_xi1_C31.npz,20
44,9,6,5,3,1,0.6,31,0.9,0.82,0.08000000000000007,0.9744,0.8986666666666667,0.07573333333333332,0.9701281952563822,0.8769713839522585,0.09315681130412368,0.20173444796027318,131.01376981894327,11.628934726106454,0.8733333333333333,0.9246222222222222,0.9124879512743864,0.94,0.9792,0.9779496093392567,0.17333333333333334,0.15804444444444443,0.21497404660786856,0.35236015167517054,456.94965989569016,271.390448658613,364.5880977716473,42.40368573441086,12.016208381951891,19.519828364057894,C:\Users\cotjq\OneDrive\Desktop\python_code\Quantum Computing Lab\SVM_Data\alpha data\seed_44\alpha_seed44_run009_idx06_g0.60_B5_K3_xi1_C31.npz,20
44,9,7,5,3,1,0.7,31,0.94,0.8133333333333334,0.1266666666666666,0.9808,0.8967111111111111,0.08408888888888888,0.9758857044138913,0.8731112141568141,0.10277449025707719,0.22268819345745533,129.09856402549678,10.80975391995792,0.86,0.9173333333333333,0.906942931045804,0.96,0.9743999999999999,0.9772247074514692,0.17999999999999994,0.17013333333333325,0.19295122779452567,0.30417939417063156,473.3611179660774,146.33559662842572,385.3605987951977,30.295788649399313,11.619043898092123,17.110995348615106,C:\Users\cotjq\OneDrive\Desktop\python_code\Quantum Computing Lab\SVM_Data\alpha data\seed_44\alpha_seed44_run009_idx07_g0.70_B5_K3_xi1_C31.npz,20
44,9,8,5,3,1,0.8,31,0.94,0.8,0.1399999999999999,0.9792,0.8864000000000001,0.09279999999999988,0.9730285615567484,0.8541816915999213,0.11884686995682714,0.2673566961828829,132.7749073934835,9.832595053952126,0.84,0.9136000000000001,0.9029044911462819,0.94,0.9744,0.9735166202726844,0.19333333333333336,0.1537777777777779,0.17937401851731427,0.27396905912093494,511.9923444975673,260.57525587312557,389.2703101431757,23.614589868328657,12.40768403251904,18.09229394879832,C:\Users\cotjq\OneDrive\Desktop\python_code\Quantum Computing Lab\SVM_Data\alpha data\seed_44\alpha_seed44_run009_idx08_g0.80_B5_K3_xi1_C31.npz,20
44,9,9,5,3,1,0.9,31,0.94,0.8,0.1399999999999999,0.9792,0.8830222222222223,0.0961777777777777,0.9730285615567484,0.8490021331204723,0.12402642843627609,0.2793313853381394,128.42888161940573,9.66319555756844,0.8333333333333334,0.9072,0.8707022283670377,0.92,0.96,0.96262400075807,0.16000000000000003,0.15200000000000002,0.2061653174339686,0.2158356393582973,500.0632231981462,294.2267145513372,376.5484309630937,44.465907828440265,14.098431814325703,21.384785391280918,C:\Users\cotjq\OneDrive\Desktop\python_code\Quantum Computing Lab\SVM_Data\alpha data\seed_44\alpha_seed44_run009_idx09_g0.90_B5_K3_xi1_C31.npz,20
44,9,10,5,3,1,1.0,31,0.94,0.8,0.1399999999999999,0.9792,0.8856888888888889,0.0935111111111111,0.9730285615567484,0.850738510602184,0.12229005095456447,0.2814507240963103,124.71810226269153,9.457329041394205,0.8533333333333334,0.9212444444444445,0.9129442079454115,0.94,0.9776,0.9760536002009688,0.20666666666666667,0.1539555555555555,0.18301029554041204,0.3088414305414394,531.0405203196826,227.71452011636404,395.2460216844786,39.537358731975786,10.812066391655117,18.063620241301685,C:\Users\cotjq\OneDrive\Desktop\python_code\Quantum Computing Lab\SVM_Data\alpha data\seed_44\alpha_seed44_run009_idx10_g1.00_B5_K3_xi1_C31.npz,20
44,9,11,5,3,1,1.1,31,0.92,0.8,0.12,0.9792,0.8871111111111111,0.09208888888888889,0.9730285615567484,0.8526020327421364,0.12042652881461202,0.28360635914711596,126.50904534724759,9.233637894482877,0.86,0.9242666666666666,0.9168000497976584,0.92,0.976,0.9730240605338414,0.16000000000000003,0.13866666666666672,0.16779589136470108,0.3766009315721571,515.3016650449661,186.18814275307162,369.32159653657624,23.87180041492838,10.68470862048834,16.526333418687123,C:\Users\cotjq\OneDrive\Desktop\python_code\Quantum Computing Lab\SVM_Data\alpha data\seed_44\alpha_seed44_run009_idx11_g1.10_B5_K3_xi1_C31.npz,20
44,9,12,5,3,1,1.2,31,0.92,0.8,0.12,0.9792,0.8846222222222223,0.09457777777777765,0.9730285615567484,0.8492694788533237,0.12375908270342473,0.28566036203891254,118.29981224761431,9.220003327531149,0.8533333333333334,0.9137777777777778,0.9072474647904394,0.92,0.9712000000000001,0.9702809670370312,0.15333333333333332,0.10364444444444443,0.1592250655730968,0.35361123278332096,499.15256670486394,294.0630404673878,397.00660312359634,29.731325689727882,12.32052750376245,17.86937914686206,C:\Users\cotjq\OneDrive\Desktop\python_code\Quantum Computing Lab\SVM_Data\alpha data\seed_44\alpha_seed44_run009_idx12_g1.20_B5_K3_xi1_C31.npz,20
44,9,13,5,3,1,1.3,31,0.92,0.7933333333333333,0.1266666666666667,0.9808,0.8856888888888889,0.09511111111111115,0.9758857044138913,0.8435994545730868,0.1322862498408045,0.292414065555887,118.94212918613239,8.822718594826604,0.82,0.8997333333333333,0.8841505656458588,0.94,0.9696,0.9712610027653508,0.16000000000000003,0.15164444444444447,0.21569064079228562,0.4867978895121611,413.62702971547276,264.198090146899,330.47932710309095,38.426769583740786,12.267904238439844,19.028127231848114,C:\Users\cotjq\OneDrive\Desktop\python_code\Quantum Computing Lab\SVM_Data\alpha data\seed_44\alpha_seed44_run009_idx13_g1.30_B5_K3_xi1_C31.npz,20
44,9,14,5,3,1,1.4,31,0.94,0.8,0.1399999999999999,0.9808,0.8849777777777779,0.09582222222222214,0.9758857044138913,0.842262779968217,0.13362292444567436,0.3001153904168513,120.95412781910287,8.440379115367996,0.8133333333333334,0.893688888888889,0.8712630876817333,0.9,0.984,0.9839752884796364,0.16666666666666663,0.16035555555555547,0.24968548254402856,0.4293826038683036,452.65917219588937,265.7905114008248,353.4794747848226,25.221422703344007,12.338928358400214,18.81055182493329,C:\Users\cotjq\OneDrive\Desktop\python_code\Quantum Computing Lab\SVM_Data\alpha data\seed_44\alpha_seed44_run009_idx14_g1.40_B5_K3_xi1_C31.npz,20
44,9,15,5,3,1,1.5,31,0.94,0.8,0.1399999999999999,0.9808,0.8833777777777778,0.09742222222222219,0.9758857044138913,0.8398925854237905,0.1359931189901008,0.3076483138485647,115.22847399186671,8.380810973885037,0.8466666666666667,0.9086222222222222,0.904018312444967,0.9,0.9728,0.9720366952421282,0.17333333333333334,0.1685333333333333,0.2751470313247283,0.21175714748865748,424.18284825407255,199.76433688789254,310.12314315310704,29.058551190782,11.448955649689232,18.659473737395803,C:\Users\cotjq\OneDrive\Desktop\python_code\Quantum Computing Lab\SVM_Data\alpha data\seed_44\alpha_seed44_run009_idx15_g1.50_B5_K3_xi1_C31.npz,20
44,9,16,5,3,1,1.6,31,0.94,0.8,0.1399999999999999,0.9808,0.8785777777777778,0.10222222222222221,0.9758857044138913,0.8348174596929117,0.14106824472097967,0.31890304074558784,110.5819572819053,8.289771775016389,0.8066666666666666,0.8865777777777778,0.8921446516548188,0.9,0.9792000000000001,0.9773763515237199,0.18666666666666665,0.16213333333333324,0.2091465516202632,0.3861953459014531,420.3113406515097,157.81522362073952,329.9736121826315,37.04647683573806,10.77791530218069,20.605430900054166,C:\Users\cotjq\OneDrive\Desktop\python_code\Quantum Computing Lab\SVM_Data\alpha data\seed_44\alpha_seed44_run009_idx16_g1.60_B5_K3_xi1_C31.npz,20
44,9,17,5,3,1,1.7,31,0.94,0.7933333333333333,0.1466666666666666,0.9808,0.8741333333333333,0.10666666666666669,0.9758857044138913,0.8287919435479508,0.1470937608659405,0.3319903799571792,106.94611507565918,8.165245783816175,0.82,0.9041777777777777,0.9028108865001978,0.92,0.9696,0.9669510863749254,0.21333333333333337,0.18666666666666665,0.24852123423761485,0.27323049801308036,415.7839527158594,271.87548339033503,347.2693634473445,44.60888138313163,12.922708483088904,19.49294724751349,C:\Users\cotjq\OneDrive\Desktop\python_code\Quantum Computing Lab\SVM_Data\alpha data\seed_44\alpha_seed44_run009_idx17_g1.70_B5_K3_xi1_C31.npz,20
44,9,18,5,3,1,1.8,31,0.94,0.7933333333333333,0.1466666666666666,0.9792,0.8712888888888889,0.10791111111111107,0.9730285615567484,0.833111728624413,0.13991683293233548,0.3432652947744218,104.06377203041191,7.973678048235762,0.8066666666666666,0.8817777777777778,0.8764753469080893,0.92,0.9712,0.9732104399570667,0.17333333333333334,0.14079999999999993,0.24768867154012586,0.48598525165748363,437.02591066665184,224.68909967651703,329.66830320342495,27.501194656051112,12.808961641869725,18.337824503455824,C:\Users\cotjq\OneDrive\Desktop\python_code\Quantum Computing Lab\SVM_Data\alpha data\seed_44\alpha_seed44_run009_idx18_g1.80_B5_K3_xi1_C31.npz,20
44,9,19,5,3,1,1.9,31,0.94,0.7866666666666666,0.15333333333333332,0.9792,0.8672000000000001,0.11199999999999988,0.9730285615567484,0.8323653687622186,0.14066319279452988,0.34909609638307865,102.01234217574859,7.967228486235931,0.8333333333333334,0.912,0.8869138713930571,0.92,0.984,0.9832980398023877,0.20666666666666667,0.2168888888888889,0.29008033937819633,0.21916501065139232,391.97543163312326,193.27234830443211,312.9656441670719,25.62383723094218,12.18737543565214,17.90069889521727,C:\Users\cotjq\OneDrive\Desktop\python_code\Quantum Computing Lab\SVM_Data\alpha data\seed_44\alpha_seed44_run009_idx19_g1.90_B5_K3_xi1_C31.npz,20
44,9,20,5,3,1,2.0,31,0.94,0.8066666666666666,0.1333333333333333,0.9792000000000001,0.8664888888888889,0.1127111111111112,0.9744612029893899,0.8245025780952813,0.1499586248941086,0.3503790810859847,101.04349475294231,8.071696585371896,0.8533333333333334,0.9180444444444444,0.9126827719667385,0.9,0.9712,0.974889861488327,0.14,0.19608888888888898,0.2943645353638521,0.5390134206240131,453.60236442034625,189.9722903869656,304.4808388250793,31.213541540454067,13.062939195745885,20.349456415871707,C:\Users\cotjq\OneDrive\Desktop\python_code\Quantum Computing Lab\SVM_Data\alpha data\seed_44\alpha_seed44_run009_idx20_g2.00_B5_K3_xi1_C31.npz,20
44,9,21,5,3,1,2.1,31,0.94,0.8066666666666666,0.1333333333333333,0.9792000000000001,0.8640000000000001,0.11519999999999997,0.9744612029893899,0.8190617804590359,0.155399422530354,0.3518951675014628,98.81162770727036,8.076227834643843,0.8133333333333334,0.8965333333333334,0.8949415073933744,0.92,0.9856,0.9861818566241356,0.16000000000000003,0.19057777777777785,0.2735540944200856,0.36259179450509316,406.3396684480123,169.05629811947023,286.63159968802677,33.675549821928186,8.662158133509521,18.62964450525374,C:\Users\cotjq\OneDrive\Desktop\python_code\Quantum Computing Lab\SVM_Data\alpha data\seed_44\alpha_seed44_run009_idx21_g2.10_B5_K3_xi1_C31.npz,20
44,9,22,5,3,1,2.2,31,0.94,0.8,0.1399999999999999,0.976,0.8645333333333333,0.11146666666666671,0.9701271370553239,0.8247376759247187,0.14538946113060525,0.35476141330237043,96.46465578222426,7.9026475836352805,0.8,0.8725333333333334,0.8629176256703838,0.9,0.9823999999999999,0.9836837991260781,0.17333333333333334,0.19804444444444436,0.28721943915274506,0.5840079512416227,390.4028677515452,199.0748723825986,282.3192848059573,35.227207946735476,12.29456016272808,19.998401002540366,C:\Users\cotjq\OneDrive\Desktop\python_code\Quantum Computing Lab\SVM_Data\alpha data\seed_44\alpha_seed44_run009_idx22_g2.20_B5_K3_xi1_C31.npz,20
44,9,23,5,3,1,2.3,31,0.94,0.7933333333333333,0.1466666666666666,0.9776,0.8643555555555557,0.11324444444444437,0.9729842799124668,0.8294192696957261,0.14356501021674073,0.3564880661281826,95.2423559146679,7.8114141648789,0.84,0.9088,0.8912918420942183,0.94,0.9776,0.9750234103472494,0.16666666666666663,0.21582222222222236,0.21582251436411526,0.2979804461459591,386.96909927101217,166.11933431870915,267.6419647503951,30.828150917809058,9.821033444717333,18.049459964631787,C:\Users\cotjq\OneDrive\Desktop\python_code\Quantum Computing Lab\SVM_Data\alpha data\seed_44\alpha_seed44_run009_idx23_g2.30_B5_K3_xi1_C31.npz,20
44,9,24,5,3,1,2.4,31,0.94,0.7933333333333333,0.1466666666666666,0.9776,0.8647111111111112,0.11288888888888882,0.9729842799124668,0.8315335852382023,0.14145069467426452,0.35699014785554417,94.65727867812994,7.784781267562035,0.8266666666666667,0.9015111111111112,0.8935762222082999,0.92,0.9616,0.9678614216701174,0.16666666666666663,0.15466666666666673,0.19087160680874615,0.33545725479453553,349.13877079072165,105.91018652669855,257.58991193667987,29.528588006746883,12.832133283430245,19.380161250519386,C:\Users\cotjq\OneDrive\Desktop\python_code\Quantum Computing Lab\SVM_Data\alpha data\seed_44\alpha_seed44_run009_idx24_g2.40_B5_K3_xi1_C31.npz,20
44,9,25,5,3,1,2.5,31,0.94,0.7933333333333333,0.1466666666666666,0.9776,0.8647111111111111,0.11288888888888893,0.9729842799124668,0.8327173242537338,0.14026695565873304,0.35874373101695733,94.7295459840264,7.763770258502407,0.8266666666666667,0.8995555555555554,0.8893365147041696,0.96,0.9792000000000001,0.982129917184265,0.22000000000000008,0.1923555555555555,0.2027141286361953,0.40539822028322997,347.2591921639967,98.32416219011058,223.11322667214276,31.66806969505652,11.505582595332372,17.00513405929025,C:\Users\cotjq\OneDrive\Desktop\python_code\Quantum Computing Lab\SVM_Data\alpha data\seed_44\alpha_seed44_run009_idx25_g2.50_B5_K3_xi1_C31.npz,20
44,9,26,5,3,1,2.6,31,0.94,0.7933333333333333,0.1466666666666666,0.9776,0.8650666666666667,0.11253333333333337,0.9729842799124668,0.8375356656849922,0.13544861422747467,0.35978800464971283,95.75257908936644,7.67356102788604,0.8666666666666667,0.9043555555555555,0.8946792455507602,0.92,0.976,0.9797433413418069,0.20000000000000007,0.1763555555555555,0.2173519484006603,0.3814498955529849,294.271688031363,160.3986657849759,231.8448205945254,30.648173048803525,12.659145068165827,19.26973762723742,C:\Users\cotjq\OneDrive\Desktop\python_code\Quantum Computing Lab\SVM_Data\alpha data\seed_44\alpha_seed44_run009_idx26_g2.60_B5_K3_xi1_C31.npz,20
44,9,27,5,3,1,2.7,31,0.94,0.7866666666666666,0.15333333333333332,0.9792000000000001,0.8664888888888889,0.1127111111111112,0.9756509465791335,0.8393797664858986,0.1362711800932349,0.3616197567830418,98.02085729076086,7.569589742770514,0.8,0.8686222222222222,0.8643691391807579,0.94,0.9663999999999999,0.961263176941364,0.22666666666666668,0.17777777777777792,0.20200207968055128,0.37257189236149024,352.06505681008196,156.60124093555464,243.85394558868512,31.568538400507258,10.91053679081514,20.774901358914622,C:\Users\cotjq\OneDrive\Desktop\python_code\Quantum Computing Lab\SVM_Data\alpha data\seed_44\alpha_seed44_run009_idx27_g2.70_B5_K3_xi1_C31.npz,20
44,9,28,5,3,1,2.8,31,0.94,0.78,0.15999999999999992,0.9808,0.866311111111111,0.11448888888888897,0.9781509465791335,0.8406784986126505,0.13747244796648295,0.3648802382694566,101.13769808042768,7.484037538422587,0.7933333333333333,0.8792888888888889,0.8782744317743907,0.94,0.9568,0.958774223401529,0.21333333333333337,0.20799999999999996,0.23661098672728376,0.40314718769425334,332.07329318813913,112.41071704353946,223.88966544953,28.092322674544405,12.204356121844764,19.698146096361043,C:\Users\cotjq\OneDrive\Desktop\python_code\Quantum Computing Lab\SVM_Data\alpha data\seed_44\alpha_seed44_run009_idx28_g2.80_B5_K3_xi1_C31.npz,20
44,9,29,5,3,1,2.9,31,0.94,0.7733333333333333,0.16666666666666663,0.9808,0.8643555555555557,0.11644444444444435,0.9781509465791335,0.8391208580395922,0.13903008853954124,0.3689494345194845,103.54685749525677,7.413304810175276,0.8133333333333334,0.8840888888888889,0.8979837216308943,0.94,0.9712000000000001,0.9691581528804575,0.21999999999999997,0.15822222222222226,0.1925554451132453,0.31113803188887407,300.0305257105575,161.0394269504914,223.5762378430285,31.727713880603446,10.456295985157668,18.015363735182138,C:\Users\cotjq\OneDrive\Desktop\python_code\Quantum Computing Lab\SVM_Data\alpha data\seed_44\alpha_seed44_run009_idx29_g2.90_B5_K3_xi1_C31.npz,20
44,10,0,5,3,1,0.0,31,0.5,0.5,0.0,0.5,0.5,0.0,0.5,0.5,0.0,0.0,-1.0097419586828951e-28,50.0,0.5,0.5,0.5,0.5,0.5,0.5,0.0,0.0,0.0,0.0,0.5,0.0,0.05,50.0,50.0,50.0,C:\Users\cotjq\OneDrive\Desktop\python_code\Quantum Computing Lab\SVM_Data\alpha data\seed_44\alpha_seed44_run010_idx00_g0.00_B5_K3_xi1_C31.npz,20
44,10,1,5,3,1,0.1,31,0.84,0.7666666666666667,0.07333333333333325,0.9344,0.8661333333333333,0.0682666666666667,0.9404859519565403,0.848163110503393,0.09232284145314729,0.11704885812190402,228.38105741405118,23.19621495493452,0.8066666666666666,0.8753777777777778,0.8459547820275419,0.84,0.9296,0.9308603208724491,0.18000000000000005,0.17155555555555546,0.1895603859618341,0.22989290238395266,273.89146364465057,107.65606773059153,170.23568533965027,33.1967148734397,26.501320373830772,29.11534608839578,C:\Users\cotjq\OneDrive\Desktop\python_code\Quantum Computing Lab\SVM_Data\alpha data\seed_44\alpha_seed44_run010_idx01_g0.10_B5_K3_xi1_C31.npz,20
44,10,2,5,3,1,0.2,31,0.88,0.8066666666666666,0.07333333333333336,0.9488000000000001,0.8922666666666667,0.056533333333333435,0.9513585296529239,0.8685758333167728,0.0827826963361511,0.12509523898395275,175.18249314917824,17.29259799480108,0.88,0.9260444444444444,0.9120877320972035,0.9,0.9600000000000001,0.961388201221027,0.18666666666666676,0.13102222222222226,0.13034884989799944,0.09902893093018122,310.3481931757176,154.53908217606775,228.13352398428339,27.32496812871488,17.03175244989825,20.1745487765706,C:\Users\cotjq\OneDrive\Desktop\python_code\Quantum Computing Lab\SVM_Data\alpha data\seed_44\alpha_seed44_run010_idx02_g0.20_B5_K3_xi1_C31.npz,20
44,10,3,5,3,1,0.3,31,0.88,0.8066666666666666,0.07333333333333336,0.9648,0.8981333333333335,0.06666666666666654,0.9649868006606398,0.8766116205431189,0.08837518011752088,0.14051579389435848,145.98951634135295,15.404328543836913,0.8533333333333334,0.9256888888888889,0.9118470207167311,0.92,0.9664,0.9675672993672995,0.18000000000000005,0.16639999999999988,0.2329610991655433,0.215922808206662,371.38371504870656,110.89994383014735,257.2703809629571,38.87810332222887,13.397985790454246,19.110866615066577,C:\Users\cotjq\OneDrive\Desktop\python_code\Quantum Computing Lab\SVM_Data\alpha data\seed_44\alpha_seed44_run010_idx03_g0.30_B5_K3_xi1_C31.npz,20
44,10,4,5,3,1,0.4,31,0.9,0.8133333333333334,0.08666666666666667,0.9712000000000001,0.8917333333333334,0.07946666666666669,0.9659035310317179,0.8722865664318659,0.09361696459985203,0.18489741895697243,156.10066059701515,13.327616246321597,0.8533333333333334,0.908088888888889,0.8999121117584795,0.92,0.968,0.9662945451650109,0.19333333333333325,0.1432888888888889,0.2420140986246927,0.22498407571856735,533.3402145727621,243.36865040102117,343.19673360428345,39.39830817322641,12.284322348395827,20.151088522044464,C:\Users\cotjq\OneDrive\Desktop\python_code\Quantum Computing Lab\SVM_Data\alpha data\seed_44\alpha_seed44_run010_idx04_g0.40_B5_K3_xi1_C31.npz,20
44,10,5,5,3,1,0.5,31,0.9,0.82,0.08000000000000007,0.9696,0.8942222222222224,0.07537777777777765,0.9643093281331672,0.8747770010911495,0.08953232704201763,0.1837385832775913,128.23843792865944,12.977071320186983,0.82,0.9006222222222222,0.8816673383645817,0.92,0.9616,0.9568157647868729,0.16666666666666674,0.1578666666666666,0.2209294142274324,0.26746677517754025,508.65961142821743,296.81830858055685,376.90837782617734,40.540132428144766,13.316487101359602,23.219340319499906,C:\Users\cotjq\OneDrive\Desktop\python_code\Quantum Computing Lab\SVM_Data\alpha data\seed_44\alpha_seed44_run010_idx05_g0.50_B5_K3_xi1_C31.npz,20
44,10,6,5,3,1,0.6,31,0.9,0.82,0.08000000000000007,0.9744,0.8986666666666667,0.07573333333333332,0.9701281952563822,0.8769713839522585,0.09315681130412368,0.20173444796027318,131.01376981894327,11.628934726106454,0.8666666666666667,0.9223111111111111,0.8951025717080489,0.92,0.9664,0.9655969750056708,0.19333333333333325,0.1758222222222222,0.19136860111569487,0.2517366662693252,522.4936820773988,237.32175709253752,371.8191342936266,31.468825115162048,12.502405662739434,19.131766358893096,C:\Users\cotjq\OneDrive\Desktop\python_code\Quantum Computing Lab\SVM_Data\alpha data\seed_44\alpha_seed44_run010_idx06_g0.60_B5_K3_xi1_C31.npz,20
44,10,7,5,3,1,0.7,31,0.94,0.8133333333333334,0.1266666666666666,0.9808,0.8967111111111111,0.08408888888888888,0.9758857044138913,0.8731112141568141,0.10277449025707719,0.22268819345745533,129.09856402549678,10.80975391995792,0.8666666666666667,0.9237333333333333,0.9090890038579091,0.92,0.9744,0.9746084524171481,0.1466666666666666,0.14880000000000004,0.17586024162317393,0.21747392220461573,533.8996739880579,226.5810908461143,403.5005720157054,31.10336331824593,12.399598291869339,18.314650477593943,C:\Users\cotjq\OneDrive\Desktop\python_code\Quantum Computing Lab\SVM_Data\alpha data\seed_44\alpha_seed44_run010_idx07_g0.70_B5_K3_xi1_C31.npz,20
44,10,8,5,3,1,0.8,31,0.94,0.8,0.1399999999999999,0.9792,0.8864000000000001,0.09279999999999988,0.9730285615567484,0.8541816915999213,0.11884686995682714,0.2673566961828829,132.7749073934835,9.832595053952126,0.86,0.9155555555555556,0.8943981897219762,0.94,0.9808,0.9794265324161797,0.1333333333333333,0.1333333333333333,0.1983140503288251,0.3080184587955533,516.4142619727517,266.0967800586982,400.7449343223212,26.996792367064536,10.404833315228021,17.850948762650226,C:\Users\cotjq\OneDrive\Desktop\python_code\Quantum Computing Lab\SVM_Data\alpha data\seed_44\alpha_seed44_run010_idx08_g0.80_B5_K3_xi1_C31.npz,20
44,10,9,5,3,1,0.9,31,0.94,0.8,0.1399999999999999,0.9792,0.8830222222222223,0.0961777777777777,0.9730285615567484,0.8490021331204723,0.12402642843627609,0.2793313853381394,128.42888161940573,9.66319555756844,0.86,0.9155555555555556,0.9093037369860467,0.9,0.9696,0.9671862259479961,0.1333333333333333,0.1498666666666667,0.23554902331615168,0.38225658357501235,552.6761900568639,209.40753365536443,406.14481762995376,34.459916861811024,12.14385849724109,20.804294313515182,C:\Users\cotjq\OneDrive\Desktop\python_code\Quantum Computing Lab\SVM_Data\alpha data\seed_44\alpha_seed44_run010_idx09_g0.90_B5_K3_xi1_C31.npz,20
44,10,10,5,3,1,1.0,31,0.94,0.8,0.1399999999999999,0.9792,0.8856888888888889,0.0935111111111111,0.9730285615567484,0.850738510602184,0.12229005095456447,0.2814507240963103,124.71810226269153,9.457329041394205,0.86,0.9168000000000001,0.9011437493731336,0.92,0.9792,0.9787210065297023,0.1333333333333333,0.13582222222222218,0.20125396721802247,0.3188319133255326,503.83293245589203,232.63396965048688,382.59525797426977,32.115800328654956,10.768994949024423,17.89489864458754,C:\Users\cotjq\OneDrive\Desktop\python_code\Quantum Computing Lab\SVM_Data\alpha data\seed_44\alpha_seed44_run010_idx10_g1.00_B5_K3_xi1_C31.npz,20
44,10,11,5,3,1,1.1,31,0.92,0.8,0.12,0.9792,0.8871111111111111,0.09208888888888889,0.9730285615567484,0.8526020327421364,0.12042652881461202,0.28360635914711596,126.50904534724759,9.233637894482877,0.8466666666666667,0.916088888888889,0.8977192255932971,0.92,0.9792000000000001,0.9802268147311626,0.15333333333333332,0.1032888888888891,0.15494835054749234,0.30122695254828047,492.2103247489506,283.24267819156603,390.7939074024177,27.476789989970822,10.11431411191546,17.809768392274172,C:\Users\cotjq\OneDrive\Desktop\python_code\Quantum Computing Lab\SVM_Data\alpha data\seed_44\alpha_seed44_run010_idx11_g1.10_B5_K3_xi1_C31.npz,20
44,10,12,5,3,1,1.2,31,0.92,0.8,0.12,0.9792,0.8846222222222223,0.09457777777777765,0.9730285615567484,0.8492694788533237,0.12375908270342473,0.28566036203891254,118.29981224761431,9.220003327531149,0.84,0.8983111111111111,0.8931558361162708,0.92,0.9776,0.9776910318289629,0.18000000000000005,0.17546666666666655,0.24462775576175466,0.37980137383875134,522.4639750311553,262.2058160166808,391.9118861760599,47.28081095481046,9.96907585042014,19.622743365359025,C:\Users\cotjq\OneDrive\Desktop\python_code\Quantum Computing Lab\SVM_Data\alpha data\seed_44\alpha_seed44_run010_idx12_g1.20_B5_K3_xi1_C31.npz,20
44,10,13,5,3,1,1.3,31,0.92,0.7933333333333333,0.1266666666666667,0.9808,0.8856888888888889,0.09511111111111115,0.9758857044138913,0.8435994545730868,0.1322862498408045,0.292414065555887,118.94212918613239,8.822718594826604,0.82,0.8944000000000001,0.8824912387383961,0.92,0.9776,0.976206892962957,0.16000000000000003,0.14613333333333334,0.17805683970862507,0.33647394591765045,464.4232593372948,284.7446373764285,367.6853504382245,32.64089084274613,11.004111441923005,19.03205317674193,C:\Users\cotjq\OneDrive\Desktop\python_code\Quantum Computing Lab\SVM_Data\alpha data\seed_44\alpha_seed44_run010_idx13_g1.30_B5_K3_xi1_C31.npz,20
44,10,14,5,3,1,1.4,31,0.94,0.8,0.1399999999999999,0.9808,0.8849777777777779,0.09582222222222214,0.9758857044138913,0.842262779968217,0.13362292444567436,0.3001153904168513,120.95412781910287,8.440379115367996,0.82,0.9095111111111112,0.895880590851702,0.9,0.9712,0.9717181676560988,0.17333333333333334,0.18933333333333335,0.2600673960763953,0.5919395125993917,541.8953621002366,172.47581907305818,370.27683826686894,27.340669521830275,13.36781749539837,19.084153997604336,C:\Users\cotjq\OneDrive\Desktop\python_code\Quantum Computing Lab\SVM_Data\alpha data\seed_44\alpha_seed44_run010_idx14_g1.40_B5_K3_xi1_C31.npz,20
44,10,15,5,3,1,1.5,31,0.94,0.8,0.1399999999999999,0.9808,0.8833777777777778,0.09742222222222219,0.9758857044138913,0.8398925854237905,0.1359931189901008,0.3076483138485647,115.22847399186671,8.380810973885037,0.82,0.9084444444444445,0.8979361242762642,0.94,0.9776,0.9761782661782662,0.15333333333333332,0.14506666666666668,0.2378858425551026,0.29912775453984874,440.18467283665103,239.30204641979802,332.9035985619903,33.333638325222594,10.60249756072112,18.451272559316276,C:\Users\cotjq\OneDrive\Desktop\python_code\Quantum Computing Lab\SVM_Data\alpha data\seed_44\alpha_seed44_run010_idx15_g1.50_B5_K3_xi1_C31.npz,20
44,10,16,5,3,1,1.6,31,0.94,0.8,0.1399999999999999,0.9808,0.8785777777777778,0.10222222222222221,0.9758857044138913,0.8348174596929117,0.14106824472097967,0.31890304074558784,110.5819572819053,8.289771775016389,0.8266666666666667,0.8963555555555556,0.8909862843000447,0.92,0.9792,0.9805957760380549,0.18666666666666665,0.18204444444444445,0.28073950936400593,0.32791793775722344,438.37459345900925,203.06384544227953,325.3194056030241,30.38809868419935,9.499560935532624,17.876429521930675,C:\Users\cotjq\OneDrive\Desktop\python_code\Quantum Computing Lab\SVM_Data\alpha data\seed_44\alpha_seed44_run010_idx16_g1.60_B5_K3_xi1_C31.npz,20
44,10,17,5,3,1,1.7,31,0.94,0.7933333333333333,0.1466666666666666,0.9808,0.8741333333333333,0.10666666666666669,0.9758857044138913,0.8287919435479508,0.1470937608659405,0.3319903799571792,106.94611507565918,8.165245783816175,0.8666666666666667,0.9102222222222223,0.8682863245463653,0.92,0.9776,0.9783400541487499,0.19333333333333336,0.18559999999999988,0.28181836710413966,0.21941756411314609,493.5881755758011,217.4741297250249,327.95796233186843,27.99658903353603,11.165385497496592,19.524167765204275,C:\Users\cotjq\OneDrive\Desktop\python_code\Quantum Computing Lab\SVM_Data\alpha data\seed_44\alpha_seed44_run010_idx17_g1.70_B5_K3_xi1_C31.npz,20
44,10,18,5,3,1,1.8,31,0.94,0.7933333333333333,0.1466666666666666,0.9792,0.8712888888888889,0.10791111111111107,0.9730285615567484,0.833111728624413,0.13991683293233548,0.3432652947744218,104.06377203041191,7.973678048235762,0.8133333333333334,0.9024,0.9044899048278564,0.92,0.9696,0.9683727576771055,0.16000000000000003,0.1418666666666667,0.23013777175582528,0.4238279362617508,390.88735788426874,209.7386967426309,320.71013018269105,28.893194653146214,12.47026191110482,18.408297101457865,C:\Users\cotjq\OneDrive\Desktop\python_code\Quantum Computing Lab\SVM_Data\alpha data\seed_44\alpha_seed44_run010_idx18_g1.80_B5_K3_xi1_C31.npz,20
44,10,19,5,3,1,1.9,31,0.94,0.7866666666666666,0.15333333333333332,0.9792,0.8672000000000001,0.11199999999999988,0.9730285615567484,0.8323653687622186,0.14066319279452988,0.34909609638307865,102.01234217574859,7.967228486235931,0.84,0.9002666666666667,0.8946400502640043,0.92,0.9712,0.9708697085637037,0.18000000000000005,0.17120000000000002,0.1839578384611592,0.3776397567069941,401.04125569250965,234.91151494301235,300.3288149153328,38.50466241010644,13.893208308795618,18.788737271261482,C:\Users\cotjq\OneDrive\Desktop\python_code\Quantum Computing Lab\SVM_Data\alpha data\seed_44\alpha_seed44_run010_idx19_g1.90_B5_K3_xi1_C31.npz,20
44,10,20,5,3,1,2.0,31,0.94,0.8066666666666666,0.1333333333333333,0.9792000000000001,0.8664888888888889,0.1127111111111112,0.9744612029893899,0.8245025780952813,0.1499586248941086,0.3503790810859847,101.04349475294231,8.071696585371896,0.8333333333333334,0.9034666666666666,0.8916988765884222,0.94,0.9728,0.9712943980504621,0.17999999999999994,0.17955555555555547,0.2689951446011718,0.428387285319363,410.6610868367422,196.39053592194304,323.28117676948716,23.747824064430986,11.432983893330169,17.939587786367873,C:\Users\cotjq\OneDrive\Desktop\python_code\Quantum Computing Lab\SVM_Data\alpha data\seed_44\alpha_seed44_run010_idx20_g2.00_B5_K3_xi1_C31.npz,20
44,10,21,5,3,1,2.1,31,0.94,0.8066666666666666,0.1333333333333333,0.9792000000000001,0.8640000000000001,0.11519999999999997,0.9744612029893899,0.8190617804590359,0.155399422530354,0.3518951675014628,98.81162770727036,8.076227834643843,0.8333333333333334,0.888,0.8854649596709027,0.92,0.9696,0.9699292354352995,0.16666666666666674,0.15413333333333323,0.19575909567650274,0.36196771472861156,360.2662388588095,193.36877309690456,278.752924583335,40.31220891891145,11.408438217332854,19.78968288231414,C:\Users\cotjq\OneDrive\Desktop\python_code\Quantum Computing Lab\SVM_Data\alpha data\seed_44\alpha_seed44_run010_idx21_g2.10_B5_K3_xi1_C31.npz,20
44,10,22,5,3,1,2.2,31,0.94,0.8,0.1399999999999999,0.976,0.8645333333333333,0.11146666666666671,0.9701271370553239,0.8247376759247187,0.14538946113060525,0.35476141330237043,96.46465578222426,7.9026475836352805,0.82,0.8910222222222223,0.8719794733662907,0.92,0.9696,0.9711741740715426,0.20000000000000007,0.18542222222222215,0.2650494097232762,0.2724211664290229,430.7987641409915,168.30195577486631,286.7763532245725,30.93131388425173,12.042890057011723,20.16920381135135,C:\Users\cotjq\OneDrive\Desktop\python_code\Quantum Computing Lab\SVM_Data\alpha data\seed_44\alpha_seed44_run010_idx22_g2.20_B5_K3_xi1_C31.npz,20
44,10,23,5,3,1,2.3,31,0.94,0.7933333333333333,0.1466666666666666,0.9776,0.8643555555555557,0.11324444444444437,0.9729842799124668,0.8294192696957261,0.14356501021674073,0.3564880661281826,95.2423559146679,7.8114141648789,0.8266666666666667,0.9057777777777779,0.9001788173396186,0.96,0.9856,0.9878136200716847,0.18666666666666665,0.13653333333333328,0.17512482807384266,0.23374284970040812,327.7535852583074,165.62738008071722,251.83662490130172,30.795725924438756,12.297448450948405,18.45004260895748,C:\Users\cotjq\OneDrive\Desktop\python_code\Quantum Computing Lab\SVM_Data\alpha data\seed_44\alpha_seed44_run010_idx23_g2.30_B5_K3_xi1_C31.npz,20
44,10,24,5,3,1,2.4,31,0.94,0.7933333333333333,0.1466666666666666,0.9776,0.8647111111111112,0.11288888888888882,0.9729842799124668,0.8315335852382023,0.14145069467426452,0.35699014785554417,94.65727867812994,7.784781267562035,0.8466666666666667,0.9007999999999999,0.90548463028992,0.92,0.9712,0.9731617657704614,0.15333333333333332,0.18524444444444443,0.20525053369073165,0.300611518186561,384.7759579181329,162.88405619039904,288.37664992742145,31.542028237354707,13.009621276420933,20.20731466454982,C:\Users\cotjq\OneDrive\Desktop\python_code\Quantum Computing Lab\SVM_Data\alpha data\seed_44\alpha_seed44_run010_idx24_g2.40_B5_K3_xi1_C31.npz,20
44,10,25,5,3,1,2.5,31,0.94,0.7933333333333333,0.1466666666666666,0.9776,0.8647111111111111,0.11288888888888893,0.9729842799124668,0.8327173242537338,0.14026695565873304,0.35874373101695733,94.7295459840264,7.763770258502407,0.84,0.9063111111111112,0.9068452716647674,0.98,0.9823999999999999,0.978552371080558,0.21333333333333326,0.17991111111111102,0.17949536172356118,0.2559143563674988,374.2438701725153,152.16746353880262,267.5980769340925,32.17552065739705,10.547149069878461,17.328223320130444,C:\Users\cotjq\OneDrive\Desktop\python_code\Quantum Computing Lab\SVM_Data\alpha data\seed_44\alpha_seed44_run010_idx25_g2.50_B5_K3_xi1_C31.npz,20
44,10,26,5,3,1,2.6,31,0.94,0.7933333333333333,0.1466666666666666,0.9776,0.8650666666666667,0.11253333333333337,0.9729842799124668,0.8375356656849922,0.13544861422747467,0.35978800464971283,95.75257908936644,7.67356102788604,0.82,0.9006222222222223,0.9070770331288268,0.92,0.968,0.9676425801365753,0.15333333333333332,0.15146666666666664,0.1872645573555275,0.3269838310865804,351.31025138790153,112.4119411651168,245.1268270164228,26.956412349542276,12.5301255712469,18.755658049713645,C:\Users\cotjq\OneDrive\Desktop\python_code\Quantum Computing Lab\SVM_Data\alpha data\seed_44\alpha_seed44_run010_idx26_g2.60_B5_K3_xi1_C31.npz,20
44,10,27,5,3,1,2.7,31,0.94,0.7866666666666666,0.15333333333333332,0.9792000000000001,0.8664888888888889,0.1127111111111112,0.9756509465791335,0.8393797664858986,0.1362711800932349,0.3616197567830418,98.02085729076086,7.569589742770514,0.8,0.885511111111111,0.8842354514075761,0.92,0.9808000000000001,0.9826799171842651,0.20000000000000007,0.2062222222222223,0.32063626198213313,0.4541696757051622,350.81688878572,180.81752027534782,244.8487502780982,33.650401644580946,11.712526456580562,19.28686913105406,C:\Users\cotjq\OneDrive\Desktop\python_code\Quantum Computing Lab\SVM_Data\alpha data\seed_44\alpha_seed44_run010_idx27_g2.70_B5_K3_xi1_C31.npz,20
44,10,28,5,3,1,2.8,31,0.94,0.78,0.15999999999999992,0.9808,0.866311111111111,0.11448888888888897,0.9781509465791335,0.8406784986126505,0.13747244796648295,0.3648802382694566,101.13769808042768,7.484037538422587,0.8066666666666666,0.8883555555555555,0.8938312274266613,0.94,0.9696,0.9646555390880739,0.17333333333333334,0.18595555555555554,0.17638395877552515,0.3701758993811972,316.8530736996726,152.1461476101153,228.82467488936035,33.58647096030472,9.934113426027707,18.326374368808267,C:\Users\cotjq\OneDrive\Desktop\python_code\Quantum Computing Lab\SVM_Data\alpha data\seed_44\alpha_seed44_run010_idx28_g2.80_B5_K3_xi1_C31.npz,20
44,10,29,5,3,1,2.9,31,0.94,0.7733333333333333,0.16666666666666663,0.9808,0.8643555555555557,0.11644444444444435,0.9781509465791335,0.8391208580395922,0.13903008853954124,0.3689494345194845,103.54685749525677,7.413304810175276,0.8,0.8792888888888889,0.8658065362271912,0.92,0.9855999999999999,0.9864667051089842,0.22666666666666668,0.18933333333333346,0.25611299986571834,0.43821336845034126,261.57889469214734,69.03896632020025,192.97946621140323,32.166212046770696,11.644143016036054,19.33879720811529,C:\Users\cotjq\OneDrive\Desktop\python_code\Quantum Computing Lab\SVM_Data\alpha data\seed_44\alpha_seed44_run010_idx29_g2.90_B5_K3_xi1_C31.npz,20
44,11,0,5,3,1,0.0,31,0.5,0.5,0.0,0.5,0.5,0.0,0.5,0.5,0.0,0.0,-1.0097419586828951e-28,50.0,0.5,0.5,0.5,0.5,0.5,0.5,0.0,0.0,0.0,0.0,0.5,0.0,0.15,50.0,50.0,50.0,C:\Users\cotjq\OneDrive\Desktop\python_code\Quantum Computing Lab\SVM_Data\alpha data\seed_44\alpha_seed44_run011_idx00_g0.00_B5_K3_xi1_C31.npz,20
44,11,1,5,3,1,0.1,31,0.84,0.7666666666666667,0.07333333333333325,0.9344,0.8661333333333333,0.0682666666666667,0.9404859519565403,0.848163110503393,0.09232284145314729,0.11704885812190402,228.38105741405118,23.19621495493452,0.7866666666666666,0.8901333333333333,0.8711382195660426,0.86,0.9456,0.9492005154399467,0.16666666666666663,0.15751111111111105,0.17039378185017795,0.11060091156195584,248.33136439397435,119.22375408561061,171.51163449547568,33.27587391479543,25.168519608328303,28.519320354989627,C:\Users\cotjq\OneDrive\Desktop\python_code\Quantum Computing Lab\SVM_Data\alpha data\seed_44\alpha_seed44_run011_idx01_g0.10_B5_K3_xi1_C31.npz,20
44,11,2,5,3,1,0.2,31,0.88,0.8066666666666666,0.07333333333333336,0.9488000000000001,0.8922666666666667,0.056533333333333435,0.9513585296529239,0.8685758333167728,0.0827826963361511,0.12509523898395275,175.18249314917824,17.29259799480108,0.8133333333333334,0.8944,0.8800444226767807,0.88,0.9504,0.9500990881316229,0.16666666666666674,0.15644444444444439,0.1795182098344893,0.13560225882460464,303.321001284018,144.068932509313,207.76953922388958,29.18471933031434,16.153176798151872,22.46244316889708,C:\Users\cotjq\OneDrive\Desktop\python_code\Quantum Computing Lab\SVM_Data\alpha data\seed_44\alpha_seed44_run011_idx02_g0.20_B5_K3_xi1_C31.npz,20
44,11,3,5,3,1,0.3,31,0.88,0.8066666666666666,0.07333333333333336,0.9648,0.8981333333333335,0.06666666666666654,0.9649868006606398,0.8766116205431189,0.08837518011752088,0.14051579389435848,145.98951634135295,15.404328543836913,0.8733333333333333,0.9180444444444446,0.9026884806484513,0.9,0.9552,0.959876468692061,0.15999999999999992,0.14204444444444442,0.20217470766964818,0.14581889127440373,345.360973163242,167.16556068904032,256.5551158406962,22.986379104637788,15.029483558856853,18.539315568875246,C:\Users\cotjq\OneDrive\Desktop\python_code\Quantum Computing Lab\SVM_Data\alpha data\seed_44\alpha_seed44_run011_idx03_g0.30_B5_K3_xi1_C31.npz,20
44,11,4,5,3,1,0.4,31,0.9,0.8133333333333334,0.08666666666666667,0.9712000000000001,0.8917333333333334,0.07946666666666669,0.9659035310317179,0.8722865664318659,0.09361696459985203,0.18489741895697243,156.10066059701515,13.327616246321597,0.8466666666666667,0.9130666666666667,0.8772861026755305,0.94,0.9792,0.9768281952563822,0.18666666666666665,0.14808888888888883,0.18554264394718512,0.25851365809422133,422.46701331852034,185.9846031928289,306.7773663202062,25.955194091507284,11.641382409648326,18.10071482053484,C:\Users\cotjq\OneDrive\Desktop\python_code\Quantum Computing Lab\SVM_Data\alpha data\seed_44\alpha_seed44_run011_idx04_g0.40_B5_K3_xi1_C31.npz,20
44,11,5,5,3,1,0.5,31,0.9,0.82,0.08000000000000007,0.9696,0.8942222222222224,0.07537777777777765,0.9643093281331672,0.8747770010911495,0.08953232704201763,0.1837385832775913,128.23843792865944,12.977071320186983,0.8466666666666667,0.9121777777777778,0.8962470563164239,0.9,0.9664,0.9703601106181752,0.17333333333333334,0.16959999999999997,0.20205870080159816,0.18797556823464767,493.9914243128028,254.5930363730108,364.1702828386963,33.80071540848202,13.971561892346832,19.609212918913933,C:\Users\cotjq\OneDrive\Desktop\python_code\Quantum Computing Lab\SVM_Data\alpha data\seed_44\alpha_seed44_run011_idx05_g0.50_B5_K3_xi1_C31.npz,20
44,11,6,5,3,1,0.6,31,0.9,0.82,0.08000000000000007,0.9744,0.8986666666666667,0.07573333333333332,0.9701281952563822,0.8769713839522585,0.09315681130412368,0.20173444796027318,131.01376981894327,11.628934726106454,0.84,0.9057777777777778,0.8732264831078586,0.9,0.9728,0.9747115995115996,0.19333333333333325,0.16266666666666674,0.20796250836479158,0.3426544314152914,475.8625477846075,303.16199191914916,386.54600503754307,62.507724641801005,11.550317529961209,21.013317400021087,C:\Users\cotjq\OneDrive\Desktop\python_code\Quantum Computing Lab\SVM_Data\alpha data\seed_44\alpha_seed44_run011_idx06_g0.60_B5_K3_xi1_C31.npz,20
44,11,7,5,3,1,0.7,31,0.94,0.8133333333333334,0.1266666666666666,0.9808,0.8967111111111111,0.08408888888888888,0.9758857044138913,0.8731112141568141,0.10277449025707719,0.22268819345745533,129.09856402549678,10.80975391995792,0.84,0.9123555555555556,0.8955033386961768,0.92,0.976,0.9766326118326119,0.14666666666666672,0.13955555555555565,0.20507165408494832,0.31585686950876624,503.77394683525796,324.5102551967917,407.52927840785156,27.82498895349913,10.96965217643611,18.01456482160142,C:\Users\cotjq\OneDrive\Desktop\python_code\Quantum Computing Lab\SVM_Data\alpha data\seed_44\alpha_seed44_run011_idx07_g0.70_B5_K3_xi1_C31.npz,20
44,11,8,5,3,1,0.8,31,0.94,0.8,0.1399999999999999,0.9792,0.8864000000000001,0.09279999999999988,0.9730285615567484,0.8541816915999213,0.11884686995682714,0.2673566961828829,132.7749073934835,9.832595053952126,0.8533333333333334,0.904,0.8965956147540827,0.94,0.9728,0.9703938629220498,0.18000000000000005,0.14435555555555568,0.20731312533801793,0.21383497239468494,520.4887160798069,258.66068297806214,388.8322551740807,26.791984113239046,11.861849885484872,17.37516554534047,C:\Users\cotjq\OneDrive\Desktop\python_code\Quantum Computing Lab\SVM_Data\alpha data\seed_44\alpha_seed44_run011_idx08_g0.80_B5_K3_xi1_C31.npz,20
44,11,9,5,3,1,0.9,31,0.94,0.8,0.1399999999999999,0.9792,0.8830222222222223,0.0961777777777777,0.9730285615567484,0.8490021331204723,0.12402642843627609,0.2793313853381394,128.42888161940573,9.66319555756844,0.8466666666666667,0.9159111111111111,0.8928545689418901,0.92,0.9823999999999999,0.9819752884796364,0.1333333333333333,0.12853333333333328,0.17974655282734797,0.45518964315852967,516.8017820907287,266.4994367559619,393.58273097712606,25.03045673634359,10.293590978173025,15.776213764214086,C:\Users\cotjq\OneDrive\Desktop\python_code\Quantum Computing Lab\SVM_Data\alpha data\seed_44\alpha_seed44_run011_idx09_g0.90_B5_K3_xi1_C31.npz,20
44,11,10,5,3,1,1.0,31,0.94,0.8,0.1399999999999999,0.9792,0.8856888888888889,0.0935111111111111,0.9730285615567484,0.850738510602184,0.12229005095456447,0.2814507240963103,124.71810226269153,9.457329041394205,0.82,0.9022222222222223,0.8728831509190461,0.92,0.9776,0.9741176132458002,0.16666666666666674,0.1251555555555557,0.18961054568718783,0.3101868755041868,488.0200357384391,222.7849451437732,352.0821645215682,50.14717131403587,11.087007323889203,19.55708276815579,C:\Users\cotjq\OneDrive\Desktop\python_code\Quantum Computing Lab\SVM_Data\alpha data\seed_44\alpha_seed44_run011_idx10_g1.00_B5_K3_xi1_C31.npz,20
44,11,11,5,3,1,1.1,31,0.92,0.8,0.12,0.9792,0.8871111111111111,0.09208888888888889,0.9730285615567484,0.8526020327421364,0.12042652881461202,0.28360635914711596,126.50904534724759,9.233637894482877,0.8466666666666667,0.9141333333333334,0.9031402465038938,0.92,0.9664,0.9649615318434355,0.14,0.1612444444444444,0.2510333841524466,0.44547732327409095,492.5612382766422,185.00314650720435,363.29678525840467,24.819978317477084,13.606633128184598,18.215724793467068,C:\Users\cotjq\OneDrive\Desktop\python_code\Quantum Computing Lab\SVM_Data\alpha data\seed_44\alpha_seed44_run011_idx11_g1.10_B5_K3_xi1_C31.npz,20
44,11,12,5,3,1,1.2,31,0.92,0.8,0.12,0.9792,0.8846222222222223,0.09457777777777765,0.9730285615567484,0.8492694788533237,0.12375908270342473,0.28566036203891254,118.29981224761431,9.220003327531149,0.84,0.9102222222222223,0.8915424500465269,0.94,0.9712000000000001,0.9718597508263414,0.19333333333333336,0.17582222222222232,0.23880709734886507,0.3022391041165483,488.8116069056356,197.557032410763,348.18616520422074,22.527081410687533,11.965689610115875,16.17302682042324,C:\Users\cotjq\OneDrive\Desktop\python_code\Quantum Computing Lab\SVM_Data\alpha data\seed_44\alpha_seed44_run011_idx12_g1.20_B5_K3_xi1_C31.npz,20
44,11,13,5,3,1,1.3,31,0.92,0.7933333333333333,0.1266666666666667,0.9808,0.8856888888888889,0.09511111111111115,0.9758857044138913,0.8435994545730868,0.1322862498408045,0.292414065555887,118.94212918613239,8.822718594826604,0.8066666666666666,0.9086222222222222,0.9022913610678996,0.92,0.9584,0.9536087687369557,0.20666666666666667,0.19395555555555566,0.26620321048858975,0.43244335357498037,459.2131981511417,242.42836639181672,347.0014352055142,38.26729361449294,13.486326325677302,20.088869013130218,C:\Users\cotjq\OneDrive\Desktop\python_code\Quantum Computing Lab\SVM_Data\alpha data\seed_44\alpha_seed44_run011_idx13_g1.30_B5_K3_xi1_C31.npz,20
44,11,14,5,3,1,1.4,31,0.94,0.8,0.1399999999999999,0.9808,0.8849777777777779,0.09582222222222214,0.9758857044138913,0.842262779968217,0.13362292444567436,0.3001153904168513,120.95412781910287,8.440379115367996,0.8,0.8881777777777777,0.8857041688771308,0.92,0.9728,0.9698331376569768,0.18666666666666665,0.17422222222222228,0.23349190575338463,0.4180324006152687,453.3296010462958,244.80470927684985,338.8443294749398,33.50298990809015,11.376325770470341,19.402172464034965,C:\Users\cotjq\OneDrive\Desktop\python_code\Quantum Computing Lab\SVM_Data\alpha data\seed_44\alpha_seed44_run011_idx14_g1.40_B5_K3_xi1_C31.npz,20
44,11,15,5,3,1,1.5,31,0.94,0.8,0.1399999999999999,0.9808,0.8833777777777778,0.09742222222222219,0.9758857044138913,0.8398925854237905,0.1359931189901008,0.3076483138485647,115.22847399186671,8.380810973885037,0.8266666666666667,0.9024,0.8849430606730906,0.94,0.9872,0.9869855448898928,0.17333333333333334,0.18400000000000005,0.2007419705715423,0.4039656767538843,431.65809516924986,256.97242169569074,342.011521081247,25.149719704737514,10.165939386617048,16.011860311046583,C:\Users\cotjq\OneDrive\Desktop\python_code\Quantum Computing Lab\SVM_Data\alpha data\seed_44\alpha_seed44_run011_idx15_g1.50_B5_K3_xi1_C31.npz,20
44,11,16,5,3,1,1.6,31,0.94,0.8,0.1399999999999999,0.9808,0.8785777777777778,0.10222222222222221,0.9758857044138913,0.8348174596929117,0.14106824472097967,0.31890304074558784,110.5819572819053,8.289771775016389,0.82,0.8890666666666667,0.8854042460670244,0.94,0.9776,0.9776548849066012,0.17333333333333334,0.15093333333333325,0.2533590794664745,0.32422639610944826,421.98512447784583,207.70470115405735,328.4026194031527,49.9571005111201,11.106573079374726,19.117729206028734,C:\Users\cotjq\OneDrive\Desktop\python_code\Quantum Computing Lab\SVM_Data\alpha data\seed_44\alpha_seed44_run011_idx16_g1.60_B5_K3_xi1_C31.npz,20
44,11,17,5,3,1,1.7,31,0.94,0.7933333333333333,0.1466666666666666,0.9808,0.8741333333333333,0.10666666666666669,0.9758857044138913,0.8287919435479508,0.1470937608659405,0.3319903799571792,106.94611507565918,8.165245783816175,0.8133333333333334,0.8885333333333333,0.8713625447197071,0.92,0.9776,0.9774894794361062,0.19333333333333336,0.18328888888888883,0.22032780305221145,0.2811639905889121,421.33383687367245,178.32114587212442,325.21585163929564,25.30776934616585,11.451407797555454,19.028366545893242,C:\Users\cotjq\OneDrive\Desktop\python_code\Quantum Computing Lab\SVM_Data\alpha data\seed_44\alpha_seed44_run011_idx17_g1.70_B5_K3_xi1_C31.npz,20
44,11,18,5,3,1,1.8,31,0.94,0.7933333333333333,0.1466666666666666,0.9792,0.8712888888888889,0.10791111111111107,0.9730285615567484,0.833111728624413,0.13991683293233548,0.3432652947744218,104.06377203041191,7.973678048235762,0.84,0.9221333333333334,0.9154447760974423,0.9,0.9823999999999999,0.9819752884796364,0.14,0.19146666666666667,0.27804546276313946,0.3345408456833048,462.321606819374,217.35222622448435,340.3530672695372,44.31176122124465,12.307779067447063,21.813767690939763,C:\Users\cotjq\OneDrive\Desktop\python_code\Quantum Computing Lab\SVM_Data\alpha data\seed_44\alpha_seed44_run011_idx18_g1.80_B5_K3_xi1_C31.npz,20
44,11,19,5,3,1,1.9,31,0.94,0.7866666666666666,0.15333333333333332,0.9792,0.8672000000000001,0.11199999999999988,0.9730285615567484,0.8323653687622186,0.14066319279452988,0.34909609638307865,102.01234217574859,7.967228486235931,0.82,0.912711111111111,0.9145682051565525,0.92,0.9743999999999999,0.9783657646701125,0.16666666666666663,0.16764444444444448,0.23420390173983774,0.4420247995771277,460.2562333958467,236.0084175669546,343.5350440942833,30.15877389902092,10.778090398026052,19.933516942037823,C:\Users\cotjq\OneDrive\Desktop\python_code\Quantum Computing Lab\SVM_Data\alpha data\seed_44\alpha_seed44_run011_idx19_g1.90_B5_K3_xi1_C31.npz,20
44,11,20,5,3,1,2.0,31,0.94,0.8066666666666666,0.1333333333333333,0.9792000000000001,0.8664888888888889,0.1127111111111112,0.9744612029893899,0.8245025780952813,0.1499586248941086,0.3503790810859847,101.04349475294231,8.071696585371896,0.82,0.8812444444444445,0.8852483137909444,0.94,0.9664,0.9700898055415219,0.15333333333333332,0.1319111111111111,0.18573738202181322,0.4174076677723153,362.0591011916604,196.51814269216644,296.5180572987842,30.556210366830555,12.769517409733911,19.727784071177915,C:\Users\cotjq\OneDrive\Desktop\python_code\Quantum Computing Lab\SVM_Data\alpha data\seed_44\alpha_seed44_run011_idx20_g2.00_B5_K3_xi1_C31.npz,20
44,11,21,5,3,1,2.1,31,0.94,0.8066666666666666,0.1333333333333333,0.9792000000000001,0.8640000000000001,0.11519999999999997,0.9744612029893899,0.8190617804590359,0.155399422530354,0.3518951675014628,98.81162770727036,8.076227834643843,0.7933333333333333,0.8883555555555556,0.8883096276588175,0.92,0.9728,0.9736913741181359,0.19333333333333336,0.19751111111111108,0.29740171240680857,0.3409652708525366,388.92803045590983,163.08439346108264,307.06643279987804,34.30000075574244,12.265347965407765,19.351008114424676,C:\Users\cotjq\OneDrive\Desktop\python_code\Quantum Computing Lab\SVM_Data\alpha data\seed_44\alpha_seed44_run011_idx21_g2.10_B5_K3_xi1_C31.npz,20
44,11,22,5,3,1,2.2,31,0.94,0.8,0.1399999999999999,0.976,0.8645333333333333,0.11146666666666671,0.9701271370553239,0.8247376759247187,0.14538946113060525,0.35476141330237043,96.46465578222426,7.9026475836352805,0.8266666666666667,0.8853333333333332,0.878577414227419,0.9,0.96,0.9676779818646828,0.17333333333333334,0.18417777777777777,0.29311808974622267,0.45451054528209667,407.362816266824,247.96997191387777,306.3365759330478,31.921899509095866,12.93984525839088,20.783260948889545,C:\Users\cotjq\OneDrive\Desktop\python_code\Quantum Computing Lab\SVM_Data\alpha data\seed_44\alpha_seed44_run011_idx22_g2.20_B5_K3_xi1_C31.npz,20
44,11,23,5,3,1,2.3,31,0.94,0.7933333333333333,0.1466666666666666,0.9776,0.8643555555555557,0.11324444444444437,0.9729842799124668,0.8294192696957261,0.14356501021674073,0.3564880661281826,95.2423559146679,7.8114141648789,0.8266666666666667,0.8988444444444444,0.8878888655078273,0.94,0.9712000000000001,0.9721420314141214,0.17333333333333334,0.1418666666666667,0.1857690890190289,0.2444936750906232,365.1420407118932,142.2750034105277,263.77249415987166,35.698315543669366,11.28702893574697,17.79667481213089,C:\Users\cotjq\OneDrive\Desktop\python_code\Quantum Computing Lab\SVM_Data\alpha data\seed_44\alpha_seed44_run011_idx23_g2.30_B5_K3_xi1_C31.npz,20
44,11,24,5,3,1,2.4,31,0.94,0.7933333333333333,0.1466666666666666,0.9776,0.8647111111111112,0.11288888888888882,0.9729842799124668,0.8315335852382023,0.14145069467426452,0.35699014785554417,94.65727867812994,7.784781267562035,0.82,0.8828444444444444,0.8644183872310379,0.94,0.9856,0.9861040293040293,0.22000000000000008,0.1710222222222222,0.22395039776614278,0.3551953394654658,344.72625856807554,154.7433982178753,252.63167919051975,28.02248069440883,9.99577246394208,18.804789670475465,C:\Users\cotjq\OneDrive\Desktop\python_code\Quantum Computing Lab\SVM_Data\alpha data\seed_44\alpha_seed44_run011_idx24_g2.40_B5_K3_xi1_C31.npz,20
44,11,25,5,3,1,2.5,31,0.94,0.7933333333333333,0.1466666666666666,0.9776,0.8647111111111111,0.11288888888888893,0.9729842799124668,0.8327173242537338,0.14026695565873304,0.35874373101695733,94.7295459840264,7.763770258502407,0.8333333333333334,0.8984888888888889,0.8982970433010041,0.94,0.9552,0.9608932156071746,0.2333333333333334,0.17404444444444445,0.20766664506327104,0.19690478238454495,324.2557319359327,168.79040957669866,270.740702863664,41.817561959360695,12.622873809844219,20.301974117836977,C:\Users\cotjq\OneDrive\Desktop\python_code\Quantum Computing Lab\SVM_Data\alpha data\seed_44\alpha_seed44_run011_idx25_g2.50_B5_K3_xi1_C31.npz,20
44,11,26,5,3,1,2.6,31,0.94,0.7933333333333333,0.1466666666666666,0.9776,0.8650666666666667,0.11253333333333337,0.9729842799124668,0.8375356656849922,0.13544861422747467,0.35978800464971283,95.75257908936644,7.67356102788604,0.8333333333333334,0.8984888888888889,0.8982954120456472,0.92,0.9823999999999999,0.9832810019232809,0.16000000000000003,0.15431111111111107,0.22015340596299293,0.24200273257548727,317.17832330996254,128.88867567313088,239.97563871701487,33.857187947622464,13.118496929409844,20.719366627220253,C:\Users\cotjq\OneDrive\Desktop\python_code\Quantum Computing Lab\SVM_Data\alpha data\seed_44\alpha_seed44_run011_idx26_g2.60_B5_K3_xi1_C31.npz,20
44,11,27,5,3,1,2.7,31,0.94,0.7866666666666666,0.15333333333333332,0.9792000000000001,0.8664888888888889,0.1127111111111112,0.9756509465791335,0.8393797664858986,0.1362711800932349,0.3616197567830418,98.02085729076086,7.569589742770514,0.84,0.9064888888888889,0.9086068694664846,0.94,0.9728,0.9774805526529666,0.21999999999999997,0.17546666666666677,0.2271211324329332,0.2800748708627038,342.8284917148833,136.25312753400098,236.7497221808531,37.566764873555385,11.20854988762331,18.214914677542485,C:\Users\cotjq\OneDrive\Desktop\python_code\Quantum Computing Lab\SVM_Data\alpha data\seed_44\alpha_seed44_run011_idx27_g2.70_B5_K3_xi1_C31.npz,20
44,11,28,5,3,1,2.8,31,0.94,0.78,0.15999999999999992,0.9808,0.866311111111111,0.11448888888888897,0.9781509465791335,0.8406784986126505,0.13747244796648295,0.3648802382694566,101.13769808042768,7.484037538422587,0.82,0.8970666666666667,0.8912329832502379,0.92,0.9776,0.9783400541487499,0.21999999999999997,0.2048000000000001,0.16936622065915807,0.42292546781277685,373.6789520066119,87.55788338166758,215.68958812736827,26.746389070828094,10.985691832184775,19.376200745032627,C:\Users\cotjq\OneDrive\Desktop\python_code\Quantum Computing Lab\SVM_Data\alpha data\seed_44\alpha_seed44_run011_idx28_g2.80_B5_K3_xi1_C31.npz,20
44,11,29,5,3,1,2.9,31,0.94,0.7733333333333333,0.16666666666666663,0.9808,0.8643555555555557,0.11644444444444435,0.9781509465791335,0.8391208580395922,0.13903008853954124,0.3689494345194845,103.54685749525677,7.413304810175276,0.8133333333333334,0.8945777777777778,0.8962001293614672,0.92,0.9776,0.9796768147311627,0.18000000000000005,0.1571555555555555,0.20238275694399632,0.4016511863643609,285.3702802286838,113.78981324305094,207.9384673635564,25.151957599189885,10.452689300058015,16.916674121833303,C:\Users\cotjq\OneDrive\Desktop\python_code\Quantum Computing Lab\SVM_Data\alpha data\seed_44\alpha_seed44_run011_idx29_g2.90_B5_K3_xi1_C31.npz,20
44,12,0,5,3,1,0.0,31,0.5,0.5,0.0,0.5,0.5,0.0,0.5,0.5,0.0,0.0,-1.0097419586828951e-28,50.0,0.5,0.5,0.5,0.5,0.5,0.5,0.0,0.0,0.0,0.0,0.5,0.0,0.15,50.0,50.0,50.0,C:\Users\cotjq\OneDrive\Desktop\python_code\Quantum Computing Lab\SVM_Data\alpha data\seed_44\alpha_seed44_run012_idx00_g0.00_B5_K3_xi1_C31.npz,20
44,12,1,5,3,1,0.1,31,0.84,0.7666666666666667,0.07333333333333325,0.9344,0.8661333333333333,0.0682666666666667,0.9404859519565403,0.848163110503393,0.09232284145314729,0.11704885812190402,228.38105741405118,23.19621495493452,0.7533333333333333,0.8291555555555555,0.8119677150231186,0.82,0.9072,0.9228284719281624,0.16000000000000003,0.1464888888888889,0.17687201429823318,0.1288324555185726,233.7350438058732,126.23617142428418,172.498729424676,37.07538695504059,25.81818008167486,29.227226891403642,C:\Users\cotjq\OneDrive\Desktop\python_code\Quantum Computing Lab\SVM_Data\alpha data\seed_44\alpha_seed44_run012_idx01_g0.10_B5_K3_xi1_C31.npz,20
44,12,2,5,3,1,0.2,31,0.88,0.8066666666666666,0.07333333333333336,0.9488000000000001,0.8922666666666667,0.056533333333333435,0.9513585296529239,0.8685758333167728,0.0827826963361511,0.12509523898395275,175.18249314917824,17.29259799480108,0.8533333333333334,0.9217777777777777,0.887484056981416,0.9,0.9680000000000001,0.970116635089049,0.16000000000000003,0.14702222222222217,0.15684078758724385,0.10359275039666405,323.153044953479,139.657574031381,206.7187002196797,25.004617406273557,16.740007841297093,20.669664857817146,C:\Users\cotjq\OneDrive\Desktop\python_code\Quantum Computing Lab\SVM_Data\alpha data\seed_44\alpha_seed44_run012_idx02_g0.20_B5_K3_xi1_C31.npz,20
44,12,3,5,3,1,0.3,31,0.88,0.8066666666666666,0.07333333333333336,0.9648,0.8981333333333335,0.06666666666666654,0.9649868006606398,0.8766116205431189,0.08837518011752088,0.14051579389435848,145.98951634135295,15.404328543836913,0.84,0.9191111111111111,0.892873296345366,0.92,0.9712000000000001,0.970627614228215,0.19333333333333325,0.1459555555555555,0.17277515333278803,0.19313823503272937,386.7984002691775,162.5929338766664,269.5520319548965,29.407154377442797,14.23476171950698,19.996392571391933,C:\Users\cotjq\OneDrive\Desktop\python_code\Quantum Computing Lab\SVM_Data\alpha data\seed_44\alpha_seed44_run012_idx03_g0.30_B5_K3_xi1_C31.npz,20
44,12,4,5,3,1,0.4,31,0.9,0.8133333333333334,0.08666666666666667,0.9712000000000001,0.8917333333333334,0.07946666666666669,0.9659035310317179,0.8722865664318659,0.09361696459985203,0.18489741895697243,156.10066059701515,13.327616246321597,0.84,0.9137777777777778,0.8982981408532971,0.92,0.9648000000000001,0.9647619919845876,0.17333333333333334,0.15217777777777786,0.18673275199126738,0.14490934072223866,392.61929723509604,171.4280638560097,298.6065753312863,28.21025830532123,13.422737994381706,18.306636708797107,C:\Users\cotjq\OneDrive\Desktop\python_code\Quantum Computing Lab\SVM_Data\alpha data\seed_44\alpha_seed44_run012_idx04_g0.40_B5_K3_xi1_C31.npz,20
44,12,5,5,3,1,0.5,31,0.9,0.82,0.08000000000000007,0.9696,0.8942222222222224,0.07537777777777765,0.9643093281331672,0.8747770010911495,0.08953232704201763,0.1837385832775913,128.23843792865944,12.977071320186983,0.8466666666666667,0.9159111111111111,0.900625178090205,0.92,0.9744,0.9736726478200162,0.12,0.1425777777777778,0.21160024675798506,0.2342719188215006,474.09171144168624,275.4795585802932,368.4317772760896,35.655845766451485,12.670133763987646,20.308996699824906,C:\Users\cotjq\OneDrive\Desktop\python_code\Quantum Computing Lab\SVM_Data\alpha data\seed_44\alpha_seed44_run012_idx05_g0.50_B5_K3_xi1_C31.npz,20
44,12,6,5,3,1,0.6,31,0.9,0.82,0.08000000000000007,0.9744,0.8986666666666667,0.07573333333333332,0.9701281952563822,0.8769713839522585,0.09315681130412368,0.20173444796027318,131.01376981894327,11.628934726106454,0.8733333333333333,0.9239111111111111,0.9016890472012398,0.9,0.9663999999999999,0.9656532575817355,0.1466666666666666,0.14737777777777783,0.20771093307095112,0.2975165877169156,457.7739354239686,253.0984973630426,380.26076073604895,28.928078905110933,12.52642582429383,18.53749583282552,C:\Users\cotjq\OneDrive\Desktop\python_code\Quantum Computing Lab\SVM_Data\alpha data\seed_44\alpha_seed44_run012_idx06_g0.60_B5_K3_xi1_C31.npz,20
44,12,7,5,3,1,0.7,31,0.94,0.8133333333333334,0.1266666666666666,0.9808,0.8967111111111111,0.08408888888888888,0.9758857044138913,0.8731112141568141,0.10277449025707719,0.22268819345745533,129.09856402549678,10.80975391995792,0.8666666666666667,0.9203555555555555,0.9084655728319042,0.92,0.9744,0.9729139095420964,0.1466666666666666,0.13440000000000007,0.18011627081750992,0.2831204217403248,478.0107386375,155.94875341702945,362.66030217223505,33.72023872371526,11.799492368118429,19.743498384796847,C:\Users\cotjq\OneDrive\Desktop\python_code\Quantum Computing Lab\SVM_Data\alpha data\seed_44\alpha_seed44_run012_idx07_g0.70_B5_K3_xi1_C31.npz,20
44,12,8,5,3,1,0.8,31,0.94,0.8,0.1399999999999999,0.9792,0.8864000000000001,0.09279999999999988,0.9730285615567484,0.8541816915999213,0.11884686995682714,0.2673566961828829,132.7749073934835,9.832595053952126,0.8266666666666667,0.8952888888888888,0.895206214877979,0.94,0.9792000000000001,0.9782771071288234,0.1466666666666666,0.14115555555555548,0.222867372143715,0.375472940768919,514.7368613790075,252.00424701759925,397.4421048606649,28.57493446777998,10.511548149581369,18.345258620688647,C:\Users\cotjq\OneDrive\Desktop\python_code\Quantum Computing Lab\SVM_Data\alpha data\seed_44\alpha_seed44_run012_idx08_g0.80_B5_K3_xi1_C31.npz,20
44,12,9,5,3,1,0.9,31,0.94,0.8,0.1399999999999999,0.9792,0.8830222222222223,0.0961777777777777,0.9730285615567484,0.8490021331204723,0.12402642843627609,0.2793313853381394,128.42888161940573,9.66319555756844,0.8866666666666667,0.9296,0.920176159658712,0.92,0.9696,0.9720297720689461,0.16666666666666663,0.15271111111111113,0.19166226169096934,0.2070942658054833,529.3086308706996,231.02108651326986,369.214105272941,61.32298825168747,12.553548785787939,20.539530964884257,C:\Users\cotjq\OneDrive\Desktop\python_code\Quantum Computing Lab\SVM_Data\alpha data\seed_44\alpha_seed44_run012_idx09_g0.90_B5_K3_xi1_C31.npz,20
44,12,10,5,3,1,1.0,31,0.94,0.8,0.1399999999999999,0.9792,0.8856888888888889,0.0935111111111111,0.9730285615567484,0.850738510602184,0.12229005095456447,0.2814507240963103,124.71810226269153,9.457329041394205,0.8466666666666667,0.9130666666666667,0.8942949762993188,0.92,0.984,0.9819808108325272,0.16666666666666663,0.13902222222222216,0.19218624041376708,0.32717956943428417,505.5082501916061,179.01101929874852,393.65679380411757,28.310936997330597,9.922923326217282,17.439750412582665,C:\Users\cotjq\OneDrive\Desktop\python_code\Quantum Computing Lab\SVM_Data\alpha data\seed_44\alpha_seed44_run012_idx10_g1.00_B5_K3_xi1_C31.npz,20
44,12,11,5,3,1,1.1,31,0.92,0.8,0.12,0.9792,0.8871111111111111,0.09208888888888889,0.9730285615567484,0.8526020327421364,0.12042652881461202,0.28360635914711596,126.50904534724759,9.233637894482877,0.8466666666666667,0.9150222222222223,0.8956285428598119,0.94,0.9744,0.9718386407248921,0.1266666666666666,0.13048888888888888,0.20519403960446547,0.3197944542807412,487.1283645161981,284.74609947595104,382.3853055743611,50.65994281322707,10.964425536134856,22.631822074021137,C:\Users\cotjq\OneDrive\Desktop\python_code\Quantum Computing Lab\SVM_Data\alpha data\seed_44\alpha_seed44_run012_idx11_g1.10_B5_K3_xi1_C31.npz,20
44,12,12,5,3,1,1.2,31,0.92,0.8,0.12,0.9792,0.8846222222222223,0.09457777777777765,0.9730285615567484,0.8492694788533237,0.12375908270342473,0.28566036203891254,118.29981224761431,9.220003327531149,0.8466666666666667,0.9039999999999999,0.8895829264363695,0.92,0.976,0.9756767739620734,0.22666666666666668,0.14471111111111112,0.19042696517245472,0.31018308409380657,482.6554769890663,235.2524884391961,370.8100619818549,32.98549775975364,11.928565402176345,17.563171285577205,C:\Users\cotjq\OneDrive\Desktop\python_code\Quantum Computing Lab\SVM_Data\alpha data\seed_44\alpha_seed44_run012_idx12_g1.20_B5_K3_xi1_C31.npz,20
44,12,13,5,3,1,1.3,31,0.92,0.7933333333333333,0.1266666666666667,0.9808,0.8856888888888889,0.09511111111111115,0.9758857044138913,0.8435994545730868,0.1322862498408045,0.292414065555887,118.94212918613239,8.822718594826604,0.84,0.9125333333333333,0.910626051850907,0.92,0.9664,0.9635594055919403,0.17333333333333334,0.13777777777777767,0.20979894459502613,0.2931454539164491,441.7240601120085,221.35077147167044,353.00410731629836,32.573964139910686,13.527279467760916,19.895372478411595,C:\Users\cotjq\OneDrive\Desktop\python_code\Quantum Computing Lab\SVM_Data\alpha data\seed_44\alpha_seed44_run012_idx13_g1.30_B5_K3_xi1_C31.npz,20
44,12,14,5,3,1,1.4,31,0.94,0.8,0.1399999999999999,0.9808,0.8849777777777779,0.09582222222222214,0.9758857044138913,0.842262779968217,0.13362292444567436,0.3001153904168513,120.95412781910287,8.440379115367996,0.8466666666666667,0.9027555555555556,0.8844011404487124,0.94,0.9696,0.9733948843759939,0.17333333333333334,0.20871111111111118,0.2715713729952648,0.40430518357565404,429.53467799791514,184.31332731520325,318.5861523296142,33.13590162571204,11.700029412143893,19.75706453715906,C:\Users\cotjq\OneDrive\Desktop\python_code\Quantum Computing Lab\SVM_Data\alpha data\seed_44\alpha_seed44_run012_idx14_g1.40_B5_K3_xi1_C31.npz,20
44,12,15,5,3,1,1.5,31,0.94,0.8,0.1399999999999999,0.9808,0.8833777777777778,0.09742222222222219,0.9758857044138913,0.8398925854237905,0.1359931189901008,0.3076483138485647,115.22847399186671,8.380810973885037,0.8333333333333334,0.8929777777777778,0.8866299394505843,0.94,0.9680000000000001,0.9703686103967972,0.22666666666666657,0.2307555555555556,0.30491463550136355,0.3712471958324294,425.61435805435724,196.4216117154339,332.5792897743405,27.565518119448328,10.579210891047055,17.3059241612869,C:\Users\cotjq\OneDrive\Desktop\python_code\Quantum Computing Lab\SVM_Data\alpha data\seed_44\alpha_seed44_run012_idx15_g1.50_B5_K3_xi1_C31.npz,20
44,12,16,5,3,1,1.6,31,0.94,0.8,0.1399999999999999,0.9808,0.8785777777777778,0.10222222222222221,0.9758857044138913,0.8348174596929117,0.14106824472097967,0.31890304074558784,110.5819572819053,8.289771775016389,0.8666666666666667,0.909688888888889,0.9082107412404091,0.94,0.9792,0.9785190672814796,0.18666666666666665,0.17920000000000003,0.26538202901385044,0.31954862246720117,458.7457103844824,249.13793414271305,346.2061552901358,27.455747180854612,9.720475799507382,18.916230813410493,C:\Users\cotjq\OneDrive\Desktop\python_code\Quantum Computing Lab\SVM_Data\alpha data\seed_44\alpha_seed44_run012_idx16_g1.60_B5_K3_xi1_C31.npz,20
44,12,17,5,3,1,1.7,31,0.94,0.7933333333333333,0.1466666666666666,0.9808,0.8741333333333333,0.10666666666666669,0.9758857044138913,0.8287919435479508,0.1470937608659405,0.3319903799571792,106.94611507565918,8.165245783816175,0.8333333333333334,0.9025777777777778,0.8899791875695942,0.9,0.9776,0.9750234103472494,0.17999999999999994,0.1651555555555556,0.1968451048224702,0.3305856134821843,424.1109840151504,248.84930349913662,335.03963742309827,29.99808673564322,11.903176042519409,17.87854032078927,C:\Users\cotjq\OneDrive\Desktop\python_code\Quantum Computing Lab\SVM_Data\alpha data\seed_44\alpha_seed44_run012_idx17_g1.70_B5_K3_xi1_C31.npz,20
44,12,18,5,3,1,1.8,31,0.94,0.7933333333333333,0.1466666666666666,0.9792,0.8712888888888889,0.10791111111111107,0.9730285615567484,0.833111728624413,0.13991683293233548,0.3432652947744218,104.06377203041191,7.973678048235762,0.8266666666666667,0.8983111111111111,0.8964399288019801,0.94,0.9712,0.9689747074514692,0.22666666666666668,0.16497777777777778,0.21701559804317982,0.35543109673117,420.36669700608604,227.4923343495915,328.5553718965592,44.54110152197974,11.32163621414962,19.60048292788957,C:\Users\cotjq\OneDrive\Desktop\python_code\Quantum Computing Lab\SVM_Data\alpha data\seed_44\alpha_seed44_run012_idx18_g1.80_B5_K3_xi1_C31.npz,20
44,12,19,5,3,1,1.9,31,0.94,0.7866666666666666,0.15333333333333332,0.9792,0.8672000000000001,0.11199999999999988,0.9730285615567484,0.8323653687622186,0.14066319279452988,0.34909609638307865,102.01234217574859,7.967228486235931,0.8,0.8928,0.8879942949844861,0.92,0.9792000000000001,0.9802268147311626,0.18666666666666665,0.1631999999999999,0.228418450582611,0.3920980808802638,369.6301148625159,227.83268205594834,295.4051054938824,38.31809336702264,11.357181580889794,19.025110057261337,C:\Users\cotjq\OneDrive\Desktop\python_code\Quantum Computing Lab\SVM_Data\alpha data\seed_44\alpha_seed44_run012_idx19_g1.90_B5_K3_xi1_C31.npz,20
44,12,20,5,3,1,2.0,31,0.94,0.8066666666666666,0.1333333333333333,0.9792000000000001,0.8664888888888889,0.1127111111111112,0.9744612029893899,0.8245025780952813,0.1499586248941086,0.3503790810859847,101.04349475294231,8.071696585371896,0.84,0.908088888888889,0.8942563723538498,0.92,0.9648,0.962985235675835,0.18666666666666665,0.16284444444444446,0.18959961937454084,0.38995926485627586,400.83689006396116,222.41276970230888,304.4744033765909,31.946951096644938,11.843384249408029,19.88560347247438,C:\Users\cotjq\OneDrive\Desktop\python_code\Quantum Computing Lab\SVM_Data\alpha data\seed_44\alpha_seed44_run012_idx20_g2.00_B5_K3_xi1_C31.npz,20
44,12,21,5,3,1,2.1,31,0.94,0.8066666666666666,0.1333333333333333,0.9792000000000001,0.8640000000000001,0.11519999999999997,0.9744612029893899,0.8190617804590359,0.155399422530354,0.3518951675014628,98.81162770727036,8.076227834643843,0.8,0.8915555555555557,0.8753726196438598,0.92,0.9776,0.9794621049201695,0.19333333333333336,0.17742222222222215,0.2484820539679553,0.37529477053296567,406.27723126652086,182.96180481719736,288.00419731794534,32.693098190699615,13.213832122187595,20.215500321602374,C:\Users\cotjq\OneDrive\Desktop\python_code\Quantum Computing Lab\SVM_Data\alpha data\seed_44\alpha_seed44_run012_idx21_g2.10_B5_K3_xi1_C31.npz,20
44,12,22,5,3,1,2.2,31,0.94,0.8,0.1399999999999999,0.976,0.8645333333333333,0.11146666666666671,0.9701271370553239,0.8247376759247187,0.14538946113060525,0.35476141330237043,96.46465578222426,7.9026475836352805,0.8133333333333334,0.8887111111111111,0.8891675673534059,0.92,0.976,0.9760011355907829,0.18666666666666665,0.20746666666666658,0.3034732940534529,0.3299561772104867,383.0438478292101,140.51176268904936,293.2998902073412,33.84815422293446,11.931477405626303,19.92154684493735,C:\Users\cotjq\OneDrive\Desktop\python_code\Quantum Computing Lab\SVM_Data\alpha data\seed_44\alpha_seed44_run012_idx22_g2.20_B5_K3_xi1_C31.npz,20
44,12,23,5,3,1,2.3,31,0.94,0.7933333333333333,0.1466666666666666,0.9776,0.8643555555555557,0.11324444444444437,0.9729842799124668,0.8294192696957261,0.14356501021674073,0.3564880661281826,95.2423559146679,7.8114141648789,0.7933333333333333,0.8768,0.8736026858772385,0.9,0.9823999999999999,0.981403358655075,0.1266666666666666,0.1856,0.2976419497801931,0.358859357033289,351.2936342460755,166.1312345764478,270.7719153827721,29.036908841499326,11.392684074983173,19.616668901144646,C:\Users\cotjq\OneDrive\Desktop\python_code\Quantum Computing Lab\SVM_Data\alpha data\seed_44\alpha_seed44_run012_idx23_g2.30_B5_K3_xi1_C31.npz,20
44,12,24,5,3,1,2.4,31,0.94,0.7933333333333333,0.1466666666666666,0.9776,0.8647111111111112,0.11288888888888882,0.9729842799124668,0.8315335852382023,0.14145069467426452,0.35699014785554417,94.65727867812994,7.784781267562035,0.8466666666666667,0.9064888888888889,0.9020022676453329,0.92,0.9712,0.9752382284382285,0.16666666666666663,0.1644444444444445,0.173343957047274,0.36978662701487663,386.53165820281225,192.1249537187465,284.41397291776013,34.50938342858045,12.243808323895177,20.0447936502113,C:\Users\cotjq\OneDrive\Desktop\python_code\Quantum Computing Lab\SVM_Data\alpha data\seed_44\alpha_seed44_run012_idx24_g2.40_B5_K3_xi1_C31.npz,20
44,12,25,5,3,1,2.5,31,0.94,0.7933333333333333,0.1466666666666666,0.9776,0.8647111111111111,0.11288888888888893,0.9729842799124668,0.8327173242537338,0.14026695565873304,0.35874373101695733,94.7295459840264,7.763770258502407,0.8,0.8816,0.8755315935137733,0.92,0.9728,0.9706730586055934,0.19333333333333336,0.20657777777777775,0.22558817229854755,0.2913438788298486,374.7430601156656,146.834408129839,271.0534660261221,31.908991890900413,10.793429825713684,21.496058442803264,C:\Users\cotjq\OneDrive\Desktop\python_code\Quantum Computing Lab\SVM_Data\alpha data\seed_44\alpha_seed44_run012_idx25_g2.50_B5_K3_xi1_C31.npz,20
44,12,26,5,3,1,2.6,31,0.94,0.7933333333333333,0.1466666666666666,0.9776,0.8650666666666667,0.11253333333333337,0.9729842799124668,0.8375356656849922,0.13544861422747467,0.35978800464971283,95.75257908936644,7.67356102788604,0.8066666666666666,0.8666666666666667,0.8543297942965034,0.94,0.9776,0.9743281952563823,0.18666666666666665,0.1891555555555554,0.25966238477882897,0.3680477193366756,358.20340813583294,151.71930137248054,247.2613397852746,31.184756846863465,10.365974094324034,19.398652824944843,C:\Users\cotjq\OneDrive\Desktop\python_code\Quantum Computing Lab\SVM_Data\alpha data\seed_44\alpha_seed44_run012_idx26_g2.60_B5_K3_xi1_C31.npz,20
44,12,27,5,3,1,2.7,31,0.94,0.7866666666666666,0.15333333333333332,0.9792000000000001,0.8664888888888889,0.1127111111111112,0.9756509465791335,0.8393797664858986,0.1362711800932349,0.3616197567830418,98.02085729076086,7.569589742770514,0.8066666666666666,0.8851555555555556,0.8749019605068507,0.94,0.984,0.9842770947193736,0.20666666666666667,0.21404444444444437,0.29734769416516826,0.5326150754375736,372.0088567325715,135.24754196818228,236.90394856099684,26.31562240247493,10.265442957576271,16.371508287410165,C:\Users\cotjq\OneDrive\Desktop\python_code\Quantum Computing Lab\SVM_Data\alpha data\seed_44\alpha_seed44_run012_idx27_g2.70_B5_K3_xi1_C31.npz,20
44,12,28,5,3,1,2.8,31,0.94,0.78,0.15999999999999992,0.9808,0.866311111111111,0.11448888888888897,0.9781509465791335,0.8406784986126505,0.13747244796648295,0.3648802382694566,101.13769808042768,7.484037538422587,0.7933333333333333,0.8629333333333333,0.8726098371025361,0.92,0.9648000000000001,0.9625770562770564,0.18000000000000005,0.13973333333333327,0.18861567686531877,0.29005929891017673,344.44430608119404,98.17180672858545,227.207836897062,39.1933598295207,12.747027900101546,20.0351395963009,C:\Users\cotjq\OneDrive\Desktop\python_code\Quantum Computing Lab\SVM_Data\alpha data\seed_44\alpha_seed44_run012_idx28_g2.80_B5_K3_xi1_C31.npz,20
44,12,29,5,3,1,2.9,31,0.94,0.7733333333333333,0.16666666666666663,0.9808,0.8643555555555557,0.11644444444444435,0.9781509465791335,0.8391208580395922,0.13903008853954124,0.3689494345194845,103.54685749525677,7.413304810175276,0.8066666666666666,0.9118222222222222,0.9096984857984511,0.92,0.9728,0.9721481587466243,0.24,0.18791111111111092,0.2281649933247959,0.35515979893688676,314.0361096670026,112.590604392822,203.1674308774955,27.412823125414103,10.752178489502528,17.254626599900337,C:\Users\cotjq\OneDrive\Desktop\python_code\Quantum Computing Lab\SVM_Data\alpha data\seed_44\alpha_seed44_run012_idx29_g2.90_B5_K3_xi1_C31.npz,20
44,13,0,5,3,1,0.0,31,0.5,0.5,0.0,0.5,0.5,0.0,0.5,0.5,0.0,0.0,-1.0097419586828951e-28,50.0,0.5,0.5,0.5,0.5,0.5,0.5,0.0,0.0,0.0,0.0,0.5,0.0,0.025,50.0,50.0,50.0,C:\Users\cotjq\OneDrive\Desktop\python_code\Quantum Computing Lab\SVM_Data\alpha data\seed_44\alpha_seed44_run013_idx00_g0.00_B5_K3_xi1_C31.npz,20
44,13,1,5,3,1,0.1,31,0.84,0.7666666666666667,0.07333333333333325,0.9344,0.8661333333333333,0.0682666666666667,0.9404859519565403,0.848163110503393,0.09232284145314729,0.11704885812190402,228.38105741405118,23.19621495493452,0.8133333333333334,0.9128888888888889,0.8983036133710676,0.84,0.9456,0.9540949378615282,0.14666666666666672,0.16231111111111096,0.17934520289531342,0.11888960965724582,290.35589645805726,116.28715775013225,179.49325684779018,48.945059178758314,25.44619535532722,29.72022759900752,C:\Users\cotjq\OneDrive\Desktop\python_code\Quantum Computing Lab\SVM_Data\alpha data\seed_44\alpha_seed44_run013_idx01_g0.10_B5_K3_xi1_C31.npz,20
44,13,2,5,3,1,0.2,31,0.88,0.8066666666666666,0.07333333333333336,0.9488000000000001,0.8922666666666667,0.056533333333333435,0.9513585296529239,0.8685758333167728,0.0827826963361511,0.12509523898395275,175.18249314917824,17.29259799480108,0.8533333333333334,0.9232,0.9063361831543605,0.9,0.9551999999999999,0.9609422776562365,0.15333333333333332,0.14080000000000004,0.15739489642705307,0.10267758122353571,332.554546466576,99.06202498027318,234.4711685301201,27.99063850028555,16.065897735779053,20.385555411815456,C:\Users\cotjq\OneDrive\Desktop\python_code\Quantum Computing Lab\SVM_Data\alpha data\seed_44\alpha_seed44_run013_idx02_g0.20_B5_K3_xi1_C31.npz,20
44,13,3,5,3,1,0.3,31,0.88,0.8066666666666666,0.07333333333333336,0.9648,0.8981333333333335,0.06666666666666654,0.9649868006606398,0.8766116205431189,0.08837518011752088,0.14051579389435848,145.98951634135295,15.404328543836913,0.8466666666666667,0.9180444444444444,0.8906775592952689,0.88,0.9743999999999999,0.9726619194179835,0.16666666666666663,0.1591111111111111,0.18677625055297087,0.12671615444498863,364.7827816089493,126.09474586501028,259.79450231109155,24.876937093696558,13.85634473753007,18.64388340536597,C:\Users\cotjq\OneDrive\Desktop\python_code\Quantum Computing Lab\SVM_Data\alpha data\seed_44\alpha_seed44_run013_idx03_g0.30_B5_K3_xi1_C31.npz,20
44,13,4,5,3,1,0.4,31,0.9,0.8133333333333334,0.08666666666666667,0.9712000000000001,0.8917333333333334,0.07946666666666669,0.9659035310317179,0.8722865664318659,0.09361696459985203,0.18489741895697243,156.10066059701515,13.327616246321597,0.8933333333333333,0.9310222222222222,0.9191856810705172,0.94,0.9824,0.981192776644493,0.1266666666666666,0.09315555555555555,0.13755368763740217,0.2455190988875019,373.9919532422253,195.49777645815237,311.0302419942953,21.921256725757395,11.785089609580796,16.396391862603476,C:\Users\cotjq\OneDrive\Desktop\python_code\Quantum Computing Lab\SVM_Data\alpha data\seed_44\alpha_seed44_run013_idx04_g0.40_B5_K3_xi1_C31.npz,20
44,13,5,5,3,1,0.5,31,0.9,0.82,0.08000000000000007,0.9696,0.8942222222222224,0.07537777777777765,0.9643093281331672,0.8747770010911495,0.08953232704201763,0.1837385832775913,128.23843792865944,12.977071320186983,0.84,0.9116444444444445,0.8895198060487362,0.94,0.9663999999999999,0.961263176941364,0.18666666666666665,0.15555555555555556,0.18764062776182977,0.25204971137168297,420.2850236951933,299.72526139125335,354.00342649446003,31.674181590889702,12.18012734896259,21.025978266528238,C:\Users\cotjq\OneDrive\Desktop\python_code\Quantum Computing Lab\SVM_Data\alpha data\seed_44\alpha_seed44_run013_idx05_g0.50_B5_K3_xi1_C31.npz,20
44,13,6,5,3,1,0.6,31,0.9,0.82,0.08000000000000007,0.9744,0.8986666666666667,0.07573333333333332,0.9701281952563822,0.8769713839522585,0.09315681130412368,0.20173444796027318,131.01376981894327,11.628934726106454,0.8733333333333333,0.9262222222222223,0.9075022863637414,0.92,0.9776,0.9768001840519003,0.13333333333333341,0.13315555555555558,0.19582376143412727,0.29981578493722094,520.6302511198037,236.6655258433246,390.4529211522316,25.356566796808774,11.853172161300186,17.26029810358525,C:\Users\cotjq\OneDrive\Desktop\python_code\Quantum Computing Lab\SVM_Data\alpha data\seed_44\alpha_seed44_run013_idx06_g0.60_B5_K3_xi1_C31.npz,20
44,13,7,5,3,1,0.7,31,0.94,0.8133333333333334,0.1266666666666666,0.9808,0.8967111111111111,0.08408888888888888,0.9758857044138913,0.8731112141568141,0.10277449025707719,0.22268819345745533,129.09856402549678,10.80975391995792,0.8533333333333334,0.9228444444444445,0.9065116648673497,0.92,0.9760000000000001,0.976121551573268,0.16000000000000003,0.1294222222222221,0.198208123666607,0.29496085974468383,509.1153627523898,244.07592908479194,382.0722113604024,30.75676014189306,10.844476810163503,18.604774154653697,C:\Users\cotjq\OneDrive\Desktop\python_code\Quantum Computing Lab\SVM_Data\alpha data\seed_44\alpha_seed44_run013_idx07_g0.70_B5_K3_xi1_C31.npz,20
44,13,8,5,3,1,0.8,31,0.94,0.8,0.1399999999999999,0.9792,0.8864000000000001,0.09279999999999988,0.9730285615567484,0.8541816915999213,0.11884686995682714,0.2673566961828829,132.7749073934835,9.832595053952126,0.8266666666666667,0.9000888888888888,0.8953574424719596,0.92,0.9663999999999999,0.9673848593133372,0.18666666666666665,0.13813333333333322,0.1907244816934739,0.2907654871664615,595.4037277335668,241.54131236821334,380.2952540030989,29.92046578134727,12.865621797792755,20.41340170886711,C:\Users\cotjq\OneDrive\Desktop\python_code\Quantum Computing Lab\SVM_Data\alpha data\seed_44\alpha_seed44_run013_idx08_g0.80_B5_K3_xi1_C31.npz,20
44,13,9,5,3,1,0.9,31,0.94,0.8,0.1399999999999999,0.9792,0.8830222222222223,0.0961777777777777,0.9730285615567484,0.8490021331204723,0.12402642843627609,0.2793313853381394,128.42888161940573,9.66319555756844,0.8266666666666667,0.9080888888888888,0.8911829730990479,0.96,0.9728,0.9726013102953055,0.17999999999999994,0.1431111111111112,0.2067685825483584,0.3700837679450624,564.5670338077531,236.5104208237274,405.99920573895116,38.809715232204866,10.70372330329056,18.3600760588837,C:\Users\cotjq\OneDrive\Desktop\python_code\Quantum Computing Lab\SVM_Data\alpha data\seed_44\alpha_seed44_run013_idx09_g0.90_B5_K3_xi1_C31.npz,20
44,13,10,5,3,1,1.0,31,0.94,0.8,0.1399999999999999,0.9792,0.8856888888888889,0.0935111111111111,0.9730285615567484,0.850738510602184,0.12229005095456447,0.2814507240963103,124.71810226269153,9.457329041394205,0.8466666666666667,0.9020444444444445,0.8733459000437203,0.92,0.9807999999999999,0.9801718315614789,0.15333333333333343,0.15999999999999992,0.22869465323596105,0.3671563428854324,466.37067686836923,256.4215842036927,372.28012914700537,42.14133824904272,10.937288206374557,18.640474755423305,C:\Users\cotjq\OneDrive\Desktop\python_code\Quantum Computing Lab\SVM_Data\alpha data\seed_44\alpha_seed44_run013_idx10_g1.00_B5_K3_xi1_C31.npz,20
44,13,11,5,3,1,1.1,31,0.92,0.8,0.12,0.9792,0.8871111111111111,0.09208888888888889,0.9730285615567484,0.8526020327421364,0.12042652881461202,0.28360635914711596,126.50904534724759,9.233637894482877,0.8533333333333334,0.9109333333333334,0.8948657613933754,0.92,0.9808,0.9783051183333052,0.16000000000000003,0.17546666666666666,0.2253363790928633,0.4687817971089414,517.869968986754,245.758004213211,386.5877031946281,37.545873802957274,9.5125052079722,18.03471183793646,C:\Users\cotjq\OneDrive\Desktop\python_code\Quantum Computing Lab\SVM_Data\alpha data\seed_44\alpha_seed44_run013_idx11_g1.10_B5_K3_xi1_C31.npz,20
44,13,12,5,3,1,1.2,31,0.92,0.8,0.12,0.9792,0.8846222222222223,0.09457777777777765,0.9730285615567484,0.8492694788533237,0.12375908270342473,0.28566036203891254,118.29981224761431,9.220003327531149,0.8266666666666667,0.9047111111111111,0.8876398250062821,0.92,0.9856,0.9849855448898928,0.15333333333333332,0.17653333333333343,0.2562949992529998,0.4604230058846659,506.774615376171,245.6728252759302,371.23087182751965,24.52555799328446,10.622125291975188,15.345639746145716,C:\Users\cotjq\OneDrive\Desktop\python_code\Quantum Computing Lab\SVM_Data\alpha data\seed_44\alpha_seed44_run013_idx12_g1.20_B5_K3_xi1_C31.npz,20
44,13,13,5,3,1,1.3,31,0.92,0.7933333333333333,0.1266666666666667,0.9808,0.8856888888888889,0.09511111111111115,0.9758857044138913,0.8435994545730868,0.1322862498408045,0.292414065555887,118.94212918613239,8.822718594826604,0.8333333333333334,0.9002666666666667,0.8789189985222228,0.92,0.9776,0.9779471374569183,0.20666666666666667,0.1544888888888889,0.22916113549659345,0.5326672226321981,448.11504263081974,189.68043113431435,320.8358055321936,30.55113006915055,12.104294998804056,20.312813539274945,C:\Users\cotjq\OneDrive\Desktop\python_code\Quantum Computing Lab\SVM_Data\alpha data\seed_44\alpha_seed44_run013_idx13_g1.30_B5_K3_xi1_C31.npz,20
44,13,14,5,3,1,1.4,31,0.94,0.8,0.1399999999999999,0.9808,0.8849777777777779,0.09582222222222214,0.9758857044138913,0.842262779968217,0.13362292444567436,0.3001153904168513,120.95412781910287,8.440379115367996,0.8066666666666666,0.8899555555555556,0.8762429435027626,0.92,0.96,0.9677767478708657,0.18666666666666665,0.1445333333333333,0.2129381087101453,0.4735190347442009,435.1688632424283,266.82708879055167,365.3003013990495,42.689073530027,14.005928395421769,22.290701075855086,C:\Users\cotjq\OneDrive\Desktop\python_code\Quantum Computing Lab\SVM_Data\alpha data\seed_44\alpha_seed44_run013_idx14_g1.40_B5_K3_xi1_C31.npz,20
44,13,15,5,3,1,1.5,31,0.94,0.8,0.1399999999999999,0.9808,0.8833777777777778,0.09742222222222219,0.9758857044138913,0.8398925854237905,0.1359931189901008,0.3076483138485647,115.22847399186671,8.380810973885037,0.8266666666666667,0.8956444444444445,0.8852496575317734,0.9,0.9743999999999999,0.9746844459887938,0.14,0.13244444444444448,0.19351792202284346,0.41285379354739593,463.5312426690797,174.85849651721315,346.6446964700744,29.892347974106613,10.368871263357772,18.877976408180807,C:\Users\cotjq\OneDrive\Desktop\python_code\Quantum Computing Lab\SVM_Data\alpha data\seed_44\alpha_seed44_run013_idx15_g1.50_B5_K3_xi1_C31.npz,20
44,13,16,5,3,1,1.6,31,0.94,0.8,0.1399999999999999,0.9808,0.8785777777777778,0.10222222222222221,0.9758857044138913,0.8348174596929117,0.14106824472097967,0.31890304074558784,110.5819572819053,8.289771775016389,0.8266666666666667,0.9031111111111112,0.8869892886052925,0.94,0.9743999999999999,0.9736526145466097,0.20666666666666667,0.191111111111111,0.22933620675264288,0.33353213229328194,466.0586399548813,208.4873216124705,340.4003358084208,25.631650095688226,10.923416099811593,17.00640785893173,C:\Users\cotjq\OneDrive\Desktop\python_code\Quantum Computing Lab\SVM_Data\alpha data\seed_44\alpha_seed44_run013_idx16_g1.60_B5_K3_xi1_C31.npz,20
44,13,17,5,3,1,1.7,31,0.94,0.7933333333333333,0.1466666666666666,0.9808,0.8741333333333333,0.10666666666666669,0.9758857044138913,0.8287919435479508,0.1470937608659405,0.3319903799571792,106.94611507565918,8.165245783816175,0.82,0.8995555555555556,0.8968094103504309,0.92,0.9663999999999999,0.9660286530427817,0.18000000000000005,0.17528888888888883,0.21480228667198564,0.48093124674061793,439.7406170156125,231.60339573826337,335.74365495782797,30.02600785455798,11.202155526153847,18.6112192673044,C:\Users\cotjq\OneDrive\Desktop\python_code\Quantum Computing Lab\SVM_Data\alpha data\seed_44\alpha_seed44_run013_idx17_g1.70_B5_K3_xi1_C31.npz,20
44,13,18,5,3,1,1.8,31,0.94,0.7933333333333333,0.1466666666666666,0.9792,0.8712888888888889,0.10791111111111107,0.9730285615567484,0.833111728624413,0.13991683293233548,0.3432652947744218,104.06377203041191,7.973678048235762,0.7933333333333333,0.8958222222222222,0.8807849652937537,0.94,0.9744,0.9709664972708452,0.19333333333333325,0.20711111111111113,0.27803598567288035,0.4644998282499716,389.8344477886841,201.61949839335776,306.12273445906845,26.969041418676934,9.842786780218194,17.7346875643858,C:\Users\cotjq\OneDrive\Desktop\python_code\Quantum Computing Lab\SVM_Data\alpha data\seed_44\alpha_seed44_run013_idx18_g1.80_B5_K3_xi1_C31.npz,20
44,13,19,5,3,1,1.9,31,0.94,0.7866666666666666,0.15333333333333332,0.9792,0.8672000000000001,0.11199999999999988,0.9730285615567484,0.8323653687622186,0.14066319279452988,0.34909609638307865,102.01234217574859,7.967228486235931,0.8066666666666666,0.8855111111111111,0.8888170349322589,0.92,0.976,0.9771515459139584,0.20666666666666667,0.19857777777777785,0.28372985953378715,0.35377294083240474,416.03269545747764,150.53969853663762,316.6417353164246,29.99176213322268,11.817998171078873,20.234575209129837,C:\Users\cotjq\OneDrive\Desktop\python_code\Quantum Computing Lab\SVM_Data\alpha data\seed_44\alpha_seed44_run013_idx19_g1.90_B5_K3_xi1_C31.npz,20
44,13,20,5,3,1,2.0,31,0.94,0.8066666666666666,0.1333333333333333,0.9792000000000001,0.8664888888888889,0.1127111111111112,0.9744612029893899,0.8245025780952813,0.1499586248941086,0.3503790810859847,101.04349475294231,8.071696585371896,0.8133333333333334,0.8938666666666667,0.8765752870241809,0.92,0.976,0.979181199235547,0.21333333333333337,0.19395555555555566,0.2760102247887195,0.24942395254157534,359.99940835307945,168.31314952376565,283.9266340238638,29.30963756081946,13.009153360140314,18.867729631253958,C:\Users\cotjq\OneDrive\Desktop\python_code\Quantum Computing Lab\SVM_Data\alpha data\seed_44\alpha_seed44_run013_idx20_g2.00_B5_K3_xi1_C31.npz,20
44,13,21,5,3,1,2.1,31,0.94,0.8066666666666666,0.1333333333333333,0.9792000000000001,0.8640000000000001,0.11519999999999997,0.9744612029893899,0.8190617804590359,0.155399422530354,0.3518951675014628,98.81162770727036,8.076227834643843,0.8133333333333334,0.8780444444444445,0.8737586533581585,0.94,0.9680000000000001,0.9697265871507174,0.19333333333333336,0.19217777777777778,0.26633013716093923,0.4358260862741459,414.89799991450934,135.55997400406756,277.01734405271134,29.91442929777384,10.91376217957078,19.02577711795757,C:\Users\cotjq\OneDrive\Desktop\python_code\Quantum Computing Lab\SVM_Data\alpha data\seed_44\alpha_seed44_run013_idx21_g2.10_B5_K3_xi1_C31.npz,20
44,13,22,5,3,1,2.2,31,0.94,0.8,0.1399999999999999,0.976,0.8645333333333333,0.11146666666666671,0.9701271370553239,0.8247376759247187,0.14538946113060525,0.35476141330237043,96.46465578222426,7.9026475836352805,0.8,0.8954666666666666,0.8907341401221271,0.92,0.9776,0.9790015731395042,0.21333333333333337,0.17457777777777783,0.25831759517763486,0.37448974962329407,339.69182068971384,228.08655483205877,283.7139053906018,27.985091254676345,12.565689177555019,18.466932690302393,C:\Users\cotjq\OneDrive\Desktop\python_code\Quantum Computing Lab\SVM_Data\alpha data\seed_44\alpha_seed44_run013_idx22_g2.20_B5_K3_xi1_C31.npz,20
44,13,23,5,3,1,2.3,31,0.94,0.7933333333333333,0.1466666666666666,0.9776,0.8643555555555557,0.11324444444444437,0.9729842799124668,0.8294192696957261,0.14356501021674073,0.3564880661281826,95.2423559146679,7.8114141648789,0.8133333333333334,0.8879999999999999,0.8739921350209837,0.94,0.9696,0.9712837253002684,0.20666666666666667,0.17653333333333332,0.25162630658488083,0.4556049825718883,358.22336731882734,130.5581344526271,281.99977727461334,32.94688847785757,10.880342015514529,18.876033528238867,C:\Users\cotjq\OneDrive\Desktop\python_code\Quantum Computing Lab\SVM_Data\alpha data\seed_44\alpha_seed44_run013_idx23_g2.30_B5_K3_xi1_C31.npz,20
44,13,24,5,3,1,2.4,31,0.94,0.7933333333333333,0.1466666666666666,0.9776,0.8647111111111112,0.11288888888888882,0.9729842799124668,0.8315335852382023,0.14145069467426452,0.35699014785554417,94.65727867812994,7.784781267562035,0.82,0.8970666666666667,0.8814793546190461,0.92,0.96,0.9649077971595135,0.19999999999999996,0.21191111111111105,0.29823505437338627,0.3355586482346114,388.8582942681894,162.2195514533924,267.0466103348185,32.311371644505755,13.991543105814255,20.760099213857746,C:\Users\cotjq\OneDrive\Desktop\python_code\Quantum Computing Lab\SVM_Data\alpha data\seed_44\alpha_seed44_run013_idx24_g2.40_B5_K3_xi1_C31.npz,20
44,13,25,5,3,1,2.5,31,0.94,0.7933333333333333,0.1466666666666666,0.9776,0.8647111111111111,0.11288888888888893,0.9729842799124668,0.8327173242537338,0.14026695565873304,0.35874373101695733,94.7295459840264,7.763770258502407,0.8,0.9100444444444444,0.9106801121316914,0.9,0.9632,0.9670042965164917,0.16000000000000003,0.1591111111111111,0.17318183924544983,0.32727847764702156,367.14610022771643,82.64669933140236,242.16915545479955,48.74108375719142,11.768274259564933,19.153757402132847,C:\Users\cotjq\OneDrive\Desktop\python_code\Quantum Computing Lab\SVM_Data\alpha data\seed_44\alpha_seed44_run013_idx25_g2.50_B5_K3_xi1_C31.npz,20
44,13,26,5,3,1,2.6,31,0.94,0.7933333333333333,0.1466666666666666,0.9776,0.8650666666666667,0.11253333333333337,0.9729842799124668,0.8375356656849922,0.13544861422747467,0.35978800464971283,95.75257908936644,7.67356102788604,0.84,0.9048888888888889,0.9072051837156012,0.92,0.9743999999999999,0.9740262497736183,0.19333333333333336,0.1685333333333333,0.16822332782573435,0.3374834717632231,322.353822971543,131.50558657655014,230.87278096634356,37.126267994297194,11.301489968568514,19.173724682018875,C:\Users\cotjq\OneDrive\Desktop\python_code\Quantum Computing Lab\SVM_Data\alpha data\seed_44\alpha_seed44_run013_idx26_g2.60_B5_K3_xi1_C31.npz,20
44,13,27,5,3,1,2.7,31,0.94,0.7866666666666666,0.15333333333333332,0.9792000000000001,0.8664888888888889,0.1127111111111112,0.9756509465791335,0.8393797664858986,0.1362711800932349,0.3616197567830418,98.02085729076086,7.569589742770514,0.82,0.9000888888888889,0.8992706738718245,0.96,0.9808,0.9794265324161797,0.18000000000000005,0.18382222222222222,0.18917147838112613,0.24834227458421432,334.0021978396229,187.71638462177242,252.34189784934455,30.58054068628706,10.795782737058218,17.533032541907765,C:\Users\cotjq\OneDrive\Desktop\python_code\Quantum Computing Lab\SVM_Data\alpha data\seed_44\alpha_seed44_run013_idx27_g2.70_B5_K3_xi1_C31.npz,20
44,13,28,5,3,1,2.8,31,0.94,0.78,0.15999999999999992,0.9808,0.866311111111111,0.11448888888888897,0.9781509465791335,0.8406784986126505,0.13747244796648295,0.3648802382694566,101.13769808042768,7.484037538422587,0.84,0.8769777777777777,0.8812544584110185,0.92,0.9632000000000001,0.9718500168520392,0.19333333333333336,0.16355555555555568,0.18262741072308797,0.4379655949249296,339.26987868712274,152.35459853938718,233.39931071563166,30.35359415067734,10.157856469256384,19.19484536011198,C:\Users\cotjq\OneDrive\Desktop\python_code\Quantum Computing Lab\SVM_Data\alpha data\seed_44\alpha_seed44_run013_idx28_g2.80_B5_K3_xi1_C31.npz,20
44,13,29,5,3,1,2.9,31,0.94,0.7733333333333333,0.16666666666666663,0.9808,0.8643555555555557,0.11644444444444435,0.9781509465791335,0.8391208580395922,0.13903008853954124,0.3689494345194845,103.54685749525677,7.413304810175276,0.8066666666666666,0.8844444444444445,0.8880323424927626,0.96,0.9776,0.9763493395493397,0.20666666666666667,0.1551999999999999,0.1909601478568822,0.3779845688515647,308.56941030798214,93.3159743413197,215.10205588421277,29.094767074519254,10.451994049907896,18.361083528708736,C:\Users\cotjq\OneDrive\Desktop\python_code\Quantum Computing Lab\SVM_Data\alpha data\seed_44\alpha_seed44_run013_idx29_g2.90_B5_K3_xi1_C31.npz,20
44,14,0,5,3,1,0.0,31,0.5,0.5,0.0,0.5,0.5,0.0,0.5,0.5,0.0,0.0,-1.0097419586828951e-28,50.0,0.5,0.5,0.5,0.5,0.5,0.5,0.0,0.0,0.0,0.0,0.5,0.0,0.075,50.0,50.0,50.0,C:\Users\cotjq\OneDrive\Desktop\python_code\Quantum Computing Lab\SVM_Data\alpha data\seed_44\alpha_seed44_run014_idx00_g0.00_B5_K3_xi1_C31.npz,20
44,14,1,5,3,1,0.1,31,0.84,0.7666666666666667,0.07333333333333325,0.9344,0.8661333333333333,0.0682666666666667,0.9404859519565403,0.848163110503393,0.09232284145314729,0.11704885812190402,228.38105741405118,23.19621495493452,0.82,0.9123555555555556,0.8744894813753512,0.86,0.952,0.9550159142298142,0.15333333333333332,0.16888888888888876,0.1725476035776643,0.05395898690038653,288.51493436473936,125.37049868972619,179.03820944994797,40.14078390643955,23.23288313260204,29.17260537806133,C:\Users\cotjq\OneDrive\Desktop\python_code\Quantum Computing Lab\SVM_Data\alpha data\seed_44\alpha_seed44_run014_idx01_g0.10_B5_K3_xi1_C31.npz,20
44,14,2,5,3,1,0.2,31,0.88,0.8066666666666666,0.07333333333333336,0.9488000000000001,0.8922666666666667,0.056533333333333435,0.9513585296529239,0.8685758333167728,0.0827826963361511,0.12509523898395275,175.18249314917824,17.29259799480108,0.84,0.9075555555555556,0.8891491747427831,0.88,0.9536,0.9563133738459086,0.1266666666666667,0.13031111111111104,0.14433977886192662,0.13533397080559267,340.28644362070884,159.49531646227365,220.3925239867348,44.32703534166856,16.316226948062706,22.833457358215774,C:\Users\cotjq\OneDrive\Desktop\python_code\Quantum Computing Lab\SVM_Data\alpha data\seed_44\alpha_seed44_run014_idx02_g0.20_B5_K3_xi1_C31.npz,20
44,14,3,5,3,1,0.3,31,0.88,0.8066666666666666,0.07333333333333336,0.9648,0.8981333333333335,0.06666666666666654,0.9649868006606398,0.8766116205431189,0.08837518011752088,0.14051579389435848,145.98951634135295,15.404328543836913,0.88,0.9233777777777779,0.9055308788036835,0.9,0.9584,0.9603747704014227,0.1399999999999999,0.10737777777777768,0.18794205557172894,0.23355751061345154,357.41687207006976,170.71773154824973,254.178379875285,28.02026870730506,14.849282862210883,18.755142114906526,C:\Users\cotjq\OneDrive\Desktop\python_code\Quantum Computing Lab\SVM_Data\alpha data\seed_44\alpha_seed44_run014_idx03_g0.30_B5_K3_xi1_C31.npz,20
44,14,4,5,3,1,0.4,31,0.9,0.8133333333333334,0.08666666666666667,0.9712000000000001,0.8917333333333334,0.07946666666666669,0.9659035310317179,0.8722865664318659,0.09361696459985203,0.18489741895697243,156.10066059701515,13.327616246321597,0.8733333333333333,0.9239111111111111,0.8903861860186872,0.92,0.9663999999999999,0.967989645995079,0.15333333333333332,0.14222222222222225,0.20907631642770674,0.26395613067593343,424.9815855554424,184.08837798501577,311.82487008010946,25.147490622147767,12.285085490371959,18.124140646716704,C:\Users\cotjq\OneDrive\Desktop\python_code\Quantum Computing Lab\SVM_Data\alpha data\seed_44\alpha_seed44_run014_idx04_g0.40_B5_K3_xi1_C31.npz,20
44,14,5,5,3,1,0.5,31,0.9,0.82,0.08000000000000007,0.9696,0.8942222222222224,0.07537777777777765,0.9643093281331672,0.8747770010911495,0.08953232704201763,0.1837385832775913,128.23843792865944,12.977071320186983,0.8533333333333334,0.9146666666666667,0.9069230674579905,0.92,0.9792,0.9770735912397092,0.12,0.11324444444444437,0.14355074770142218,0.29051006687401393,439.38602337481404,221.17521940422247,330.9095825478113,39.09397373592806,11.756088040300487,19.910430203270725,C:\Users\cotjq\OneDrive\Desktop\python_code\Quantum Computing Lab\SVM_Data\alpha data\seed_44\alpha_seed44_run014_idx05_g0.50_B5_K3_xi1_C31.npz,20
44,14,6,5,3,1,0.6,31,0.9,0.82,0.08000000000000007,0.9744,0.8986666666666667,0.07573333333333332,0.9701281952563822,0.8769713839522585,0.09315681130412368,0.20173444796027318,131.01376981894327,11.628934726106454,0.8266666666666667,0.9022222222222223,0.8926402898963193,0.94,0.9776,0.9755966681627861,0.18000000000000005,0.15164444444444458,0.19181116815996413,0.34601704523507315,530.0403686478658,216.0991558794676,377.5574089804358,34.92201377006602,10.497587540159504,20.51855980041516,C:\Users\cotjq\OneDrive\Desktop\python_code\Quantum Computing Lab\SVM_Data\alpha data\seed_44\alpha_seed44_run014_idx06_g0.60_B5_K3_xi1_C31.npz,20
44,14,7,5,3,1,0.7,31,0.94,0.8133333333333334,0.1266666666666666,0.9808,0.8967111111111111,0.08408888888888888,0.9758857044138913,0.8731112141568141,0.10277449025707719,0.22268819345745533,129.09856402549678,10.80975391995792,0.8466666666666667,0.9192888888888888,0.8902899270957085,0.94,0.9808,0.9794265324161797,0.18666666666666665,0.1539555555555555,0.19013482085071165,0.3360632869379358,492.1945770429959,216.60970169131525,370.59910503525214,30.76276085640454,10.28752805683141,19.81048884818175,C:\Users\cotjq\OneDrive\Desktop\python_code\Quantum Computing Lab\SVM_Data\alpha data\seed_44\alpha_seed44_run014_idx07_g0.70_B5_K3_xi1_C31.npz,20
44,14,8,5,3,1,0.8,31,0.94,0.8,0.1399999999999999,0.9792,0.8864000000000001,0.09279999999999988,0.9730285615567484,0.8541816915999213,0.11884686995682714,0.2673566961828829,132.7749073934835,9.832595053952126,0.8266666666666667,0.8995555555555556,0.8915778226733481,0.92,0.984,0.9839752884796364,0.1266666666666666,0.1379555555555556,0.18984508479624096,0.46661757333016296,480.822166123653,272.00085959713624,369.70231575115656,34.14878684938504,11.005088008824941,17.68189155226547,C:\Users\cotjq\OneDrive\Desktop\python_code\Quantum Computing Lab\SVM_Data\alpha data\seed_44\alpha_seed44_run014_idx08_g0.80_B5_K3_xi1_C31.npz,20
44,14,9,5,3,1,0.9,31,0.94,0.8,0.1399999999999999,0.9792,0.8830222222222223,0.0961777777777777,0.9730285615567484,0.8490021331204723,0.12402642843627609,0.2793313853381394,128.42888161940573,9.66319555756844,0.8533333333333334,0.9143111111111111,0.8946899161922289,0.92,0.9808,0.9800437578524536,0.22666666666666668,0.1571555555555555,0.21342603953749362,0.32160697339236355,540.3140719821937,334.71459382555616,425.5899307189082,31.5946710498135,10.596336419513369,17.78729325527887,C:\Users\cotjq\OneDrive\Desktop\python_code\Quantum Computing Lab\SVM_Data\alpha data\seed_44\alpha_seed44_run014_idx09_g0.90_B5_K3_xi1_C31.npz,20
44,14,10,5,3,1,1.0,31,0.94,0.8,0.1399999999999999,0.9792,0.8856888888888889,0.0935111111111111,0.9730285615567484,0.850738510602184,0.12229005095456447,0.2814507240963103,124.71810226269153,9.457329041394205,0.8266666666666667,0.8780444444444444,0.8616432140348146,0.92,0.9824,0.9796278696560565,0.16000000000000003,0.1319111111111112,0.21243603245246134,0.5106094427521962,466.57998430531734,299.5164133383293,381.4982053626086,30.920729771218113,10.873420882584425,18.63118288155864,C:\Users\cotjq\OneDrive\Desktop\python_code\Quantum Computing Lab\SVM_Data\alpha data\seed_44\alpha_seed44_run014_idx10_g1.00_B5_K3_xi1_C31.npz,20
44,14,11,5,3,1,1.1,31,0.92,0.8,0.12,0.9792,0.8871111111111111,0.09208888888888889,0.9730285615567484,0.8526020327421364,0.12042652881461202,0.28360635914711596,126.50904534724759,9.233637894482877,0.8666666666666667,0.9224888888888889,0.9003867251019668,0.92,0.9823999999999999,0.9798426877470356,0.16000000000000003,0.15822222222222215,0.20666052214027797,0.3298182881613819,479.9799682083881,231.66213822943985,376.441810717247,26.55996465653763,9.440981093705737,16.938725019404362,C:\Users\cotjq\OneDrive\Desktop\python_code\Quantum Computing Lab\SVM_Data\alpha data\seed_44\alpha_seed44_run014_idx11_g1.10_B5_K3_xi1_C31.npz,20
44,14,12,5,3,1,1.2,31,0.92,0.8,0.12,0.9792,0.8846222222222223,0.09457777777777765,0.9730285615567484,0.8492694788533237,0.12375908270342473,0.28566036203891254,118.29981224761431,9.220003327531149,0.8666666666666667,0.9034666666666666,0.8922138282244519,0.94,0.9823999999999999,0.9847672798216278,0.14666666666666672,0.1472,0.18436522415755552,0.265422756037199,488.3050256835471,220.20317719687176,349.58218526059875,36.2725966991615,11.397781641156605,18.35483589964585,C:\Users\cotjq\OneDrive\Desktop\python_code\Quantum Computing Lab\SVM_Data\alpha data\seed_44\alpha_seed44_run014_idx12_g1.20_B5_K3_xi1_C31.npz,20
44,14,13,5,3,1,1.3,31,0.92,0.7933333333333333,0.1266666666666667,0.9808,0.8856888888888889,0.09511111111111115,0.9758857044138913,0.8435994545730868,0.1322862498408045,0.292414065555887,118.94212918613239,8.822718594826604,0.84,0.9198222222222223,0.9141486184413506,0.94,0.9696,0.9697265469047338,0.18666666666666665,0.13457777777777769,0.1686933376001728,0.5495536564865104,522.9777571439397,195.0279337910643,357.7171690313716,27.5606260393626,11.115243132350475,18.23515926500274,C:\Users\cotjq\OneDrive\Desktop\python_code\Quantum Computing Lab\SVM_Data\alpha data\seed_44\alpha_seed44_run014_idx13_g1.30_B5_K3_xi1_C31.npz,20
44,14,14,5,3,1,1.4,31,0.94,0.8,0.1399999999999999,0.9808,0.8849777777777779,0.09582222222222214,0.9758857044138913,0.842262779968217,0.13362292444567436,0.3001153904168513,120.95412781910287,8.440379115367996,0.8266666666666667,0.8976,0.886126598545508,0.92,0.9855999999999999,0.9834053122570285,0.15999999999999992,0.16764444444444437,0.2576386490285275,0.31105154898569076,440.2799402071266,253.86277410931058,351.2662782245816,40.597005009254495,11.337204564734556,22.217114401393648,C:\Users\cotjq\OneDrive\Desktop\python_code\Quantum Computing Lab\SVM_Data\alpha data\seed_44\alpha_seed44_run014_idx14_g1.40_B5_K3_xi1_C31.npz,20
44,14,15,5,3,1,1.5,31,0.94,0.8,0.1399999999999999,0.9808,0.8833777777777778,0.09742222222222219,0.9758857044138913,0.8398925854237905,0.1359931189901008,0.3076483138485647,115.22847399186671,8.380810973885037,0.8133333333333334,0.8824888888888889,0.8809051907728189,0.98,0.9808,0.9758857044138913,0.20000000000000007,0.2076444444444444,0.2852626554828692,0.424103981167239,464.177453735329,166.23268052329018,347.2891289512426,26.0824256758132,9.145261957880757,16.40205666142075,C:\Users\cotjq\OneDrive\Desktop\python_code\Quantum Computing Lab\SVM_Data\alpha data\seed_44\alpha_seed44_run014_idx15_g1.50_B5_K3_xi1_C31.npz,20
44,14,16,5,3,1,1.6,31,0.94,0.8,0.1399999999999999,0.9808,0.8785777777777778,0.10222222222222221,0.9758857044138913,0.8348174596929117,0.14106824472097967,0.31890304074558784,110.5819572819053,8.289771775016389,0.8533333333333334,0.9251555555555555,0.9094307437991727,0.94,0.9776,0.976206892962957,0.16666666666666674,0.15573333333333328,0.2651271272204423,0.3210350507354657,447.07060273053605,263.139291021894,356.92765164140604,28.778038413484225,10.418851931815713,19.16337272195731,C:\Users\cotjq\OneDrive\Desktop\python_code\Quantum Computing Lab\SVM_Data\alpha data\seed_44\alpha_seed44_run014_idx16_g1.60_B5_K3_xi1_C31.npz,20
44,14,17,5,3,1,1.7,31,0.94,0.7933333333333333,0.1466666666666666,0.9808,0.8741333333333333,0.10666666666666669,0.9758857044138913,0.8287919435479508,0.1470937608659405,0.3319903799571792,106.94611507565918,8.165245783816175,0.8333333333333334,0.9045333333333334,0.8978844681321488,0.94,0.976,0.9702813088094957,0.18666666666666676,0.25973333333333326,0.3310943623499156,0.5144646322642372,426.1765222894616,114.04981759670237,316.2152161769167,31.169153720686655,9.740167439851419,17.259557189873135,C:\Users\cotjq\OneDrive\Desktop\python_code\Quantum Computing Lab\SVM_Data\alpha data\seed_44\alpha_seed44_run014_idx17_g1.70_B5_K3_xi1_C31.npz,20
44,14,18,5,3,1,1.8,31,0.94,0.7933333333333333,0.1466666666666666,0.9792,0.8712888888888889,0.10791111111111107,0.9730285615567484,0.833111728624413,0.13991683293233548,0.3432652947744218,104.06377203041191,7.973678048235762,0.8266666666666667,0.8721777777777777,0.8739283393951098,0.92,0.976,0.9784540404040405,0.19333333333333336,0.17279999999999984,0.26898681750372944,0.4453145348718519,434.728976624822,240.36230811001502,317.41937130144436,27.867315077919805,11.524470491334792,18.774835525398817,C:\Users\cotjq\OneDrive\Desktop\python_code\Quantum Computing Lab\SVM_Data\alpha data\seed_44\alpha_seed44_run014_idx18_g1.80_B5_K3_xi1_C31.npz,20
44,14,19,5,3,1,1.9,31,0.94,0.7866666666666666,0.15333333333333332,0.9792,0.8672000000000001,0.11199999999999988,0.9730285615567484,0.8323653687622186,0.14066319279452988,0.34909609638307865,102.01234217574859,7.967228486235931,0.8333333333333334,0.8981333333333333,0.8986517086747131,0.92,0.976,0.9748648971166134,0.22666666666666668,0.20337777777777777,0.2688729706677643,0.7732089423580434,435.680502338869,210.12720864572026,306.638580727098,31.933684716308104,11.69359367781024,17.9139041231184,C:\Users\cotjq\OneDrive\Desktop\python_code\Quantum Computing Lab\SVM_Data\alpha data\seed_44\alpha_seed44_run014_idx19_g1.90_B5_K3_xi1_C31.npz,20
44,14,20,5,3,1,2.0,31,0.94,0.8066666666666666,0.1333333333333333,0.9792000000000001,0.8664888888888889,0.1127111111111112,0.9744612029893899,0.8245025780952813,0.1499586248941086,0.3503790810859847,101.04349475294231,8.071696585371896,0.8,0.8888888888888888,0.8880931210696739,0.9,0.9712000000000001,0.973923240400002,0.16666666666666674,0.16764444444444448,0.1761699373422676,0.48052315564009607,408.7310289107561,175.69291916612417,296.6531698853622,44.301842453158784,11.646099448266934,18.846925549295882,C:\Users\cotjq\OneDrive\Desktop\python_code\Quantum Computing Lab\SVM_Data\alpha data\seed_44\alpha_seed44_run014_idx20_g2.00_B5_K3_xi1_C31.npz,20
44,14,21,5,3,1,2.1,31,0.94,0.8066666666666666,0.1333333333333333,0.9792000000000001,0.8640000000000001,0.11519999999999997,0.9744612029893899,0.8190617804590359,0.155399422530354,0.3518951675014628,98.81162770727036,8.076227834643843,0.84,0.9176888888888889,0.9157911745504758,0.94,0.9744,0.9757026915113872,0.1466666666666666,0.1511111111111112,0.18157965880275173,0.3984872905383335,353.724895008134,169.9905688408536,275.67856464862984,32.0394157225943,10.274332327014744,19.497092475754698,C:\Users\cotjq\OneDrive\Desktop\python_code\Quantum Computing Lab\SVM_Data\alpha data\seed_44\alpha_seed44_run014_idx21_g2.10_B5_K3_xi1_C31.npz,20
44,14,22,5,3,1,2.2,31,0.94,0.8,0.1399999999999999,0.976,0.8645333333333333,0.11146666666666671,0.9701271370553239,0.8247376759247187,0.14538946113060525,0.35476141330237043,96.46465578222426,7.9026475836352805,0.8533333333333334,0.9063111111111112,0.9013353396238013,0.94,0.9632000000000001,0.9734934813978293,0.24,0.19413333333333338,0.2700232412618109,0.657852724222217,420.26194996158523,155.99292982148893,291.21951475838785,30.85303042620039,12.197463198011816,19.45875914640467,C:\Users\cotjq\OneDrive\Desktop\python_code\Quantum Computing Lab\SVM_Data\alpha data\seed_44\alpha_seed44_run014_idx22_g2.20_B5_K3_xi1_C31.npz,20
44,14,23,5,3,1,2.3,31,0.94,0.7933333333333333,0.1466666666666666,0.9776,0.8643555555555557,0.11324444444444437,0.9729842799124668,0.8294192696957261,0.14356501021674073,0.3564880661281826,95.2423559146679,7.8114141648789,0.82,0.8743111111111111,0.8726955925631767,0.96,0.9936,0.993960113960114,0.19999999999999996,0.1710222222222222,0.19648090929791284,0.3358526481528707,379.5477679303212,185.07403918176112,279.50396868650546,33.15729318516087,11.996260614066381,18.85235836703456,C:\Users\cotjq\OneDrive\Desktop\python_code\Quantum Computing Lab\SVM_Data\alpha data\seed_44\alpha_seed44_run014_idx23_g2.30_B5_K3_xi1_C31.npz,20
44,14,24,5,3,1,2.4,31,0.94,0.7933333333333333,0.1466666666666666,0.9776,0.8647111111111112,0.11288888888888882,0.9729842799124668,0.8315335852382023,0.14145069467426452,0.35699014785554417,94.65727867812994,7.784781267562035,0.82,0.8826666666666667,0.8828269316877914,0.92,0.9696,0.9751415435139573,0.18666666666666665,0.1902222222222223,0.27860231241710687,0.4368502495844311,377.76966144465166,152.88535237143466,273.75653957091265,36.64312210357398,11.767910529123116,20.221261561620786,C:\Users\cotjq\OneDrive\Desktop\python_code\Quantum Computing Lab\SVM_Data\alpha data\seed_44\alpha_seed44_run014_idx24_g2.40_B5_K3_xi1_C31.npz,20
44,14,25,5,3,1,2.5,31,0.94,0.7933333333333333,0.1466666666666666,0.9776,0.8647111111111111,0.11288888888888893,0.9729842799124668,0.8327173242537338,0.14026695565873304,0.35874373101695733,94.7295459840264,7.763770258502407,0.78,0.8298666666666666,0.830203236593286,0.9,0.9632,0.9622511252188672,0.21333333333333337,0.2136888888888887,0.2603225730354243,0.5275503943090685,410.46944626872903,134.2600210555616,230.7685303964309,31.831058152200942,12.939839960699903,21.78158265427991,C:\Users\cotjq\OneDrive\Desktop\python_code\Quantum Computing Lab\SVM_Data\alpha data\seed_44\alpha_seed44_run014_idx25_g2.50_B5_K3_xi1_C31.npz,20
44,14,26,5,3,1,2.6,31,0.94,0.7933333333333333,0.1466666666666666,0.9776,0.8650666666666667,0.11253333333333337,0.9729842799124668,0.8375356656849922,0.13544861422747467,0.35978800464971283,95.75257908936644,7.67356102788604,0.84,0.8910222222222223,0.8934080779892207,0.94,0.9792,0.9778136150653314,0.20000000000000007,0.16266666666666674,0.18133500792011015,0.31730089361959246,371.1702661252397,119.27402962818914,254.17971128449918,32.76427834264068,10.425354059018813,18.955193077382837,C:\Users\cotjq\OneDrive\Desktop\python_code\Quantum Computing Lab\SVM_Data\alpha data\seed_44\alpha_seed44_run014_idx26_g2.60_B5_K3_xi1_C31.npz,20
44,14,27,5,3,1,2.7,31,0.94,0.7866666666666666,0.15333333333333332,0.9792000000000001,0.8664888888888889,0.1127111111111112,0.9756509465791335,0.8393797664858986,0.1362711800932349,0.3616197567830418,98.02085729076086,7.569589742770514,0.8133333333333334,0.8881777777777777,0.8790351402883201,0.94,0.9824,0.980503887755604,0.2333333333333334,0.18133333333333335,0.22244626695389558,0.36138605044203825,363.30285638466773,55.209145999347754,240.40874004720482,27.713479727930213,9.896922866162663,17.341767168867406,C:\Users\cotjq\OneDrive\Desktop\python_code\Quantum Computing Lab\SVM_Data\alpha data\seed_44\alpha_seed44_run014_idx27_g2.70_B5_K3_xi1_C31.npz,20
44,14,28,5,3,1,2.8,31,0.94,0.78,0.15999999999999992,0.9808,0.866311111111111,0.11448888888888897,0.9781509465791335,0.8406784986126505,0.13747244796648295,0.3648802382694566,101.13769808042768,7.484037538422587,0.7866666666666666,0.8773333333333334,0.8735656061363493,0.92,0.9856,0.9875144747725394,0.21333333333333337,0.17600000000000005,0.20677975386007408,0.46229392312588946,331.21098523244075,106.22442759521228,222.66638485964936,25.326766294260505,10.335135450862222,17.43898632137762,C:\Users\cotjq\OneDrive\Desktop\python_code\Quantum Computing Lab\SVM_Data\alpha data\seed_44\alpha_seed44_run014_idx28_g2.80_B5_K3_xi1_C31.npz,20
44,14,29,5,3,1,2.9,31,0.94,0.7733333333333333,0.16666666666666663,0.9808,0.8643555555555557,0.11644444444444435,0.9781509465791335,0.8391208580395922,0.13903008853954124,0.3689494345194845,103.54685749525677,7.413304810175276,0.8466666666666667,0.8904888888888888,0.8714825749570942,0.92,0.9696,0.9708958209625811,0.18000000000000005,0.1683555555555556,0.2160644574606828,0.48226757175204593,324.8369112951623,125.79930016082446,221.26724679144937,29.428369006047934,12.216934428229447,18.855969473991586,C:\Users\cotjq\OneDrive\Desktop\python_code\Quantum Computing Lab\SVM_Data\alpha data\seed_44\alpha_seed44_run014_idx29_g2.90_B5_K3_xi1_C31.npz,20
44,15,0,5,3,1,0.0,31,0.5,0.5,0.0,0.5,0.5,0.0,0.5,0.5,0.0,0.0,-1.0097419586828951e-28,50.0,0.5,0.5,0.5,0.5,0.5,0.5,0.0,0.0,0.0,0.0,0.5,0.0,0.2,50.0,50.0,50.0,C:\Users\cotjq\OneDrive\Desktop\python_code\Quantum Computing Lab\SVM_Data\alpha data\seed_44\alpha_seed44_run015_idx00_g0.00_B5_K3_xi1_C31.npz,20
44,15,1,5,3,1,0.1,31,0.84,0.7666666666666667,0.07333333333333325,0.9344,0.8661333333333333,0.0682666666666667,0.9404859519565403,0.848163110503393,0.09232284145314729,0.11704885812190402,228.38105741405118,23.19621495493452,0.7666666666666667,0.8432000000000001,0.8316783277761362,0.82,0.9152,0.9234247378083695,0.1466666666666666,0.15946666666666676,0.1768680232340346,0.16167661852097115,252.56237353376224,103.6187977678344,185.9415577886195,43.549696726303026,24.43090785663366,29.792832345369654,C:\Users\cotjq\OneDrive\Desktop\python_code\Quantum Computing Lab\SVM_Data\alpha data\seed_44\alpha_seed44_run015_idx01_g0.10_B5_K3_xi1_C31.npz,20
44,15,2,5,3,1,0.2,31,0.88,0.8066666666666666,0.07333333333333336,0.9488000000000001,0.8922666666666667,0.056533333333333435,0.9513585296529239,0.8685758333167728,0.0827826963361511,0.12509523898395275,175.18249314917824,17.29259799480108,0.86,0.9198222222222222,0.9049409830108593,0.88,0.96,0.9616234737143641,0.18000000000000005,0.1411555555555556,0.15001192362722948,0.150377966689418,317.08279558883316,151.13745164329148,225.37929540235754,30.955543781003996,16.624708171619957,21.806585762569007,C:\Users\cotjq\OneDrive\Desktop\python_code\Quantum Computing Lab\SVM_Data\alpha data\seed_44\alpha_seed44_run015_idx02_g0.20_B5_K3_xi1_C31.npz,20
44,15,3,5,3,1,0.3,31,0.88,0.8066666666666666,0.07333333333333336,0.9648,0.8981333333333335,0.06666666666666654,0.9649868006606398,0.8766116205431189,0.08837518011752088,0.14051579389435848,145.98951634135295,15.404328543836913,0.8666666666666667,0.9162666666666668,0.8988906585557602,0.88,0.968,0.9684634792108477,0.14666666666666672,0.15271111111111124,0.1917073524003765,0.12242529307343392,348.68470659950117,165.37068863127783,258.2342681774097,37.688602134539394,13.379821805811194,21.16202747692712,C:\Users\cotjq\OneDrive\Desktop\python_code\Quantum Computing Lab\SVM_Data\alpha data\seed_44\alpha_seed44_run015_idx03_g0.30_B5_K3_xi1_C31.npz,20
44,15,4,5,3,1,0.4,31,0.9,0.8133333333333334,0.08666666666666667,0.9712000000000001,0.8917333333333334,0.07946666666666669,0.9659035310317179,0.8722865664318659,0.09361696459985203,0.18489741895697243,156.10066059701515,13.327616246321597,0.8733333333333333,0.9148444444444443,0.9007303303262741,0.92,0.9743999999999999,0.9740262497736183,0.13333333333333341,0.16533333333333322,0.19861076404562428,0.23345597929319828,463.2350452091548,214.38394812258213,320.12258764591354,28.917731833380433,12.678470881230169,19.057117727956502,C:\Users\cotjq\OneDrive\Desktop\python_code\Quantum Computing Lab\SVM_Data\alpha data\seed_44\alpha_seed44_run015_idx04_g0.40_B5_K3_xi1_C31.npz,20
44,15,5,5,3,1,0.5,31,0.9,0.82,0.08000000000000007,0.9696,0.8942222222222224,0.07537777777777765,0.9643093281331672,0.8747770010911495,0.08953232704201763,0.1837385832775913,128.23843792865944,12.977071320186983,0.84,0.9105777777777778,0.8940428873192406,0.92,0.968,0.9670701339939731,0.18000000000000005,0.12231111111111115,0.17667220371066406,0.29496213349818323,435.248615270802,229.45785196660754,342.28358530096205,32.44688529156841,11.334605429451976,18.97391957098154,C:\Users\cotjq\OneDrive\Desktop\python_code\Quantum Computing Lab\SVM_Data\alpha data\seed_44\alpha_seed44_run015_idx05_g0.50_B5_K3_xi1_C31.npz,20
44,15,6,5,3,1,0.6,31,0.9,0.82,0.08000000000000007,0.9744,0.8986666666666667,0.07573333333333332,0.9701281952563822,0.8769713839522585,0.09315681130412368,0.20173444796027318,131.01376981894327,11.628934726106454,0.8533333333333334,0.9171555555555555,0.8844049495953756,0.92,0.9728000000000001,0.9736694442935745,0.21333333333333326,0.1875555555555556,0.2102791230290214,0.3316367364597971,498.2363063154941,245.22137605521428,388.942176987667,29.912328640195156,10.970140974145192,17.9779345330753,C:\Users\cotjq\OneDrive\Desktop\python_code\Quantum Computing Lab\SVM_Data\alpha data\seed_44\alpha_seed44_run015_idx06_g0.60_B5_K3_xi1_C31.npz,20
44,15,7,5,3,1,0.7,31,0.94,0.8133333333333334,0.1266666666666666,0.9808,0.8967111111111111,0.08408888888888888,0.9758857044138913,0.8731112141568141,0.10277449025707719,0.22268819345745533,129.09856402549678,10.80975391995792,0.8466666666666667,0.9123555555555556,0.905038017549721,0.94,0.9808,0.9771278696560566,0.16000000000000003,0.1326222222222222,0.1749152419380262,0.3682808682266331,490.53893808702105,236.1603257140954,368.11712878846845,34.02891382748047,9.143085565777593,18.469202561731745,C:\Users\cotjq\OneDrive\Desktop\python_code\Quantum Computing Lab\SVM_Data\alpha data\seed_44\alpha_seed44_run015_idx07_g0.70_B5_K3_xi1_C31.npz,20
44,15,8,5,3,1,0.8,31,0.94,0.8,0.1399999999999999,0.9792,0.8864000000000001,0.09279999999999988,0.9730285615567484,0.8541816915999213,0.11884686995682714,0.2673566961828829,132.7749073934835,9.832595053952126,0.8333333333333334,0.9164444444444445,0.8949783776804348,0.92,0.9743999999999999,0.9712006590244981,0.16000000000000003,0.15751111111111116,0.18312454278602142,0.3766439142028606,493.8217616013084,255.83989076225245,385.49467370180844,33.54440593019257,11.541164498175817,17.878168539273442,C:\Users\cotjq\OneDrive\Desktop\python_code\Quantum Computing Lab\SVM_Data\alpha data\seed_44\alpha_seed44_run015_idx08_g0.80_B5_K3_xi1_C31.npz,20
44,15,9,5,3,1,0.9,31,0.94,0.8,0.1399999999999999,0.9792,0.8830222222222223,0.0961777777777777,0.9730285615567484,0.8490021331204723,0.12402642843627609,0.2793313853381394,128.42888161940573,9.66319555756844,0.8466666666666667,0.9093333333333333,0.9005608092274062,0.9,0.9760000000000001,0.9739846707407349,0.17333333333333334,0.1471999999999999,0.19570203375862005,0.4285202764755677,529.9723661771749,170.31843680015,362.32762846600735,41.88124747778258,12.208446545467826,19.09565855548005,C:\Users\cotjq\OneDrive\Desktop\python_code\Quantum Computing Lab\SVM_Data\alpha data\seed_44\alpha_seed44_run015_idx09_g0.90_B5_K3_xi1_C31.npz,20
44,15,10,5,3,1,1.0,31,0.94,0.8,0.1399999999999999,0.9792,0.8856888888888889,0.0935111111111111,0.9730285615567484,0.850738510602184,0.12229005095456447,0.2814507240963103,124.71810226269153,9.457329041394205,0.84,0.9152,0.9105281279046935,0.94,0.9664,0.9704435017478498,0.17999999999999994,0.12693333333333334,0.2035338327064642,0.5270693227951527,511.4717774763561,204.89668498149211,384.52614249533906,28.551762757051716,12.305815311794795,19.04814196240696,C:\Users\cotjq\OneDrive\Desktop\python_code\Quantum Computing Lab\SVM_Data\alpha data\seed_44\alpha_seed44_run015_idx10_g1.00_B5_K3_xi1_C31.npz,20
44,15,11,5,3,1,1.1,31,0.92,0.8,0.12,0.9792,0.8871111111111111,0.09208888888888889,0.9730285615567484,0.8526020327421364,0.12042652881461202,0.28360635914711596,126.50904534724759,9.233637894482877,0.8533333333333334,0.9162666666666666,0.8940675496176678,0.94,0.976,0.9785640330683809,0.20666666666666667,0.15039999999999998,0.18825958309543522,0.2945091900641772,512.8482208583673,288.73638112468467,413.37468783690184,26.708074349917375,12.0213877521402,18.272858228088225,C:\Users\cotjq\OneDrive\Desktop\python_code\Quantum Computing Lab\SVM_Data\alpha data\seed_44\alpha_seed44_run015_idx11_g1.10_B5_K3_xi1_C31.npz,20
44,15,12,5,3,1,1.2,31,0.92,0.8,0.12,0.9792,0.8846222222222223,0.09457777777777765,0.9730285615567484,0.8492694788533237,0.12375908270342473,0.28566036203891254,118.29981224761431,9.220003327531149,0.86,0.916088888888889,0.9131742311823318,0.92,0.9728000000000001,0.9726228336245499,0.18666666666666665,0.19128888888888895,0.26568540908588656,0.4701205798781174,498.3376884178582,216.84866149107557,360.8275394410581,23.100966138365152,10.484790486187203,16.20647458330735,C:\Users\cotjq\OneDrive\Desktop\python_code\Quantum Computing Lab\SVM_Data\alpha data\seed_44\alpha_seed44_run015_idx12_g1.20_B5_K3_xi1_C31.npz,20
44,15,13,5,3,1,1.3,31,0.92,0.7933333333333333,0.1266666666666667,0.9808,0.8856888888888889,0.09511111111111115,0.9758857044138913,0.8435994545730868,0.1322862498408045,0.292414065555887,118.94212918613239,8.822718594826604,0.8266666666666667,0.8951111111111112,0.8758662180944196,0.94,0.9744,0.9747061669578833,0.20666666666666667,0.1809777777777778,0.2251117711111703,0.31083994379629853,533.7781839084236,238.12801920173732,382.3499504494478,29.26629476256719,10.687376540597539,17.97514170821062,C:\Users\cotjq\OneDrive\Desktop\python_code\Quantum Computing Lab\SVM_Data\alpha data\seed_44\alpha_seed44_run015_idx13_g1.30_B5_K3_xi1_C31.npz,20
44,15,14,5,3,1,1.4,31,0.94,0.8,0.1399999999999999,0.9808,0.8849777777777779,0.09582222222222214,0.9758857044138913,0.842262779968217,0.13362292444567436,0.3001153904168513,120.95412781910287,8.440379115367996,0.8533333333333334,0.9187555555555555,0.9116785666397357,0.96,0.9744,0.9651938037219907,0.17999999999999994,0.17493333333333339,0.2625071680565043,0.37395259562016453,408.48369393441544,196.5417434267836,325.5968363486169,33.0504048784583,11.055271433155935,18.423530826924406,C:\Users\cotjq\OneDrive\Desktop\python_code\Quantum Computing Lab\SVM_Data\alpha data\seed_44\alpha_seed44_run015_idx14_g1.40_B5_K3_xi1_C31.npz,20
44,15,15,5,3,1,1.5,31,0.94,0.8,0.1399999999999999,0.9808,0.8833777777777778,0.09742222222222219,0.9758857044138913,0.8398925854237905,0.1359931189901008,0.3076483138485647,115.22847399186671,8.380810973885037,0.8133333333333334,0.8680888888888889,0.8421878750685121,0.92,0.9824,0.9826045925089404,0.20666666666666667,0.17600000000000005,0.2575020582049634,0.4201419451662356,493.18538006101153,232.1398716784126,351.38096383282425,28.13189816618484,9.372096842994033,18.117193835352502,C:\Users\cotjq\OneDrive\Desktop\python_code\Quantum Computing Lab\SVM_Data\alpha data\seed_44\alpha_seed44_run015_idx15_g1.50_B5_K3_xi1_C31.npz,20
44,15,16,5,3,1,1.6,31,0.94,0.8,0.1399999999999999,0.9808,0.8785777777777778,0.10222222222222221,0.9758857044138913,0.8348174596929117,0.14106824472097967,0.31890304074558784,110.5819572819053,8.289771775016389,0.8533333333333334,0.9084444444444445,0.8697202279511727,0.92,0.984,0.9828802817319982,0.17999999999999994,0.14648888888888878,0.21984350236765215,0.33499565685850835,447.6000719902288,224.53450634429254,337.864026371648,34.57592787139874,10.975579179996306,18.75530021384981,C:\Users\cotjq\OneDrive\Desktop\python_code\Quantum Computing Lab\SVM_Data\alpha data\seed_44\alpha_seed44_run015_idx16_g1.60_B5_K3_xi1_C31.npz,20
44,15,17,5,3,1,1.7,31,0.94,0.7933333333333333,0.1466666666666666,0.9808,0.8741333333333333,0.10666666666666669,0.9758857044138913,0.8287919435479508,0.1470937608659405,0.3319903799571792,106.94611507565918,8.165245783816175,0.8266666666666667,0.9032888888888888,0.8927357243034405,0.9,0.96,0.9655448463125883,0.17333333333333334,0.1452444444444444,0.22143629668737974,0.20010157376830146,479.1402154457567,199.16695608193604,324.58344511970245,46.121586914999924,14.718861179480612,23.052252924633486,C:\Users\cotjq\OneDrive\Desktop\python_code\Quantum Computing Lab\SVM_Data\alpha data\seed_44\alpha_seed44_run015_idx17_g1.70_B5_K3_xi1_C31.npz,20
44,15,18,5,3,1,1.8,31,0.94,0.7933333333333333,0.1466666666666666,0.9792,0.8712888888888889,0.10791111111111107,0.9730285615567484,0.833111728624413,0.13991683293233548,0.3432652947744218,104.06377203041191,7.973678048235762,0.8533333333333334,0.9198222222222222,0.9036716420395067,0.94,0.9712000000000001,0.9679274689126353,0.18666666666666665,0.15662222222222222,0.2569865316289801,0.3809662216621963,432.25045786715566,213.24754137087137,313.6630646102783,32.44256518867839,12.291354425356367,20.193178305840963,C:\Users\cotjq\OneDrive\Desktop\python_code\Quantum Computing Lab\SVM_Data\alpha data\seed_44\alpha_seed44_run015_idx18_g1.80_B5_K3_xi1_C31.npz,20
44,15,19,5,3,1,1.9,31,0.94,0.7866666666666666,0.15333333333333332,0.9792,0.8672000000000001,0.11199999999999988,0.9730285615567484,0.8323653687622186,0.14066319279452988,0.34909609638307865,102.01234217574859,7.967228486235931,0.8133333333333334,0.8947555555555556,0.8788828872920093,0.92,0.9728,0.9731835173852337,0.16666666666666663,0.20017777777777768,0.2247891018629259,0.29650559232488605,394.49360876896,219.18828226600868,311.3682384635487,34.58043774690024,12.42478760203382,20.58517552060247,C:\Users\cotjq\OneDrive\Desktop\python_code\Quantum Computing Lab\SVM_Data\alpha data\seed_44\alpha_seed44_run015_idx19_g1.90_B5_K3_xi1_C31.npz,20
44,15,20,5,3,1,2.0,31,0.94,0.8066666666666666,0.1333333333333333,0.9792000000000001,0.8664888888888889,0.1127111111111112,0.9744612029893899,0.8245025780952813,0.1499586248941086,0.3503790810859847,101.04349475294231,8.071696585371896,0.84,0.9196444444444445,0.9120952975124106,0.94,0.9727999999999999,0.9768324313367793,0.18666666666666665,0.15946666666666665,0.2393751740837058,0.38661421280988306,389.7811784791837,232.62826535782565,329.60514940616554,33.89499971182074,11.635809701956477,20.251844513004436,C:\Users\cotjq\OneDrive\Desktop\python_code\Quantum Computing Lab\SVM_Data\alpha data\seed_44\alpha_seed44_run015_idx20_g2.00_B5_K3_xi1_C31.npz,20
44,15,21,5,3,1,2.1,31,0.94,0.8066666666666666,0.1333333333333333,0.9792000000000001,0.8640000000000001,0.11519999999999997,0.9744612029893899,0.8190617804590359,0.155399422530354,0.3518951675014628,98.81162770727036,8.076227834643843,0.8066666666666666,0.8894222222222221,0.8767223815664221,0.94,0.9792,0.9758051183333053,0.19999999999999996,0.19608888888888876,0.1863410714582845,0.4099571903188278,353.30694280880437,196.51158139298,280.31397718865617,34.10816210956453,10.806991606505349,19.485452413327884,C:\Users\cotjq\OneDrive\Desktop\python_code\Quantum Computing Lab\SVM_Data\alpha data\seed_44\alpha_seed44_run015_idx21_g2.10_B5_K3_xi1_C31.npz,20
44,15,22,5,3,1,2.2,31,0.94,0.8,0.1399999999999999,0.976,0.8645333333333333,0.11146666666666671,0.9701271370553239,0.8247376759247187,0.14538946113060525,0.35476141330237043,96.46465578222426,7.9026475836352805,0.8333333333333334,0.9024,0.8948916133098326,0.92,0.9696,0.9632453770758556,0.21333333333333337,0.1943111111111111,0.27638261777144846,0.38114298750933806,381.38092720109876,184.76796046385834,289.97780919715456,38.320053617971794,13.38182653537443,21.43074021988628,C:\Users\cotjq\OneDrive\Desktop\python_code\Quantum Computing Lab\SVM_Data\alpha data\seed_44\alpha_seed44_run015_idx22_g2.20_B5_K3_xi1_C31.npz,20
44,15,23,5,3,1,2.3,31,0.94,0.7933333333333333,0.1466666666666666,0.9776,0.8643555555555557,0.11324444444444437,0.9729842799124668,0.8294192696957261,0.14356501021674073,0.3564880661281826,95.2423559146679,7.8114141648789,0.8266666666666667,0.8967111111111111,0.889410613966537,0.92,0.9616,0.9672991099078057,0.20000000000000007,0.14577777777777778,0.15570104152423725,0.27400304326411823,408.8858002231244,137.3973057438802,300.802016911699,27.304106141560332,13.295296109855796,19.995778200918906,C:\Users\cotjq\OneDrive\Desktop\python_code\Quantum Computing Lab\SVM_Data\alpha data\seed_44\alpha_seed44_run015_idx23_g2.30_B5_K3_xi1_C31.npz,20
44,15,24,5,3,1,2.4,31,0.94,0.7933333333333333,0.1466666666666666,0.9776,0.8647111111111112,0.11288888888888882,0.9729842799124668,0.8315335852382023,0.14145069467426452,0.35699014785554417,94.65727867812994,7.784781267562035,0.8133333333333334,0.9034666666666666,0.903523474818182,0.94,0.9776,0.9757162724723366,0.21999999999999997,0.16871111111111115,0.20273861928905723,0.44048074657913094,374.72950608697863,173.88189968337014,262.5716997846363,35.357663085739915,11.964216451127436,20.372991769102153,C:\Users\cotjq\OneDrive\Desktop\python_code\Quantum Computing Lab\SVM_Data\alpha data\seed_44\alpha_seed44_run015_idx24_g2.40_B5_K3_xi1_C31.npz,20
44,15,25,5,3,1,2.5,31,0.94,0.7933333333333333,0.1466666666666666,0.9776,0.8647111111111111,0.11288888888888893,0.9729842799124668,0.8327173242537338,0.14026695565873304,0.35874373101695733,94.7295459840264,7.763770258502407,0.8133333333333334,0.8931555555555556,0.8840042742258329,0.92,0.9792,0.9796397320820109,0.22666666666666668,0.19928888888888896,0.28587370041063775,0.28869348165185893,414.4425628054233,168.34280433856964,279.0874344769885,40.25556194825538,9.654091658321653,18.597333092105593,C:\Users\cotjq\OneDrive\Desktop\python_code\Quantum Computing Lab\SVM_Data\alpha data\seed_44\alpha_seed44_run015_idx25_g2.50_B5_K3_xi1_C31.npz,20
44,15,26,5,3,1,2.6,31,0.94,0.7933333333333333,0.1466666666666666,0.9776,0.8650666666666667,0.11253333333333337,0.9729842799124668,0.8375356656849922,0.13544861422747467,0.35978800464971283,95.75257908936644,7.67356102788604,0.82,0.8812444444444444,0.8943209663461775,0.94,0.9792000000000001,0.9756509465791335,0.18000000000000005,0.15039999999999998,0.18326223369195893,0.46892659501021083,373.64703487570705,155.1443619634681,274.4211445334855,34.41083321601394,9.541038526738625,19.29859598971072,C:\Users\cotjq\OneDrive\Desktop\python_code\Quantum Computing Lab\SVM_Data\alpha data\seed_44\alpha_seed44_run015_idx26_g2.60_B5_K3_xi1_C31.npz,20
44,15,27,5,3,1,2.7,31,0.94,0.7866666666666666,0.15333333333333332,0.9792000000000001,0.8664888888888889,0.1127111111111112,0.9756509465791335,0.8393797664858986,0.1362711800932349,0.3616197567830418,98.02085729076086,7.569589742770514,0.8133333333333334,0.8915555555555557,0.8958675333018946,0.92,0.9648,0.9654147277207918,0.18666666666666676,0.18186666666666673,0.21931089012117477,0.3319982535972159,312.7721525636408,145.25601870820452,236.7181482740216,29.127102893502407,12.866892647010019,19.807604509278285,C:\Users\cotjq\OneDrive\Desktop\python_code\Quantum Computing Lab\SVM_Data\alpha data\seed_44\alpha_seed44_run015_idx27_g2.70_B5_K3_xi1_C31.npz,20
44,15,28,5,3,1,2.8,31,0.94,0.78,0.15999999999999992,0.9808,0.866311111111111,0.11448888888888897,0.9781509465791335,0.8406784986126505,0.13747244796648295,0.3648802382694566,101.13769808042768,7.484037538422587,0.84,0.8913777777777778,0.883728331925211,0.92,0.9824,0.9834990980034459,0.20000000000000007,0.17795555555555553,0.2398940841050743,0.34956781017066296,325.06943912257464,122.73278904356314,214.05330669027725,24.11507316346407,10.079623215166817,16.873610842797078,C:\Users\cotjq\OneDrive\Desktop\python_code\Quantum Computing Lab\SVM_Data\alpha data\seed_44\alpha_seed44_run015_idx28_g2.80_B5_K3_xi1_C31.npz,20
44,15,29,5,3,1,2.9,31,0.94,0.7733333333333333,0.16666666666666663,0.9808,0.8643555555555557,0.11644444444444435,0.9781509465791335,0.8391208580395922,0.13903008853954124,0.3689494345194845,103.54685749525677,7.413304810175276,0.84,0.88,0.8778456742520298,0.94,0.976,0.9784880636604776,0.19333333333333336,0.18133333333333324,0.22002053120567644,0.4642813391538176,330.6418468612209,128.64186685661437,225.51351928754653,25.652009974219915,10.50300662237714,16.33194568589001,C:\Users\cotjq\OneDrive\Desktop\python_code\Quantum Computing Lab\SVM_Data\alpha data\seed_44\alpha_seed44_run015_idx29_g2.90_B5_K3_xi1_C31.npz,20
44,16,0,5,3,1,0.0,31,0.5,0.5,0.0,0.5,0.5,0.0,0.5,0.5,0.0,0.0,-1.0097419586828951e-28,50.0,0.5,0.5,0.5,0.5,0.5,0.5,0.0,0.0,0.0,0.0,0.5,0.0,0.075,50.0,50.0,50.0,C:\Users\cotjq\OneDrive\Desktop\python_code\Quantum Computing Lab\SVM_Data\alpha data\seed_44\alpha_seed44_run016_idx00_g0.00_B5_K3_xi1_C31.npz,20
44,16,1,5,3,1,0.1,31,0.84,0.7666666666666667,0.07333333333333325,0.9344,0.8661333333333333,0.0682666666666667,0.9404859519565403,0.848163110503393,0.09232284145314729,0.11704885812190402,228.38105741405118,23.19621495493452,0.78,0.8727111111111112,0.86838243747197,0.82,0.9072,0.9136836773477641,0.1333333333333333,0.17457777777777772,0.19517046580030883,0.12303907168854122,243.901364201597,108.21926460683397,177.51536024809954,45.55908041726865,25.68660222958244,31.578554324163925,C:\Users\cotjq\OneDrive\Desktop\python_code\Quantum Computing Lab\SVM_Data\alpha data\seed_44\alpha_seed44_run016_idx01_g0.10_B5_K3_xi1_C31.npz,20
44,16,2,5,3,1,0.2,31,0.88,0.8066666666666666,0.07333333333333336,0.9488000000000001,0.8922666666666667,0.056533333333333435,0.9513585296529239,0.8685758333167728,0.0827826963361511,0.12509523898395275,175.18249314917824,17.29259799480108,0.8666666666666667,0.9255111111111112,0.9014742649854632,0.88,0.9648,0.9648102996955992,0.17999999999999994,0.1518222222222222,0.18937813372433987,0.053720508970745595,320.4707696717763,122.46558081064832,231.2525788647259,46.28548618905792,17.79732886025535,22.757721545760468,C:\Users\cotjq\OneDrive\Desktop\python_code\Quantum Computing Lab\SVM_Data\alpha data\seed_44\alpha_seed44_run016_idx02_g0.20_B5_K3_xi1_C31.npz,20
44,16,3,5,3,1,0.3,31,0.88,0.8066666666666666,0.07333333333333336,0.9648,0.8981333333333335,0.06666666666666654,0.9649868006606398,0.8766116205431189,0.08837518011752088,0.14051579389435848,145.98951634135295,15.404328543836913,0.8533333333333334,0.9180444444444444,0.9004998488777105,0.9,0.9552,0.9562176528263485,0.17333333333333334,0.1665777777777777,0.19664958744855743,0.14933088630118685,362.58010004964524,167.35523350511093,248.51097175742234,31.941016794321975,15.005183304010544,21.68007529264733,C:\Users\cotjq\OneDrive\Desktop\python_code\Quantum Computing Lab\SVM_Data\alpha data\seed_44\alpha_seed44_run016_idx03_g0.30_B5_K3_xi1_C31.npz,20
44,16,4,5,3,1,0.4,31,0.9,0.8133333333333334,0.08666666666666667,0.9712000000000001,0.8917333333333334,0.07946666666666669,0.9659035310317179,0.8722865664318659,0.09361696459985203,0.18489741895697243,156.10066059701515,13.327616246321597,0.8666666666666667,0.9191111111111111,0.8941299287782416,0.9,0.968,0.9703793098097881,0.1466666666666666,0.1358222222222223,0.19136332379011656,0.13201238851851094,385.6864633252178,171.2077534292639,283.0780923399693,33.61731429733067,13.389427835695358,19.542623996588446,C:\Users\cotjq\OneDrive\Desktop\python_code\Quantum Computing Lab\SVM_Data\alpha data\seed_44\alpha_seed44_run016_idx04_g0.40_B5_K3_xi1_C31.npz,20
44,16,5,5,3,1,0.5,31,0.9,0.82,0.08000000000000007,0.9696,0.8942222222222224,0.07537777777777765,0.9643093281331672,0.8747770010911495,0.08953232704201763,0.1837385832775913,128.23843792865944,12.977071320186983,0.84,0.9146666666666667,0.8982522695340687,0.92,0.9776,0.9779608554031343,0.15999999999999992,0.15822222222222226,0.22002519048528257,0.3012704452147736,424.04193369708184,231.62598372493218,347.49713700591803,34.13405428610167,11.458642101126529,19.124048077290798,C:\Users\cotjq\OneDrive\Desktop\python_code\Quantum Computing Lab\SVM_Data\alpha data\seed_44\alpha_seed44_run016_idx05_g0.50_B5_K3_xi1_C31.npz,20
44,16,6,5,3,1,0.6,31,0.9,0.82,0.08000000000000007,0.9744,0.8986666666666667,0.07573333333333332,0.9701281952563822,0.8769713839522585,0.09315681130412368,0.20173444796027318,131.01376981894327,11.628934726106454,0.86,0.9143111111111111,0.9050231054301185,0.94,0.976,0.9755573430154076,0.15333333333333332,0.11768888888888895,0.15910572019821467,0.3208749647843394,537.759534912849,258.92421626256134,380.9441045654239,23.940582621619782,9.896405713895307,17.170246903753792,C:\Users\cotjq\OneDrive\Desktop\python_code\Quantum Computing Lab\SVM_Data\alpha data\seed_44\alpha_seed44_run016_idx06_g0.60_B5_K3_xi1_C31.npz,20
44,16,7,5,3,1,0.7,31,0.94,0.8133333333333334,0.1266666666666666,0.9808,0.8967111111111111,0.08408888888888888,0.9758857044138913,0.8731112141568141,0.10277449025707719,0.22268819345745533,129.09856402549678,10.80975391995792,0.8333333333333334,0.9109333333333333,0.8943732727473284,0.92,0.976,0.9737789133685607,0.15333333333333332,0.09866666666666668,0.14356490789637777,0.3364356324296346,462.53740859361426,164.19726155299307,363.43171320899245,20.501555346372015,10.285241768361715,14.406916348977466,C:\Users\cotjq\OneDrive\Desktop\python_code\Quantum Computing Lab\SVM_Data\alpha data\seed_44\alpha_seed44_run016_idx07_g0.70_B5_K3_xi1_C31.npz,20
44,16,8,5,3,1,0.8,31,0.94,0.8,0.1399999999999999,0.9792,0.8864000000000001,0.09279999999999988,0.9730285615567484,0.8541816915999213,0.11884686995682714,0.2673566961828829,132.7749073934835,9.832595053952126,0.8466666666666667,0.9152,0.9004940508260885,0.94,0.9808,0.9788281794586579,0.15333333333333332,0.11946666666666661,0.16894282668402882,0.33031057538407416,524.3520240728824,303.63115308007923,390.76684934815796,28.3259906495271,10.819138829235666,18.7353169266121,C:\Users\cotjq\OneDrive\Desktop\python_code\Quantum Computing Lab\SVM_Data\alpha data\seed_44\alpha_seed44_run016_idx08_g0.80_B5_K3_xi1_C31.npz,20
44,16,9,5,3,1,0.9,31,0.94,0.8,0.1399999999999999,0.9792,0.8830222222222223,0.0961777777777777,0.9730285615567484,0.8490021331204723,0.12402642843627609,0.2793313853381394,128.42888161940573,9.66319555756844,0.86,0.9164444444444445,0.906064552491965,0.9,0.968,0.9715205443873046,0.19333333333333336,0.1617777777777778,0.21641346556572738,0.22867944117682193,506.8216508501487,272.1234498235818,374.65735696281877,31.616120234845255,13.292045887809937,19.358667972214754,C:\Users\cotjq\OneDrive\Desktop\python_code\Quantum Computing Lab\SVM_Data\alpha data\seed_44\alpha_seed44_run016_idx09_g0.90_B5_K3_xi1_C31.npz,20
44,16,10,5,3,1,1.0,31,0.94,0.8,0.1399999999999999,0.9792,0.8856888888888889,0.0935111111111111,0.9730285615567484,0.850738510602184,0.12229005095456447,0.2814507240963103,124.71810226269153,9.457329041394205,0.8333333333333334,0.9045333333333334,0.8939393059728211,0.92,0.9792,0.9815815766359246,0.19333333333333336,0.1345777777777778,0.19978833948698216,0.33317497144434977,561.2322773616047,188.99763253927955,378.940508005568,30.088396741672252,10.20559483333173,16.658415416533906,C:\Users\cotjq\OneDrive\Desktop\python_code\Quantum Computing Lab\SVM_Data\alpha data\seed_44\alpha_seed44_run016_idx10_g1.00_B5_K3_xi1_C31.npz,20
44,16,11,5,3,1,1.1,31,0.92,0.8,0.12,0.9792,0.8871111111111111,0.09208888888888889,0.9730285615567484,0.8526020327421364,0.12042652881461202,0.28360635914711596,126.50904534724759,9.233637894482877,0.8533333333333334,0.9176888888888889,0.9137034648449815,0.96,0.9663999999999999,0.9653883116106162,0.16666666666666663,0.15431111111111118,0.18642346704432589,0.231298056817195,476.68145584931057,326.3384121635701,394.40781737230657,49.402280145406934,11.727320653386872,23.166995422302215,C:\Users\cotjq\OneDrive\Desktop\python_code\Quantum Computing Lab\SVM_Data\alpha data\seed_44\alpha_seed44_run016_idx11_g1.10_B5_K3_xi1_C31.npz,20
44,16,12,5,3,1,1.2,31,0.92,0.8,0.12,0.9792,0.8846222222222223,0.09457777777777765,0.9730285615567484,0.8492694788533237,0.12375908270342473,0.28566036203891254,118.29981224761431,9.220003327531149,0.8133333333333334,0.9045333333333334,0.8927474442647637,0.92,0.9776,0.9762982862026341,0.17333333333333334,0.1678222222222221,0.2622086863664371,0.3383569180294537,441.70066311410903,269.97208714427086,367.4279485122804,34.61713720799197,11.194325796559115,20.24604245089948,C:\Users\cotjq\OneDrive\Desktop\python_code\Quantum Computing Lab\SVM_Data\alpha data\seed_44\alpha_seed44_run016_idx12_g1.20_B5_K3_xi1_C31.npz,20
44,16,13,5,3,1,1.3,31,0.92,0.7933333333333333,0.1266666666666667,0.9808,0.8856888888888889,0.09511111111111115,0.9758857044138913,0.8435994545730868,0.1322862498408045,0.292414065555887,118.94212918613239,8.822718594826604,0.8333333333333334,0.9089777777777778,0.8913088406857989,0.94,0.9744,0.9752172272172273,0.18666666666666665,0.16160000000000008,0.2268996107811163,0.3423856400673745,532.9108009972143,225.57740556305387,354.1308795380597,24.56086867537101,10.82645092817731,17.640423885164815,C:\Users\cotjq\OneDrive\Desktop\python_code\Quantum Computing Lab\SVM_Data\alpha data\seed_44\alpha_seed44_run016_idx13_g1.30_B5_K3_xi1_C31.npz,20
44,16,14,5,3,1,1.4,31,0.94,0.8,0.1399999999999999,0.9808,0.8849777777777779,0.09582222222222214,0.9758857044138913,0.842262779968217,0.13362292444567436,0.3001153904168513,120.95412781910287,8.440379115367996,0.84,0.9221333333333334,0.90528546310675,0.92,0.9807999999999999,0.9807437613860404,0.17333333333333334,0.14755555555555566,0.20244663603545532,0.4056964289709304,490.0948996993011,272.16544769076313,375.83492815711304,31.707836262107367,10.598952481449107,17.036029270159005,C:\Users\cotjq\OneDrive\Desktop\python_code\Quantum Computing Lab\SVM_Data\alpha data\seed_44\alpha_seed44_run016_idx14_g1.40_B5_K3_xi1_C31.npz,20
44,16,15,5,3,1,1.5,31,0.94,0.8,0.1399999999999999,0.9808,0.8833777777777778,0.09742222222222219,0.9758857044138913,0.8398925854237905,0.1359931189901008,0.3076483138485647,115.22847399186671,8.380810973885037,0.82,0.8867555555555556,0.8867949201221011,0.94,0.9824,0.9842735042735045,0.1466666666666666,0.17191111111111113,0.24512218746048264,0.4352762971278281,474.8125072663788,241.9730183095811,354.45272612512656,31.881022333735103,11.813762723924963,17.498757694229997,C:\Users\cotjq\OneDrive\Desktop\python_code\Quantum Computing Lab\SVM_Data\alpha data\seed_44\alpha_seed44_run016_idx15_g1.50_B5_K3_xi1_C31.npz,20
44,16,16,5,3,1,1.6,31,0.94,0.8,0.1399999999999999,0.9808,0.8785777777777778,0.10222222222222221,0.9758857044138913,0.8348174596929117,0.14106824472097967,0.31890304074558784,110.5819572819053,8.289771775016389,0.8266666666666667,0.9082666666666667,0.8996470029531357,0.94,0.9792000000000001,0.9766176132458002,0.22666666666666668,0.19288888888888878,0.24919433991919993,0.41881899702051817,458.0570406153604,188.83325975267505,319.5213786198069,29.392298548569084,10.471957127241136,17.49861695672194,C:\Users\cotjq\OneDrive\Desktop\python_code\Quantum Computing Lab\SVM_Data\alpha data\seed_44\alpha_seed44_run016_idx16_g1.60_B5_K3_xi1_C31.npz,20
44,16,17,5,3,1,1.7,31,0.94,0.7933333333333333,0.1466666666666666,0.9808,0.8741333333333333,0.10666666666666669,0.9758857044138913,0.8287919435479508,0.1470937608659405,0.3319903799571792,106.94611507565918,8.165245783816175,0.8466666666666667,0.9210666666666667,0.9051834303334265,0.92,0.9712000000000001,0.9702143400996396,0.19333333333333336,0.18951111111111119,0.2662670769599692,0.30687903255906246,381.4034394681653,198.5538451520813,301.92805495049583,32.215932373718,11.270370554537585,19.890648967689323,C:\Users\cotjq\OneDrive\Desktop\python_code\Quantum Computing Lab\SVM_Data\alpha data\seed_44\alpha_seed44_run016_idx17_g1.70_B5_K3_xi1_C31.npz,20
44,16,18,5,3,1,1.8,31,0.94,0.7933333333333333,0.1466666666666666,0.9792,0.8712888888888889,0.10791111111111107,0.9730285615567484,0.833111728624413,0.13991683293233548,0.3432652947744218,104.06377203041191,7.973678048235762,0.8133333333333334,0.8913777777777778,0.8862187930384269,0.94,0.976,0.9773414940881209,0.18666666666666665,0.17955555555555558,0.25500068332057957,0.5567628931669837,360.75316862474034,188.56164273574407,301.829399409809,31.771811623227705,12.819566657919173,19.31640393074996,C:\Users\cotjq\OneDrive\Desktop\python_code\Quantum Computing Lab\SVM_Data\alpha data\seed_44\alpha_seed44_run016_idx18_g1.80_B5_K3_xi1_C31.npz,20
44,16,19,5,3,1,1.9,31,0.94,0.7866666666666666,0.15333333333333332,0.9792,0.8672000000000001,0.11199999999999988,0.9730285615567484,0.8323653687622186,0.14066319279452988,0.34909609638307865,102.01234217574859,7.967228486235931,0.8133333333333334,0.8981333333333333,0.8939543266350884,0.9,0.9776,0.9779608554031343,0.17333333333333334,0.2069333333333334,0.25381627863639133,0.299261295676348,411.01657873789935,221.70533295828125,300.779895246163,30.322987122107833,13.407924868420466,18.948289767708335,C:\Users\cotjq\OneDrive\Desktop\python_code\Quantum Computing Lab\SVM_Data\alpha data\seed_44\alpha_seed44_run016_idx19_g1.90_B5_K3_xi1_C31.npz,20
44,16,20,5,3,1,2.0,31,0.94,0.8066666666666666,0.1333333333333333,0.9792000000000001,0.8664888888888889,0.1127111111111112,0.9744612029893899,0.8245025780952813,0.1499586248941086,0.3503790810859847,101.04349475294231,8.071696585371896,0.8066666666666666,0.9020444444444444,0.8992983549372296,0.9,0.9712000000000001,0.9696596275921623,0.16666666666666663,0.15804444444444443,0.2145627048364025,0.33355432129791446,422.3130755721154,233.18791718036846,298.9859788886596,29.854293888924268,12.178866573726097,19.426712533197197,C:\Users\cotjq\OneDrive\Desktop\python_code\Quantum Computing Lab\SVM_Data\alpha data\seed_44\alpha_seed44_run016_idx20_g2.00_B5_K3_xi1_C31.npz,20
44,16,21,5,3,1,2.1,31,0.94,0.8066666666666666,0.1333333333333333,0.9792000000000001,0.8640000000000001,0.11519999999999997,0.9744612029893899,0.8190617804590359,0.155399422530354,0.3518951675014628,98.81162770727036,8.076227834643843,0.8266666666666667,0.8997333333333334,0.8842372652819884,0.96,0.9792,0.9800267199733468,0.15999999999999992,0.19804444444444436,0.2878871251004792,0.23331509168186243,384.8671499281006,165.53476508608583,322.80657558871746,29.677152910504255,11.742929433765692,18.916025271620065,C:\Users\cotjq\OneDrive\Desktop\python_code\Quantum Computing Lab\SVM_Data\alpha data\seed_44\alpha_seed44_run016_idx21_g2.10_B5_K3_xi1_C31.npz,20
44,16,22,5,3,1,2.2,31,0.94,0.8,0.1399999999999999,0.976,0.8645333333333333,0.11146666666666671,0.9701271370553239,0.8247376759247187,0.14538946113060525,0.35476141330237043,96.46465578222426,7.9026475836352805,0.8333333333333334,0.9082666666666667,0.9089607142698272,0.94,0.9856,0.9871018062397374,0.17999999999999994,0.19573333333333331,0.27284267841372056,0.4205748027470032,416.5055132255153,162.75571946085242,281.4750060837993,28.277878985975732,10.72643184561043,17.856408394518944,C:\Users\cotjq\OneDrive\Desktop\python_code\Quantum Computing Lab\SVM_Data\alpha data\seed_44\alpha_seed44_run016_idx22_g2.20_B5_K3_xi1_C31.npz,20
44,16,23,5,3,1,2.3,31,0.94,0.7933333333333333,0.1466666666666666,0.9776,0.8643555555555557,0.11324444444444437,0.9729842799124668,0.8294192696957261,0.14356501021674073,0.3564880661281826,95.2423559146679,7.8114141648789,0.8066666666666666,0.882488888888889,0.8725016916413679,0.92,0.9664,0.969335938777425,0.16666666666666674,0.1578666666666665,0.1911436352454976,0.4294875930071239,369.48726424666546,206.59476593654534,272.2785778811966,28.388504159094683,13.124739647240895,19.846914395729357,C:\Users\cotjq\OneDrive\Desktop\python_code\Quantum Computing Lab\SVM_Data\alpha data\seed_44\alpha_seed44_run016_idx23_g2.30_B5_K3_xi1_C31.npz,20
44,16,24,5,3,1,2.4,31,0.94,0.7933333333333333,0.1466666666666666,0.9776,0.8647111111111112,0.11288888888888882,0.9729842799124668,0.8315335852382023,0.14145069467426452,0.35699014785554417,94.65727867812994,7.784781267562035,0.8133333333333334,0.8855111111111111,0.8707864856176856,0.92,0.9856,0.988173076923077,0.18666666666666665,0.1923555555555555,0.28195983457561424,0.31384999661035506,364.8630062342623,128.9595783323703,239.819227134657,33.52995600880628,13.529292992249937,19.367319344152733,C:\Users\cotjq\OneDrive\Desktop\python_code\Quantum Computing Lab\SVM_Data\alpha data\seed_44\alpha_seed44_run016_idx24_g2.40_B5_K3_xi1_C31.npz,20
44,16,25,5,3,1,2.5,31,0.94,0.7933333333333333,0.1466666666666666,0.9776,0.8647111111111111,0.11288888888888893,0.9729842799124668,0.8327173242537338,0.14026695565873304,0.35874373101695733,94.7295459840264,7.763770258502407,0.82,0.8876444444444445,0.8903618268208084,0.96,0.9728,0.9688966681627861,0.22666666666666668,0.21777777777777785,0.23825075437041954,0.3357844398463442,319.6976772621245,83.92934288548409,227.26604470318347,38.25144610171881,10.485555764946408,18.93378664340239,C:\Users\cotjq\OneDrive\Desktop\python_code\Quantum Computing Lab\SVM_Data\alpha data\seed_44\alpha_seed44_run016_idx25_g2.50_B5_K3_xi1_C31.npz,20
44,16,26,5,3,1,2.6,31,0.94,0.7933333333333333,0.1466666666666666,0.9776,0.8650666666666667,0.11253333333333337,0.9729842799124668,0.8375356656849922,0.13544861422747467,0.35978800464971283,95.75257908936644,7.67356102788604,0.8066666666666666,0.9036444444444445,0.9011922348896062,0.92,0.9824,0.9839497584541064,0.2333333333333334,0.18346666666666678,0.20185168744033777,0.4361949764927371,340.7295607231648,119.84391757173948,238.2427098944874,31.600965115512658,12.251269466343071,19.774277141391117,C:\Users\cotjq\OneDrive\Desktop\python_code\Quantum Computing Lab\SVM_Data\alpha data\seed_44\alpha_seed44_run016_idx26_g2.60_B5_K3_xi1_C31.npz,20
44,16,27,5,3,1,2.7,31,0.94,0.7866666666666666,0.15333333333333332,0.9792000000000001,0.8664888888888889,0.1127111111111112,0.9756509465791335,0.8393797664858986,0.1362711800932349,0.3616197567830418,98.02085729076086,7.569589742770514,0.8133333333333334,0.8828444444444444,0.8921923947705469,0.9,0.9743999999999999,0.9770386557886559,0.15333333333333332,0.14826666666666677,0.16913606348138877,0.3606012643152939,355.30133294787134,153.15328713835078,250.6295157690285,34.85071309813547,11.132770531584738,19.670767962370512,C:\Users\cotjq\OneDrive\Desktop\python_code\Quantum Computing Lab\SVM_Data\alpha data\seed_44\alpha_seed44_run016_idx27_g2.70_B5_K3_xi1_C31.npz,20
44,16,28,5,3,1,2.8,31,0.94,0.78,0.15999999999999992,0.9808,0.866311111111111,0.11448888888888897,0.9781509465791335,0.8406784986126505,0.13747244796648295,0.3648802382694566,101.13769808042768,7.484037538422587,0.8133333333333334,0.9011555555555555,0.9060340008399715,0.94,0.9792,0.9770735912397092,0.18666666666666676,0.15697777777777766,0.19314209997864484,0.4683295241695717,321.22608234753005,127.89832016821893,208.4488194650513,30.817719176808563,10.938409883672842,19.02714119414191,C:\Users\cotjq\OneDrive\Desktop\python_code\Quantum Computing Lab\SVM_Data\alpha data\seed_44\alpha_seed44_run016_idx28_g2.80_B5_K3_xi1_C31.npz,20
44,16,29,5,3,1,2.9,31,0.94,0.7733333333333333,0.16666666666666663,0.9808,0.8643555555555557,0.11644444444444435,0.9781509465791335,0.8391208580395922,0.13903008853954124,0.3689494345194845,103.54685749525677,7.413304810175276,0.8133333333333334,0.8928,0.8852931264153802,0.92,0.9807999999999999,0.9813942413408681,0.20000000000000007,0.21031111111111123,0.249068368254449,0.5357156933474008,335.9906424633474,147.14086092228777,229.9248006102203,25.69524329697969,10.592329401887593,19.259261642885527,C:\Users\cotjq\OneDrive\Desktop\python_code\Quantum Computing Lab\SVM_Data\alpha data\seed_44\alpha_seed44_run016_idx29_g2.90_B5_K3_xi1_C31.npz,20
44,17,0,5,3,1,0.0,31,0.5,0.5,0.0,0.5,0.5,0.0,0.5,0.5,0.0,0.0,-1.0097419586828951e-28,50.0,0.5,0.5,0.5,0.5,0.5,0.5,0.0,0.0,0.0,0.0,0.5,0.0,0.025,50.0,50.0,50.0,C:\Users\cotjq\OneDrive\Desktop\python_code\Quantum Computing Lab\SVM_Data\alpha data\seed_44\alpha_seed44_run017_idx00_g0.00_B5_K3_xi1_C31.npz,20
44,17,1,5,3,1,0.1,31,0.84,0.7666666666666667,0.07333333333333325,0.9344,0.8661333333333333,0.0682666666666667,0.9404859519565403,0.848163110503393,0.09232284145314729,0.11704885812190402,228.38105741405118,23.19621495493452,0.8266666666666667,0.9121777777777778,0.9048233881290133,0.84,0.9296,0.9403587647421319,0.1333333333333333,0.14222222222222214,0.17974111794303194,0.1089209834261281,228.71980087987427,127.26667140494476,174.6284207166612,33.56813029086584,25.140271925867975,28.89925414225241,C:\Users\cotjq\OneDrive\Desktop\python_code\Quantum Computing Lab\SVM_Data\alpha data\seed_44\alpha_seed44_run017_idx01_g0.10_B5_K3_xi1_C31.npz,20
44,17,2,5,3,1,0.2,31,0.88,0.8066666666666666,0.07333333333333336,0.9488000000000001,0.8922666666666667,0.056533333333333435,0.9513585296529239,0.8685758333167728,0.0827826963361511,0.12509523898395275,175.18249314917824,17.29259799480108,0.8666666666666667,0.9249777777777778,0.9025315961698528,0.88,0.9536,0.9588898876183656,0.15999999999999992,0.16497777777777778,0.19533406859706604,0.16602104898959935,351.1347631049884,122.52794942231827,233.89777504515655,30.803324576226355,17.273104472546525,21.986333137757107,C:\Users\cotjq\OneDrive\Desktop\python_code\Quantum Computing Lab\SVM_Data\alpha data\seed_44\alpha_seed44_run017_idx02_g0.20_B5_K3_xi1_C31.npz,20
44,17,3,5,3,1,0.3,31,0.88,0.8066666666666666,0.07333333333333336,0.9648,0.8981333333333335,0.06666666666666654,0.9649868006606398,0.8766116205431189,0.08837518011752088,0.14051579389435848,145.98951634135295,15.404328543836913,0.86,0.9205333333333333,0.8949919032005832,0.9,0.9728,0.9691317295642643,0.1266666666666667,0.12071111111111121,0.18780251078855204,0.19514071499073976,336.39697230293274,144.7594620404514,244.22233381939753,42.44008093177693,13.372120639928188,22.320675126261577,C:\Users\cotjq\OneDrive\Desktop\python_code\Quantum Computing Lab\SVM_Data\alpha data\seed_44\alpha_seed44_run017_idx03_g0.30_B5_K3_xi1_C31.npz,20
44,17,4,5,3,1,0.4,31,0.9,0.8133333333333334,0.08666666666666667,0.9712000000000001,0.8917333333333334,0.07946666666666669,0.9659035310317179,0.8722865664318659,0.09361696459985203,0.18489741895697243,156.10066059701515,13.327616246321597,0.8466666666666667,0.9059555555555556,0.8854295753198175,0.88,0.9663999999999999,0.965740248815476,0.12,0.12497777777777785,0.18281006589109905,0.16739994711871775,354.39149430950187,131.53427999297253,289.11052352651217,26.159773767208396,13.996394969367682,17.080844379704672,C:\Users\cotjq\OneDrive\Desktop\python_code\Quantum Computing Lab\SVM_Data\alpha data\seed_44\alpha_seed44_run017_idx04_g0.40_B5_K3_xi1_C31.npz,20
44,17,5,5,3,1,0.5,31,0.9,0.82,0.08000000000000007,0.9696,0.8942222222222224,0.07537777777777765,0.9643093281331672,0.8747770010911495,0.08953232704201763,0.1837385832775913,128.23843792865944,12.977071320186983,0.8466666666666667,0.9098666666666667,0.8936760271345835,0.9,0.9712000000000001,0.9712141034658197,0.16666666666666663,0.1358222222222223,0.20562441541210075,0.3334436079756433,438.27549960471623,249.82768751549204,357.62660047776814,29.974162500432676,11.427312558197595,18.11175494792264,C:\Users\cotjq\OneDrive\Desktop\python_code\Quantum Computing Lab\SVM_Data\alpha data\seed_44\alpha_seed44_run017_idx05_g0.50_B5_K3_xi1_C31.npz,20
44,17,6,5,3,1,0.6,31,0.9,0.82,0.08000000000000007,0.9744,0.8986666666666667,0.07573333333333332,0.9701281952563822,0.8769713839522585,0.09315681130412368,0.20173444796027318,131.01376981894327,11.628934726106454,0.84,0.9018666666666667,0.8918896114393735,0.92,0.9792000000000001,0.9756509465791335,0.17333333333333334,0.13031111111111104,0.1698660823817536,0.28909860278572297,538.6854948584028,235.15692679208405,389.99024894309866,42.933890568062566,11.402193934694312,21.379432508752167,C:\Users\cotjq\OneDrive\Desktop\python_code\Quantum Computing Lab\SVM_Data\alpha data\seed_44\alpha_seed44_run017_idx06_g0.60_B5_K3_xi1_C31.npz,20
44,17,7,5,3,1,0.7,31,0.94,0.8133333333333334,0.1266666666666666,0.9808,0.8967111111111111,0.08408888888888888,0.9758857044138913,0.8731112141568141,0.10277449025707719,0.22268819345745533,129.09856402549678,10.80975391995792,0.86,0.9162666666666667,0.8896846298431949,0.92,0.9743999999999999,0.9723331376569767,0.18000000000000005,0.1644444444444444,0.25316787152643827,0.46397390265406685,529.3049122052213,306.44650982620357,388.7541872422347,36.277655630844905,11.197994562627631,18.10611095643852,C:\Users\cotjq\OneDrive\Desktop\python_code\Quantum Computing Lab\SVM_Data\alpha data\seed_44\alpha_seed44_run017_idx07_g0.70_B5_K3_xi1_C31.npz,20
44,17,8,5,3,1,0.8,31,0.94,0.8,0.1399999999999999,0.9792,0.8864000000000001,0.09279999999999988,0.9730285615567484,0.8541816915999213,0.11884686995682714,0.2673566961828829,132.7749073934835,9.832595053952126,0.8266666666666667,0.9064888888888889,0.9038154974514955,0.92,0.976,0.975048754638402,0.13333333333333341,0.1372444444444444,0.21769557824541053,0.3878138681801254,513.4194560114566,186.58289139863928,371.5731048287479,38.89178284711044,10.6372164969437,19.651812346664563,C:\Users\cotjq\OneDrive\Desktop\python_code\Quantum Computing Lab\SVM_Data\alpha data\seed_44\alpha_seed44_run017_idx08_g0.80_B5_K3_xi1_C31.npz,20
44,17,9,5,3,1,0.9,31,0.94,0.8,0.1399999999999999,0.9792,0.8830222222222223,0.0961777777777777,0.9730285615567484,0.8490021331204723,0.12402642843627609,0.2793313853381394,128.42888161940573,9.66319555756844,0.8333333333333334,0.9020444444444444,0.8789235086729544,0.92,0.976,0.9757249152346961,0.15333333333333332,0.13155555555555554,0.1785638090235322,0.39168623999056396,455.4938330645825,186.1000433747789,355.30986542955253,36.09354531819233,11.2923883293201,18.109022733401257,C:\Users\cotjq\OneDrive\Desktop\python_code\Quantum Computing Lab\SVM_Data\alpha data\seed_44\alpha_seed44_run017_idx09_g0.90_B5_K3_xi1_C31.npz,20
44,17,10,5,3,1,1.0,31,0.94,0.8,0.1399999999999999,0.9792,0.8856888888888889,0.0935111111111111,0.9730285615567484,0.850738510602184,0.12229005095456447,0.2814507240963103,124.71810226269153,9.457329041394205,0.8333333333333334,0.9103999999999999,0.890135129542615,0.94,0.9728,0.9751606364649843,0.18666666666666665,0.15182222222222208,0.16694213768506683,0.3357140748289613,497.6984635582422,234.49712230767142,376.2122286273656,34.84148215104054,11.346698634045277,18.175811978775847,C:\Users\cotjq\OneDrive\Desktop\python_code\Quantum Computing Lab\SVM_Data\alpha data\seed_44\alpha_seed44_run017_idx10_g1.00_B5_K3_xi1_C31.npz,20
44,17,11,5,3,1,1.1,31,0.92,0.8,0.12,0.9792,0.8871111111111111,0.09208888888888889,0.9730285615567484,0.8526020327421364,0.12042652881461202,0.28360635914711596,126.50904534724759,9.233637894482877,0.86,0.9262222222222223,0.9101285185971968,0.92,0.9743999999999999,0.9783657646701125,0.16000000000000003,0.1539555555555555,0.19611394395892257,0.20060806666113917,459.4643649865426,268.537616668037,359.0507638002799,32.211854410917226,11.74469105047819,18.37621250699295,C:\Users\cotjq\OneDrive\Desktop\python_code\Quantum Computing Lab\SVM_Data\alpha data\seed_44\alpha_seed44_run017_idx11_g1.10_B5_K3_xi1_C31.npz,20
44,17,12,5,3,1,1.2,31,0.92,0.8,0.12,0.9792,0.8846222222222223,0.09457777777777765,0.9730285615567484,0.8492694788533237,0.12375908270342473,0.28566036203891254,118.29981224761431,9.220003327531149,0.84,0.9036444444444445,0.9035359094554972,0.94,0.9744,0.9767357464125082,0.19333333333333336,0.1756444444444445,0.21427952171329578,0.4162950437871496,490.3878561692343,299.80428581091905,377.67600319631777,36.103603977217574,10.613405992899985,18.996827327526628,C:\Users\cotjq\OneDrive\Desktop\python_code\Quantum Computing Lab\SVM_Data\alpha data\seed_44\alpha_seed44_run017_idx12_g1.20_B5_K3_xi1_C31.npz,20
44,17,13,5,3,1,1.3,31,0.92,0.7933333333333333,0.1266666666666667,0.9808,0.8856888888888889,0.09511111111111115,0.9758857044138913,0.8435994545730868,0.1322862498408045,0.292414065555887,118.94212918613239,8.822718594826604,0.8133333333333334,0.8976,0.8749585437020027,0.92,0.9808,0.9781509465791335,0.16666666666666663,0.14879999999999993,0.19873765214379147,0.40806425732719814,440.11009251201716,154.34807332336555,345.54552598100094,35.631185375246254,9.556645504801251,17.635713356770303,C:\Users\cotjq\OneDrive\Desktop\python_code\Quantum Computing Lab\SVM_Data\alpha data\seed_44\alpha_seed44_run017_idx13_g1.30_B5_K3_xi1_C31.npz,20
44,17,14,5,3,1,1.4,31,0.94,0.8,0.1399999999999999,0.9808,0.8849777777777779,0.09582222222222214,0.9758857044138913,0.842262779968217,0.13362292444567436,0.3001153904168513,120.95412781910287,8.440379115367996,0.84,0.9128888888888889,0.8987073268059592,0.92,0.9728,0.9739700655166923,0.18666666666666665,0.16871111111111115,0.23762716944867368,0.27092219417958574,466.8266646974844,211.5008553187975,344.5208370346953,25.904364158934833,11.805819855810086,17.502730361225353,C:\Users\cotjq\OneDrive\Desktop\python_code\Quantum Computing Lab\SVM_Data\alpha data\seed_44\alpha_seed44_run017_idx14_g1.40_B5_K3_xi1_C31.npz,20
44,17,15,5,3,1,1.5,31,0.94,0.8,0.1399999999999999,0.9808,0.8833777777777778,0.09742222222222219,0.9758857044138913,0.8398925854237905,0.1359931189901008,0.3076483138485647,115.22847399186671,8.380810973885037,0.8333333333333334,0.888888888888889,0.8869014069070111,0.92,0.976,0.9746860788334473,0.16666666666666663,0.21244444444444432,0.2715278616453781,0.2567441885625966,474.1553439770902,240.53748464814652,345.3107922953967,27.255287604833487,12.138941795970563,17.933054232742506,C:\Users\cotjq\OneDrive\Desktop\python_code\Quantum Computing Lab\SVM_Data\alpha data\seed_44\alpha_seed44_run017_idx15_g1.50_B5_K3_xi1_C31.npz,20
44,17,16,5,3,1,1.6,31,0.94,0.8,0.1399999999999999,0.9808,0.8785777777777778,0.10222222222222221,0.9758857044138913,0.8348174596929117,0.14106824472097967,0.31890304074558784,110.5819572819053,8.289771775016389,0.8066666666666666,0.8947555555555555,0.892731674565677,0.94,0.9776,0.9783666525045835,0.19999999999999996,0.2168888888888889,0.28944909064308344,0.3618070186990604,396.61561724770587,224.1975826826864,335.9477297901597,32.54208182238432,12.352256992330428,17.72709696966564,C:\Users\cotjq\OneDrive\Desktop\python_code\Quantum Computing Lab\SVM_Data\alpha data\seed_44\alpha_seed44_run017_idx16_g1.60_B5_K3_xi1_C31.npz,20
44,17,17,5,3,1,1.7,31,0.94,0.7933333333333333,0.1466666666666666,0.9808,0.8741333333333333,0.10666666666666669,0.9758857044138913,0.8287919435479508,0.1470937608659405,0.3319903799571792,106.94611507565918,8.165245783816175,0.8266666666666667,0.9052444444444445,0.8973474299421407,0.94,0.9728,0.9729915480768475,0.17999999999999994,0.16604444444444444,0.22562890355787824,0.25318143880041877,471.03449734047933,130.50220301008903,314.08708364290646,32.0021674681269,10.777133110138688,19.104482876240247,C:\Users\cotjq\OneDrive\Desktop\python_code\Quantum Computing Lab\SVM_Data\alpha data\seed_44\alpha_seed44_run017_idx17_g1.70_B5_K3_xi1_C31.npz,20
44,17,18,5,3,1,1.8,31,0.94,0.7933333333333333,0.1466666666666666,0.9792,0.8712888888888889,0.10791111111111107,0.9730285615567484,0.833111728624413,0.13991683293233548,0.3432652947744218,104.06377203041191,7.973678048235762,0.82,0.9022222222222223,0.8873262741832469,0.94,0.9856,0.9849855448898928,0.20666666666666667,0.21119999999999994,0.30050458590719553,0.542965293390069,416.12057598315073,233.2223655075273,330.42705566579633,28.535938630639247,7.372462986627406,17.834279795061796,C:\Users\cotjq\OneDrive\Desktop\python_code\Quantum Computing Lab\SVM_Data\alpha data\seed_44\alpha_seed44_run017_idx18_g1.80_B5_K3_xi1_C31.npz,20
44,17,19,5,3,1,1.9,31,0.94,0.7866666666666666,0.15333333333333332,0.9792,0.8672000000000001,0.11199999999999988,0.9730285615567484,0.8323653687622186,0.14066319279452988,0.34909609638307865,102.01234217574859,7.967228486235931,0.8133333333333334,0.9068444444444443,0.9037593181835073,0.92,0.9696,0.96887691645882,0.2333333333333334,0.17155555555555546,0.21700351462505107,0.5623080734381987,393.2135674476146,184.25418398876306,303.1425981612666,34.151957368518396,12.96189739675588,19.09512772792609,C:\Users\cotjq\OneDrive\Desktop\python_code\Quantum Computing Lab\SVM_Data\alpha data\seed_44\alpha_seed44_run017_idx19_g1.90_B5_K3_xi1_C31.npz,20
44,17,20,5,3,1,2.0,31,0.94,0.8066666666666666,0.1333333333333333,0.9792000000000001,0.8664888888888889,0.1127111111111112,0.9744612029893899,0.8245025780952813,0.1499586248941086,0.3503790810859847,101.04349475294231,8.071696585371896,0.8466666666666667,0.9104,0.9084062990140257,0.9,0.9615999999999999,0.9662624360624361,0.20000000000000007,0.2241777777777778,0.29465719780889543,0.16164127520200355,457.4102654833795,250.28325659210714,332.6232238122309,27.57221438263643,14.693975480820209,19.46604154953696,C:\Users\cotjq\OneDrive\Desktop\python_code\Quantum Computing Lab\SVM_Data\alpha data\seed_44\alpha_seed44_run017_idx20_g2.00_B5_K3_xi1_C31.npz,20
44,17,21,5,3,1,2.1,31,0.94,0.8066666666666666,0.1333333333333333,0.9792000000000001,0.8640000000000001,0.11519999999999997,0.9744612029893899,0.8190617804590359,0.155399422530354,0.3518951675014628,98.81162770727036,8.076227834643843,0.82,0.8976,0.890149630628898,0.92,0.976,0.9800281898266554,0.23333333333333328,0.20053333333333323,0.262508233818862,0.29597604934104527,409.66797131766566,150.1810935300453,290.0986536480453,31.741190629819847,12.253618215086924,17.85561535908416,C:\Users\cotjq\OneDrive\Desktop\python_code\Quantum Computing Lab\SVM_Data\alpha data\seed_44\alpha_seed44_run017_idx21_g2.10_B5_K3_xi1_C31.npz,20
44,17,22,5,3,1,2.2,31,0.94,0.8,0.1399999999999999,0.976,0.8645333333333333,0.11146666666666671,0.9701271370553239,0.8247376759247187,0.14538946113060525,0.35476141330237043,96.46465578222426,7.9026475836352805,0.8,0.8808888888888889,0.8698557660307293,0.92,0.9743999999999999,0.9778314323357802,0.16000000000000003,0.18151111111111118,0.2226855718582622,0.47583395875974355,341.7411448579868,164.03814565163728,273.2645275774367,26.127522968583357,12.260185163847213,19.495005170073917,C:\Users\cotjq\OneDrive\Desktop\python_code\Quantum Computing Lab\SVM_Data\alpha data\seed_44\alpha_seed44_run017_idx22_g2.20_B5_K3_xi1_C31.npz,20
44,17,23,5,3,1,2.3,31,0.94,0.7933333333333333,0.1466666666666666,0.9776,0.8643555555555557,0.11324444444444437,0.9729842799124668,0.8294192696957261,0.14356501021674073,0.3564880661281826,95.2423559146679,7.8114141648789,0.82,0.896888888888889,0.8995850424189172,0.92,0.9616,0.9631321717463004,0.16666666666666674,0.19662222222222214,0.2938227471098306,0.485824395285243,362.803673107516,155.77727248802785,291.5577322769451,28.10536270405061,13.137827871517839,20.059759110565075,C:\Users\cotjq\OneDrive\Desktop\python_code\Quantum Computing Lab\SVM_Data\alpha data\seed_44\alpha_seed44_run017_idx23_g2.30_B5_K3_xi1_C31.npz,20
44,17,24,5,3,1,2.4,31,0.94,0.7933333333333333,0.1466666666666666,0.9776,0.8647111111111112,0.11288888888888882,0.9729842799124668,0.8315335852382023,0.14145069467426452,0.35699014785554417,94.65727867812994,7.784781267562035,0.8466666666666667,0.8965333333333334,0.8994461786227043,0.94,0.9776,0.9766157433718076,0.23333333333333328,0.19182222222222223,0.24646996630760443,0.3558891739232127,366.98662956891894,178.30181558007592,258.83099941440423,35.26345136335306,11.105682402772397,21.47694769397876,C:\Users\cotjq\OneDrive\Desktop\python_code\Quantum Computing Lab\SVM_Data\alpha data\seed_44\alpha_seed44_run017_idx24_g2.40_B5_K3_xi1_C31.npz,20
44,17,25,5,3,1,2.5,31,0.94,0.7933333333333333,0.1466666666666666,0.9776,0.8647111111111111,0.11288888888888893,0.9729842799124668,0.8327173242537338,0.14026695565873304,0.35874373101695733,94.7295459840264,7.763770258502407,0.7866666666666666,0.8817777777777779,0.887346565795081,0.92,0.9648,0.9650862971530574,0.20000000000000007,0.17795555555555542,0.2174298174549555,0.24636117060634605,386.036197159504,112.6416670234677,252.78887557362106,31.857211727191316,13.619279443339686,20.180929305945217,C:\Users\cotjq\OneDrive\Desktop\python_code\Quantum Computing Lab\SVM_Data\alpha data\seed_44\alpha_seed44_run017_idx25_g2.50_B5_K3_xi1_C31.npz,20
44,17,26,5,3,1,2.6,31,0.94,0.7933333333333333,0.1466666666666666,0.9776,0.8650666666666667,0.11253333333333337,0.9729842799124668,0.8375356656849922,0.13544861422747467,0.35978800464971283,95.75257908936644,7.67356102788604,0.84,0.9064888888888889,0.8921770688222587,0.92,0.9807999999999999,0.9801718315614789,0.21333333333333337,0.19200000000000006,0.24183412172800767,0.5667292886575243,388.39461249329236,77.14816628155927,218.21688948988148,25.712525610279066,11.41882152385676,17.30496422253055,C:\Users\cotjq\OneDrive\Desktop\python_code\Quantum Computing Lab\SVM_Data\alpha data\seed_44\alpha_seed44_run017_idx26_g2.60_B5_K3_xi1_C31.npz,20
44,17,27,5,3,1,2.7,31,0.94,0.7866666666666666,0.15333333333333332,0.9792000000000001,0.8664888888888889,0.1127111111111112,0.9756509465791335,0.8393797664858986,0.1362711800932349,0.3616197567830418,98.02085729076086,7.569589742770514,0.8,0.8785777777777778,0.8737833192951987,0.94,0.9776,0.9820887083930563,0.22666666666666657,0.1802666666666668,0.2412273448875475,0.46095250948934025,315.99850469963417,94.61911674688369,209.004069667372,34.683217180913466,10.246534931293247,18.057615121569835,C:\Users\cotjq\OneDrive\Desktop\python_code\Quantum Computing Lab\SVM_Data\alpha data\seed_44\alpha_seed44_run017_idx27_g2.70_B5_K3_xi1_C31.npz,20
44,17,28,5,3,1,2.8,31,0.94,0.78,0.15999999999999992,0.9808,0.866311111111111,0.11448888888888897,0.9781509465791335,0.8406784986126505,0.13747244796648295,0.3648802382694566,101.13769808042768,7.484037538422587,0.82,0.9011555555555556,0.8907723769435842,0.94,0.9664,0.9689407867494824,0.17333333333333334,0.1578666666666667,0.18501339757956092,0.2901308673385803,303.17019012064435,84.66424809834605,222.5588500415045,26.424244194134765,11.787971335866759,19.065564083678062,C:\Users\cotjq\OneDrive\Desktop\python_code\Quantum Computing Lab\SVM_Data\alpha data\seed_44\alpha_seed44_run017_idx28_g2.80_B5_K3_xi1_C31.npz,20
44,17,29,5,3,1,2.9,31,0.94,0.7733333333333333,0.16666666666666663,0.9808,0.8643555555555557,0.11644444444444435,0.9781509465791335,0.8391208580395922,0.13903008853954124,0.3689494345194845,103.54685749525677,7.413304810175276,0.84,0.8837333333333333,0.8728322323474572,0.92,0.9808,0.9830309845077463,0.17333333333333334,0.1692444444444443,0.18974238919391473,0.41691649286443877,304.41581560983167,110.2097649366302,204.1427160158455,30.668199354061052,10.736726068215717,17.551026984342027,C:\Users\cotjq\OneDrive\Desktop\python_code\Quantum Computing Lab\SVM_Data\alpha data\seed_44\alpha_seed44_run017_idx29_g2.90_B5_K3_xi1_C31.npz,20
44,18,0,5,3,1,0.0,31,0.5,0.5,0.0,0.5,0.5,0.0,0.5,0.5,0.0,0.0,-1.0097419586828951e-28,50.0,0.5,0.5,0.5,0.5,0.5,0.5,0.0,0.0,0.0,0.0,0.5,0.0,0.175,50.0,50.0,50.0,C:\Users\cotjq\OneDrive\Desktop\python_code\Quantum Computing Lab\SVM_Data\alpha data\seed_44\alpha_seed44_run018_idx00_g0.00_B5_K3_xi1_C31.npz,20
44,18,1,5,3,1,0.1,31,0.84,0.7666666666666667,0.07333333333333325,0.9344,0.8661333333333333,0.0682666666666667,0.9404859519565403,0.848163110503393,0.09232284145314729,0.11704885812190402,228.38105741405118,23.19621495493452,0.7866666666666666,0.8862222222222222,0.8699951531512753,0.86,0.9471999999999999,0.9525938689499331,0.16666666666666663,0.15217777777777775,0.17401796388507607,0.1661132914168824,272.6965720996871,117.22920646913344,173.20639133545606,36.3458082990997,24.222894208957776,28.119997835704602,C:\Users\cotjq\OneDrive\Desktop\python_code\Quantum Computing Lab\SVM_Data\alpha data\seed_44\alpha_seed44_run018_idx01_g0.10_B5_K3_xi1_C31.npz,20
44,18,2,5,3,1,0.2,31,0.88,0.8066666666666666,0.07333333333333336,0.9488000000000001,0.8922666666666667,0.056533333333333435,0.9513585296529239,0.8685758333167728,0.0827826963361511,0.12509523898395275,175.18249314917824,17.29259799480108,0.82,0.8986666666666666,0.8882425515256681,0.88,0.9568,0.960569399391995,0.15999999999999992,0.1617777777777777,0.20283794758183948,0.14050173967694707,301.13727638392334,168.11963604771825,218.1634138854718,26.60622848025978,16.865875115138678,21.117898408223283,C:\Users\cotjq\OneDrive\Desktop\python_code\Quantum Computing Lab\SVM_Data\alpha data\seed_44\alpha_seed44_run018_idx02_g0.20_B5_K3_xi1_C31.npz,20
44,18,3,5,3,1,0.3,31,0.88,0.8066666666666666,0.07333333333333336,0.9648,0.8981333333333335,0.06666666666666654,0.9649868006606398,0.8766116205431189,0.08837518011752088,0.14051579389435848,145.98951634135295,15.404328543836913,0.86,0.9141333333333334,0.9053181224380925,0.92,0.968,0.9691931901129724,0.11333333333333329,0.13760000000000006,0.19495328812617763,0.1334466746377969,384.7781336258205,128.74998669215074,265.98249987635074,31.86512262139309,13.57922742745027,20.861747052881164,C:\Users\cotjq\OneDrive\Desktop\python_code\Quantum Computing Lab\SVM_Data\alpha data\seed_44\alpha_seed44_run018_idx03_g0.30_B5_K3_xi1_C31.npz,20
44,18,4,5,3,1,0.4,31,0.9,0.8133333333333334,0.08666666666666667,0.9712000000000001,0.8917333333333334,0.07946666666666669,0.9659035310317179,0.8722865664318659,0.09361696459985203,0.18489741895697243,156.10066059701515,13.327616246321597,0.8533333333333334,0.9171555555555555,0.8926926846908704,0.92,0.9696,0.9679280258605606,0.14666666666666672,0.11804444444444451,0.1522957158403767,0.2080189347391626,443.9039321025685,164.72434864025922,303.70946312877174,60.683545752534904,12.369836180750262,20.385954343659794,C:\Users\cotjq\OneDrive\Desktop\python_code\Quantum Computing Lab\SVM_Data\alpha data\seed_44\alpha_seed44_run018_idx04_g0.40_B5_K3_xi1_C31.npz,20
44,18,5,5,3,1,0.5,31,0.9,0.82,0.08000000000000007,0.9696,0.8942222222222224,0.07537777777777765,0.9643093281331672,0.8747770010911495,0.08953232704201763,0.1837385832775913,128.23843792865944,12.977071320186983,0.86,0.9114666666666666,0.8889220852292238,0.92,0.9728,0.9751920864964344,0.16000000000000003,0.16764444444444426,0.212200175893968,0.18427374945988811,440.00049238149666,221.6448117267321,336.5895231850179,30.603590427467992,12.163264728960957,18.69108981171195,C:\Users\cotjq\OneDrive\Desktop\python_code\Quantum Computing Lab\SVM_Data\alpha data\seed_44\alpha_seed44_run018_idx05_g0.50_B5_K3_xi1_C31.npz,20
44,18,6,5,3,1,0.6,31,0.9,0.82,0.08000000000000007,0.9744,0.8986666666666667,0.07573333333333332,0.9701281952563822,0.8769713839522585,0.09315681130412368,0.20173444796027318,131.01376981894327,11.628934726106454,0.8466666666666667,0.9068444444444445,0.900033334416004,0.96,0.9823999999999999,0.9806580595097758,0.1333333333333333,0.13439999999999996,0.1632464789067012,0.2774279025834956,485.1166822587288,167.72181325520168,354.4099672841951,26.0137715368505,10.874787798865999,18.669624204252074,C:\Users\cotjq\OneDrive\Desktop\python_code\Quantum Computing Lab\SVM_Data\alpha data\seed_44\alpha_seed44_run018_idx06_g0.60_B5_K3_xi1_C31.npz,20
44,18,7,5,3,1,0.7,31,0.94,0.8133333333333334,0.1266666666666666,0.9808,0.8967111111111111,0.08408888888888888,0.9758857044138913,0.8731112141568141,0.10277449025707719,0.22268819345745533,129.09856402549678,10.80975391995792,0.8333333333333334,0.9002666666666667,0.891206996717834,0.94,0.976,0.9716615285897156,0.15333333333333332,0.17937777777777775,0.2429211772085178,0.3807427659768518,459.37991322252674,270.2003147829032,373.05644138089247,32.50796548377347,9.88476836786639,18.927023041933957,C:\Users\cotjq\OneDrive\Desktop\python_code\Quantum Computing Lab\SVM_Data\alpha data\seed_44\alpha_seed44_run018_idx07_g0.70_B5_K3_xi1_C31.npz,20
44,18,8,5,3,1,0.8,31,0.94,0.8,0.1399999999999999,0.9792,0.8864000000000001,0.09279999999999988,0.9730285615567484,0.8541816915999213,0.11884686995682714,0.2673566961828829,132.7749073934835,9.832595053952126,0.8466666666666667,0.8988444444444444,0.8964278746916761,0.92,0.9776,0.9768001840519003,0.16666666666666663,0.1431111111111112,0.2226243639906712,0.3383450699443928,538.8055293175114,212.37711463465016,398.74993713032916,38.21128269708845,11.052628218233426,20.7199446480283,C:\Users\cotjq\OneDrive\Desktop\python_code\Quantum Computing Lab\SVM_Data\alpha data\seed_44\alpha_seed44_run018_idx08_g0.80_B5_K3_xi1_C31.npz,20
44,18,9,5,3,1,0.9,31,0.94,0.8,0.1399999999999999,0.9792,0.8830222222222223,0.0961777777777777,0.9730285615567484,0.8490021331204723,0.12402642843627609,0.2793313853381394,128.42888161940573,9.66319555756844,0.8666666666666667,0.9237333333333333,0.8986014973562539,0.94,0.976,0.975838579437045,0.18666666666666665,0.12888888888888872,0.1495388325988034,0.37920830293383445,536.4554008503715,324.311476342877,406.6305719482437,31.466300032800085,10.76736369262677,18.498140699868323,C:\Users\cotjq\OneDrive\Desktop\python_code\Quantum Computing Lab\SVM_Data\alpha data\seed_44\alpha_seed44_run018_idx09_g0.90_B5_K3_xi1_C31.npz,20
44,18,10,5,3,1,1.0,31,0.94,0.8,0.1399999999999999,0.9792,0.8856888888888889,0.0935111111111111,0.9730285615567484,0.850738510602184,0.12229005095456447,0.2814507240963103,124.71810226269153,9.457329041394205,0.86,0.9141333333333334,0.900908864841002,0.9,0.9744,0.9730797215079084,0.17333333333333334,0.14791111111111122,0.1874706069242077,0.38204785662082263,510.49148882031784,273.9643497259111,392.1175295963794,34.84850177253941,11.692044719797622,18.72446265983434,C:\Users\cotjq\OneDrive\Desktop\python_code\Quantum Computing Lab\SVM_Data\alpha data\seed_44\alpha_seed44_run018_idx10_g1.00_B5_K3_xi1_C31.npz,20
44,18,11,5,3,1,1.1,31,0.92,0.8,0.12,0.9792,0.8871111111111111,0.09208888888888889,0.9730285615567484,0.8526020327421364,0.12042652881461202,0.28360635914711596,126.50904534724759,9.233637894482877,0.8266666666666667,0.9064888888888888,0.905376204450115,0.92,0.9696,0.9681976337036979,0.17333333333333334,0.15626666666666666,0.21662797728230443,0.3256196744869261,453.7703363025671,197.27458835441348,372.8687622748463,24.280636210567735,11.341078394065246,17.506772930267328,C:\Users\cotjq\OneDrive\Desktop\python_code\Quantum Computing Lab\SVM_Data\alpha data\seed_44\alpha_seed44_run018_idx11_g1.10_B5_K3_xi1_C31.npz,20
44,18,12,5,3,1,1.2,31,0.92,0.8,0.12,0.9792,0.8846222222222223,0.09457777777777765,0.9730285615567484,0.8492694788533237,0.12375908270342473,0.28566036203891254,118.29981224761431,9.220003327531149,0.8666666666666667,0.9258666666666666,0.897790583333315,0.94,0.9743999999999999,0.9748702100969717,0.17333333333333334,0.14595555555555562,0.22792472999844693,0.38520622766947066,521.7257148133061,213.9081713234139,354.4430993330512,31.396215475042165,10.112227095613614,18.700801852324748,C:\Users\cotjq\OneDrive\Desktop\python_code\Quantum Computing Lab\SVM_Data\alpha data\seed_44\alpha_seed44_run018_idx12_g1.20_B5_K3_xi1_C31.npz,20
44,18,13,5,3,1,1.3,31,0.92,0.7933333333333333,0.1266666666666667,0.9808,0.8856888888888889,0.09511111111111115,0.9758857044138913,0.8435994545730868,0.1322862498408045,0.292414065555887,118.94212918613239,8.822718594826604,0.8333333333333334,0.8947555555555556,0.8991920931194324,0.92,0.9728,0.9754663377244024,0.16666666666666674,0.1319111111111112,0.20067177277442094,0.37980513944628363,509.49980164434186,224.31243358564768,356.4136914160923,27.917927209247683,12.11829256543037,18.145817648165256,C:\Users\cotjq\OneDrive\Desktop\python_code\Quantum Computing Lab\SVM_Data\alpha data\seed_44\alpha_seed44_run018_idx13_g1.30_B5_K3_xi1_C31.npz,20
44,18,14,5,3,1,1.4,31,0.94,0.8,0.1399999999999999,0.9808,0.8849777777777779,0.09582222222222214,0.9758857044138913,0.842262779968217,0.13362292444567436,0.3001153904168513,120.95412781910287,8.440379115367996,0.8333333333333334,0.9100444444444444,0.8951392791448463,0.9,0.9728000000000001,0.9748815274902232,0.17333333333333334,0.18151111111111107,0.2731710324098646,0.31889779688728936,462.0113926688365,175.07755762511863,335.93665215074907,23.91744645000084,11.997870411543763,18.44809056770476,C:\Users\cotjq\OneDrive\Desktop\python_code\Quantum Computing Lab\SVM_Data\alpha data\seed_44\alpha_seed44_run018_idx14_g1.40_B5_K3_xi1_C31.npz,20
44,18,15,5,3,1,1.5,31,0.94,0.8,0.1399999999999999,0.9808,0.8833777777777778,0.09742222222222219,0.9758857044138913,0.8398925854237905,0.1359931189901008,0.3076483138485647,115.22847399186671,8.380810973885037,0.8333333333333334,0.8983111111111112,0.8920502858707364,0.94,0.9824,0.9796278696560565,0.20666666666666667,0.2049777777777777,0.2673219670402359,0.3091525026014075,470.39382078220774,215.48269503567525,337.59078693899926,32.090282532657554,9.754122004776622,18.641315637367015,C:\Users\cotjq\OneDrive\Desktop\python_code\Quantum Computing Lab\SVM_Data\alpha data\seed_44\alpha_seed44_run018_idx15_g1.50_B5_K3_xi1_C31.npz,20
44,18,16,5,3,1,1.6,31,0.94,0.8,0.1399999999999999,0.9808,0.8785777777777778,0.10222222222222221,0.9758857044138913,0.8348174596929117,0.14106824472097967,0.31890304074558784,110.5819572819053,8.289771775016389,0.8133333333333334,0.8967111111111111,0.8838043244707758,0.9,0.9632000000000001,0.9661734247234248,0.16000000000000003,0.1962666666666667,0.2784306980326021,0.26499057766811174,418.1858525508573,236.9776877261333,313.21213372484056,39.19398951367583,14.767864114913188,21.805350873779318,C:\Users\cotjq\OneDrive\Desktop\python_code\Quantum Computing Lab\SVM_Data\alpha data\seed_44\alpha_seed44_run018_idx16_g1.60_B5_K3_xi1_C31.npz,20
44,18,17,5,3,1,1.7,31,0.94,0.7933333333333333,0.1466666666666666,0.9808,0.8741333333333333,0.10666666666666669,0.9758857044138913,0.8287919435479508,0.1470937608659405,0.3319903799571792,106.94611507565918,8.165245783816175,0.82,0.8924444444444445,0.8761576848951702,0.9,0.9744,0.9732706942180627,0.20666666666666667,0.1943111111111111,0.27419044605613463,0.3863060647337027,409.02978968534273,203.71042560135822,321.2515307406644,39.7181149236258,11.316560848633575,19.81761960161025,C:\Users\cotjq\OneDrive\Desktop\python_code\Quantum Computing Lab\SVM_Data\alpha data\seed_44\alpha_seed44_run018_idx17_g1.70_B5_K3_xi1_C31.npz,20
44,18,18,5,3,1,1.8,31,0.94,0.7933333333333333,0.1466666666666666,0.9792,0.8712888888888889,0.10791111111111107,0.9730285615567484,0.833111728624413,0.13991683293233548,0.3432652947744218,104.06377203041191,7.973678048235762,0.8133333333333334,0.8990222222222222,0.8892996139326945,0.92,0.984,0.981052371080558,0.19999999999999996,0.19182222222222234,0.28264907957263796,0.5791576574245226,418.97027039168245,199.08078295214753,310.2398634584022,32.91744107485549,10.383650548768252,18.79792754419441,C:\Users\cotjq\OneDrive\Desktop\python_code\Quantum Computing Lab\SVM_Data\alpha data\seed_44\alpha_seed44_run018_idx18_g1.80_B5_K3_xi1_C31.npz,20
44,18,19,5,3,1,1.9,31,0.94,0.7866666666666666,0.15333333333333332,0.9792,0.8672000000000001,0.11199999999999988,0.9730285615567484,0.8323653687622186,0.14066319279452988,0.34909609638307865,102.01234217574859,7.967228486235931,0.8333333333333334,0.9185777777777778,0.905970898716363,0.92,0.9743999999999999,0.9744714338801297,0.19333333333333336,0.20213333333333328,0.28395125398501353,0.3757753196832275,376.5227254929097,180.0920790502728,297.32258070427224,25.43397271028406,11.124518867656274,17.529475792176164,C:\Users\cotjq\OneDrive\Desktop\python_code\Quantum Computing Lab\SVM_Data\alpha data\seed_44\alpha_seed44_run018_idx19_g1.90_B5_K3_xi1_C31.npz,20
44,18,20,5,3,1,2.0,31,0.94,0.8066666666666666,0.1333333333333333,0.9792000000000001,0.8664888888888889,0.1127111111111112,0.9744612029893899,0.8245025780952813,0.1499586248941086,0.3503790810859847,101.04349475294231,8.071696585371896,0.8333333333333334,0.9070222222222223,0.8929876375375109,0.9,0.9808,0.9794265324161797,0.17999999999999994,0.18737777777777775,0.2740113750746853,0.4270096833556213,402.56017082705694,106.74593198140916,270.7775438526965,24.806394524909507,11.179436863069853,18.00752064526919,C:\Users\cotjq\OneDrive\Desktop\python_code\Quantum Computing Lab\SVM_Data\alpha data\seed_44\alpha_seed44_run018_idx20_g2.00_B5_K3_xi1_C31.npz,20
44,18,21,5,3,1,2.1,31,0.94,0.8066666666666666,0.1333333333333333,0.9792000000000001,0.8640000000000001,0.11519999999999997,0.9744612029893899,0.8190617804590359,0.155399422530354,0.3518951675014628,98.81162770727036,8.076227834643843,0.84,0.9105777777777777,0.9062086289516801,0.94,0.9712000000000001,0.9689414568739916,0.1399999999999999,0.15342222222222213,0.23605947972066899,0.3701246288639973,371.43003133694134,215.76192697014994,299.1678271666714,30.771255311109037,11.214206541432183,19.616640799818484,C:\Users\cotjq\OneDrive\Desktop\python_code\Quantum Computing Lab\SVM_Data\alpha data\seed_44\alpha_seed44_run018_idx21_g2.10_B5_K3_xi1_C31.npz,20
44,18,22,5,3,1,2.2,31,0.94,0.8,0.1399999999999999,0.976,0.8645333333333333,0.11146666666666671,0.9701271370553239,0.8247376759247187,0.14538946113060525,0.35476141330237043,96.46465578222426,7.9026475836352805,0.8,0.8696888888888888,0.8609552516671253,0.92,0.968,0.9641047175898839,0.19333333333333336,0.20924444444444446,0.28875996638504076,0.37454707717998464,408.366564973976,181.94616384783922,265.13694720104166,43.67615796858279,12.250872514470515,20.54158978577363,C:\Users\cotjq\OneDrive\Desktop\python_code\Quantum Computing Lab\SVM_Data\alpha data\seed_44\alpha_seed44_run018_idx22_g2.20_B5_K3_xi1_C31.npz,20
44,18,23,5,3,1,2.3,31,0.94,0.7933333333333333,0.1466666666666666,0.9776,0.8643555555555557,0.11324444444444437,0.9729842799124668,0.8294192696957261,0.14356501021674073,0.3564880661281826,95.2423559146679,7.8114141648789,0.8066666666666666,0.8901333333333333,0.8753381496395374,0.92,0.9744,0.9738328373889016,0.18666666666666665,0.13671111111111112,0.18116833971556967,0.421254660992813,376.80427389618285,154.22815007778166,266.9170554567535,24.520942400110954,11.534493700593831,18.040268781516097,C:\Users\cotjq\OneDrive\Desktop\python_code\Quantum Computing Lab\SVM_Data\alpha data\seed_44\alpha_seed44_run018_idx23_g2.30_B5_K3_xi1_C31.npz,20
44,18,24,5,3,1,2.4,31,0.94,0.7933333333333333,0.1466666666666666,0.9776,0.8647111111111112,0.11288888888888882,0.9729842799124668,0.8315335852382023,0.14145069467426452,0.35699014785554417,94.65727867812994,7.784781267562035,0.7933333333333333,0.8748444444444445,0.8607240191330733,0.94,0.9760000000000001,0.9807211870255349,0.20666666666666667,0.173688888888889,0.17348691331930555,0.3342690695762164,329.9735661658485,128.77117289941683,233.71997444773487,33.85210404429391,10.419725846649607,20.025429394034553,C:\Users\cotjq\OneDrive\Desktop\python_code\Quantum Computing Lab\SVM_Data\alpha data\seed_44\alpha_seed44_run018_idx24_g2.40_B5_K3_xi1_C31.npz,20
44,18,25,5,3,1,2.5,31,0.94,0.7933333333333333,0.1466666666666666,0.9776,0.8647111111111111,0.11288888888888893,0.9729842799124668,0.8327173242537338,0.14026695565873304,0.35874373101695733,94.7295459840264,7.763770258502407,0.86,0.887111111111111,0.8840406357631709,0.92,0.9856,0.986632517074796,0.18000000000000005,0.16071111111111114,0.20238990340554885,0.4563398039970552,327.25611260979645,75.0919902529553,231.49056950276002,29.534876603262333,12.116296600543023,19.693452281801562,C:\Users\cotjq\OneDrive\Desktop\python_code\Quantum Computing Lab\SVM_Data\alpha data\seed_44\alpha_seed44_run018_idx25_g2.50_B5_K3_xi1_C31.npz,20
44,18,26,5,3,1,2.6,31,0.94,0.7933333333333333,0.1466666666666666,0.9776,0.8650666666666667,0.11253333333333337,0.9729842799124668,0.8375356656849922,0.13544861422747467,0.35978800464971283,95.75257908936644,7.67356102788604,0.7866666666666666,0.8608,0.8580490554253515,0.94,0.9712000000000001,0.9742777377544994,0.21999999999999997,0.19022222222222218,0.2952397046031847,0.3920276175313088,326.87645448452145,111.89112400532935,220.9867442397171,20.86350526108968,11.105989054283402,16.20272744314081,C:\Users\cotjq\OneDrive\Desktop\python_code\Quantum Computing Lab\SVM_Data\alpha data\seed_44\alpha_seed44_run018_idx26_g2.60_B5_K3_xi1_C31.npz,20
44,18,27,5,3,1,2.7,31,0.94,0.7866666666666666,0.15333333333333332,0.9792000000000001,0.8664888888888889,0.1127111111111112,0.9756509465791335,0.8393797664858986,0.1362711800932349,0.3616197567830418,98.02085729076086,7.569589742770514,0.84,0.8936888888888888,0.899940882956441,0.96,0.9728,0.9739213202256681,0.2466666666666667,0.16959999999999997,0.22438884078188237,0.38341208446067154,369.259767950022,146.16981703194395,255.7713021694612,37.54353582703889,10.411924346190295,19.067122893311076,C:\Users\cotjq\OneDrive\Desktop\python_code\Quantum Computing Lab\SVM_Data\alpha data\seed_44\alpha_seed44_run018_idx27_g2.70_B5_K3_xi1_C31.npz,20
44,18,28,5,3,1,2.8,31,0.94,0.78,0.15999999999999992,0.9808,0.866311111111111,0.11448888888888897,0.9781509465791335,0.8406784986126505,0.13747244796648295,0.3648802382694566,101.13769808042768,7.484037538422587,0.84,0.8794666666666667,0.8745249497551721,0.94,0.9808,0.9810135642135642,0.2333333333333334,0.21173333333333333,0.2239550239081789,0.36633737174609393,315.7535387489304,103.59338312414101,220.3061540326362,26.02723308138242,10.378883256777044,17.083609355597773,C:\Users\cotjq\OneDrive\Desktop\python_code\Quantum Computing Lab\SVM_Data\alpha data\seed_44\alpha_seed44_run018_idx28_g2.80_B5_K3_xi1_C31.npz,20
44,18,29,5,3,1,2.9,31,0.94,0.7733333333333333,0.16666666666666663,0.9808,0.8643555555555557,0.11644444444444435,0.9781509465791335,0.8391208580395922,0.13903008853954124,0.3689494345194845,103.54685749525677,7.413304810175276,0.8,0.8629333333333333,0.8492973858691972,0.92,0.9872,0.988768472906404,0.18000000000000005,0.15484444444444434,0.19150208569669924,0.3721258864977638,296.46719314636346,67.17537013924319,220.31551884485967,31.809410281602446,11.386942653174938,19.421892389954827,C:\Users\cotjq\OneDrive\Desktop\python_code\Quantum Computing Lab\SVM_Data\alpha data\seed_44\alpha_seed44_run018_idx29_g2.90_B5_K3_xi1_C31.npz,20
44,19,0,5,3,1,0.0,31,0.5,0.5,0.0,0.5,0.5,0.0,0.5,0.5,0.0,0.0,-1.0097419586828951e-28,50.0,0.5,0.5,0.5,0.5,0.5,0.5,0.0,0.0,0.0,0.0,0.0,0.0,0.0,50.0,50.0,50.0,C:\Users\cotjq\OneDrive\Desktop\python_code\Quantum Computing Lab\SVM_Data\alpha data\seed_44\alpha_seed44_run019_idx00_g0.00_B5_K3_xi1_C31.npz,20
44,19,1,5,3,1,0.1,31,0.84,0.7666666666666667,0.07333333333333325,0.9344,0.8661333333333333,0.0682666666666667,0.9404859519565403,0.848163110503393,0.09232284145314729,0.11704885812190402,228.38105741405118,23.19621495493452,0.78,0.8691555555555556,0.8583854957183348,0.86,0.9376000000000001,0.9444339881015074,0.16666666666666663,0.14293333333333325,0.19611088433234614,0.14461369027788673,286.1243576199953,120.95862837196327,187.1001291316947,39.412049307565596,25.515972614610828,29.66149398648127,C:\Users\cotjq\OneDrive\Desktop\python_code\Quantum Computing Lab\SVM_Data\alpha data\seed_44\alpha_seed44_run019_idx01_g0.10_B5_K3_xi1_C31.npz,20
44,19,2,5,3,1,0.2,31,0.88,0.8066666666666666,0.07333333333333336,0.9488000000000001,0.8922666666666667,0.056533333333333435,0.9513585296529239,0.8685758333167728,0.0827826963361511,0.12509523898395275,175.18249314917824,17.29259799480108,0.8333333333333334,0.9139555555555555,0.8936713950690355,0.88,0.9568,0.9600209368711187,0.16666666666666663,0.1438222222222223,0.16866741863821266,0.08172603856803884,343.6979245642199,122.49437397515241,232.1184621758729,27.528592140123923,17.12750915583355,20.17691108522437,C:\Users\cotjq\OneDrive\Desktop\python_code\Quantum Computing Lab\SVM_Data\alpha data\seed_44\alpha_seed44_run019_idx02_g0.20_B5_K3_xi1_C31.npz,20
44,19,3,5,3,1,0.3,31,0.88,0.8066666666666666,0.07333333333333336,0.9648,0.8981333333333335,0.06666666666666654,0.9649868006606398,0.8766116205431189,0.08837518011752088,0.14051579389435848,145.98951634135295,15.404328543836913,0.8533333333333334,0.9180444444444444,0.90224199949848,0.9,0.9583999999999999,0.961333262889327,0.17333333333333334,0.15146666666666664,0.18579119643210373,0.1263551990983563,372.98881696436615,166.24041347519974,255.03879664397223,21.89157491921934,15.619323424762394,18.503943579101865,C:\Users\cotjq\OneDrive\Desktop\python_code\Quantum Computing Lab\SVM_Data\alpha data\seed_44\alpha_seed44_run019_idx03_g0.30_B5_K3_xi1_C31.npz,20
44,19,4,5,3,1,0.4,31,0.9,0.8133333333333334,0.08666666666666667,0.9712000000000001,0.8917333333333334,0.07946666666666669,0.9659035310317179,0.8722865664318659,0.09361696459985203,0.18489741895697243,156.10066059701515,13.327616246321597,0.8466666666666667,0.9184,0.8938531307791922,0.92,0.9792000000000001,0.9756509465791335,0.19333333333333336,0.1552,0.17284821283980234,0.21857512321413353,432.66873103070844,165.8936920137113,307.0912608360788,34.362716796975235,12.694297674795049,20.351661161238972,C:\Users\cotjq\OneDrive\Desktop\python_code\Quantum Computing Lab\SVM_Data\alpha data\seed_44\alpha_seed44_run019_idx04_g0.40_B5_K3_xi1_C31.npz,20
44,19,5,5,3,1,0.5,31,0.9,0.82,0.08000000000000007,0.9696,0.8942222222222224,0.07537777777777765,0.9643093281331672,0.8747770010911495,0.08953232704201763,0.1837385832775913,128.23843792865944,12.977071320186983,0.8333333333333334,0.9088,0.8984579641900302,0.92,0.9792000000000001,0.9804903067946547,0.17333333333333334,0.14204444444444442,0.18099470449572008,0.26541762371772604,464.69655975363315,214.40635726813628,338.0097332036034,33.27107084811642,12.050891070908321,20.02439221067917,C:\Users\cotjq\OneDrive\Desktop\python_code\Quantum Computing Lab\SVM_Data\alpha data\seed_44\alpha_seed44_run019_idx05_g0.50_B5_K3_xi1_C31.npz,20
44,19,6,5,3,1,0.6,31,0.9,0.82,0.08000000000000007,0.9744,0.8986666666666667,0.07573333333333332,0.9701281952563822,0.8769713839522585,0.09315681130412368,0.20173444796027318,131.01376981894327,11.628934726106454,0.8266666666666667,0.8979555555555556,0.8796477178981449,0.94,0.984,0.9819808108325272,0.16666666666666663,0.17333333333333323,0.18015333951443357,0.3125201879736369,520.1247682110144,237.52094587563516,391.6261443316415,32.18017936413505,10.33500604792428,18.5454248088779,C:\Users\cotjq\OneDrive\Desktop\python_code\Quantum Computing Lab\SVM_Data\alpha data\seed_44\alpha_seed44_run019_idx06_g0.60_B5_K3_xi1_C31.npz,20
44,19,7,5,3,1,0.7,31,0.94,0.8133333333333334,0.1266666666666666,0.9808,0.8967111111111111,0.08408888888888888,0.9758857044138913,0.8731112141568141,0.10277449025707719,0.22268819345745533,129.09856402549678,10.80975391995792,0.84,0.9267555555555556,0.9152156598145222,0.9,0.9808,0.9789705544222708,0.1266666666666667,0.13422222222222213,0.22661768938545168,0.23225694182567866,457.1389169340344,253.89169617617492,363.2268555704034,32.00207940062382,11.024209964003397,18.333120139767423,C:\Users\cotjq\OneDrive\Desktop\python_code\Quantum Computing Lab\SVM_Data\alpha data\seed_44\alpha_seed44_run019_idx07_g0.70_B5_K3_xi1_C31.npz,20
44,19,8,5,3,1,0.8,31,0.94,0.8,0.1399999999999999,0.9792,0.8864000000000001,0.09279999999999988,0.9730285615567484,0.8541816915999213,0.11884686995682714,0.2673566961828829,132.7749073934835,9.832595053952126,0.8266666666666667,0.8945777777777778,0.8839600693327838,0.9,0.9808,0.9791811364328528,0.18666666666666665,0.14862222222222232,0.18014231152916116,0.40535095110866304,554.6573862889168,295.937197091863,389.97658648970753,37.829109207484606,10.900063935064175,19.6236620115997,C:\Users\cotjq\OneDrive\Desktop\python_code\Quantum Computing Lab\SVM_Data\alpha data\seed_44\alpha_seed44_run019_idx08_g0.80_B5_K3_xi1_C31.npz,20
44,19,9,5,3,1,0.9,31,0.94,0.8,0.1399999999999999,0.9792,0.8830222222222223,0.0961777777777777,0.9730285615567484,0.8490021331204723,0.12402642843627609,0.2793313853381394,128.42888161940573,9.66319555756844,0.8466666666666667,0.9118222222222223,0.8990030038647562,0.9,0.9855999999999999,0.9834053122570285,0.16666666666666663,0.16035555555555558,0.22508607337989983,0.4155183895127964,449.6142912641473,279.90649618974214,395.52515592962936,29.275866757388513,10.598891245015974,19.377119219376223,C:\Users\cotjq\OneDrive\Desktop\python_code\Quantum Computing Lab\SVM_Data\alpha data\seed_44\alpha_seed44_run019_idx09_g0.90_B5_K3_xi1_C31.npz,20
44,19,10,5,3,1,1.0,31,0.94,0.8,0.1399999999999999,0.9792,0.8856888888888889,0.0935111111111111,0.9730285615567484,0.850738510602184,0.12229005095456447,0.2814507240963103,124.71810226269153,9.457329041394205,0.8466666666666667,0.9056,0.8904615199560308,0.94,0.9776,0.9796768147311627,0.21999999999999997,0.1459555555555555,0.1747699571802913,0.3381363165397727,508.28356150886805,275.1718003390455,401.84261423872204,26.97699384646576,10.996334928580799,18.688014851303453,C:\Users\cotjq\OneDrive\Desktop\python_code\Quantum Computing Lab\SVM_Data\alpha data\seed_44\alpha_seed44_run019_idx10_g1.00_B5_K3_xi1_C31.npz,20
44,19,11,5,3,1,1.1,31,0.92,0.8,0.12,0.9792,0.8871111111111111,0.09208888888888889,0.9730285615567484,0.8526020327421364,0.12042652881461202,0.28360635914711596,126.50904534724759,9.233637894482877,0.84,0.904,0.8888851779132667,0.94,0.9696,0.9670744920469059,0.15333333333333332,0.12871111111111122,0.19434023367940612,0.3876130336246114,446.22774901391745,206.96749363471437,346.45238249131467,35.90008534578788,10.598277967713676,20.081265636332578,C:\Users\cotjq\OneDrive\Desktop\python_code\Quantum Computing Lab\SVM_Data\alpha data\seed_44\alpha_seed44_run019_idx11_g1.10_B5_K3_xi1_C31.npz,20
44,19,12,5,3,1,1.2,31,0.92,0.8,0.12,0.9792,0.8846222222222223,0.09457777777777765,0.9730285615567484,0.8492694788533237,0.12375908270342473,0.28566036203891254,118.29981224761431,9.220003327531149,0.84,0.9153777777777777,0.9055648249339125,0.94,0.9712,0.9748702100969717,0.15999999999999992,0.13315555555555558,0.17118702562058474,0.5222994237430238,533.8561761474375,279.0323235979987,385.3243394107167,34.41536946961651,10.874087688321957,17.92747566618467,C:\Users\cotjq\OneDrive\Desktop\python_code\Quantum Computing Lab\SVM_Data\alpha data\seed_44\alpha_seed44_run019_idx12_g1.20_B5_K3_xi1_C31.npz,20
44,19,13,5,3,1,1.3,31,0.92,0.7933333333333333,0.1266666666666667,0.9808,0.8856888888888889,0.09511111111111115,0.9758857044138913,0.8435994545730868,0.1322862498408045,0.292414065555887,118.94212918613239,8.822718594826604,0.86,0.9194666666666667,0.8969274527453519,0.94,0.9743999999999999,0.9704300014961195,0.1333333333333333,0.16337777777777784,0.21200060192311754,0.3667631419452577,520.2202808384587,266.07743384438413,364.5817498075786,35.12448389493439,10.273597533623448,18.826650312772106,C:\Users\cotjq\OneDrive\Desktop\python_code\Quantum Computing Lab\SVM_Data\alpha data\seed_44\alpha_seed44_run019_idx13_g1.30_B5_K3_xi1_C31.npz,20
44,19,14,5,3,1,1.4,31,0.94,0.8,0.1399999999999999,0.9808,0.8849777777777779,0.09582222222222214,0.9758857044138913,0.842262779968217,0.13362292444567436,0.3001153904168513,120.95412781910287,8.440379115367996,0.8533333333333334,0.9013333333333333,0.8882360660817608,0.92,0.9728,0.974671259175607,0.16666666666666663,0.14897777777777776,0.22623443465491389,0.41444712969050057,442.1768986612185,182.5089207606788,347.4912097513384,43.93578868606206,10.887798073236745,17.417085039900346,C:\Users\cotjq\OneDrive\Desktop\python_code\Quantum Computing Lab\SVM_Data\alpha data\seed_44\alpha_seed44_run019_idx14_g1.40_B5_K3_xi1_C31.npz,20
44,19,15,5,3,1,1.5,31,0.94,0.8,0.1399999999999999,0.9808,0.8833777777777778,0.09742222222222219,0.9758857044138913,0.8398925854237905,0.1359931189901008,0.3076483138485647,115.22847399186671,8.380810973885037,0.84,0.8876444444444445,0.8763167782532323,0.9,0.9856,0.9861818566241356,0.18000000000000005,0.1784888888888887,0.23701670998988056,0.4714498155462388,408.5319442472319,220.49499790923386,338.61451368972985,29.480107672909032,12.013811465821487,18.5920393819195,C:\Users\cotjq\OneDrive\Desktop\python_code\Quantum Computing Lab\SVM_Data\alpha data\seed_44\alpha_seed44_run019_idx15_g1.50_B5_K3_xi1_C31.npz,20
44,19,16,5,3,1,1.6,31,0.94,0.8,0.1399999999999999,0.9808,0.8785777777777778,0.10222222222222221,0.9758857044138913,0.8348174596929117,0.14106824472097967,0.31890304074558784,110.5819572819053,8.289771775016389,0.84,0.9123555555555555,0.9125927015501963,0.92,0.9888,0.9887361350404829,0.2466666666666667,0.2108444444444444,0.28249196423860556,0.3141056899300638,425.37557193836597,117.2526331389589,332.0573653899815,26.279591440239884,10.56169526789198,17.30134926019491,C:\Users\cotjq\OneDrive\Desktop\python_code\Quantum Computing Lab\SVM_Data\alpha data\seed_44\alpha_seed44_run019_idx16_g1.60_B5_K3_xi1_C31.npz,20
44,19,17,5,3,1,1.7,31,0.94,0.7933333333333333,0.1466666666666666,0.9808,0.8741333333333333,0.10666666666666669,0.9758857044138913,0.8287919435479508,0.1470937608659405,0.3319903799571792,106.94611507565918,8.165245783816175,0.8466666666666667,0.9230222222222222,0.9108125636439135,0.96,0.9743999999999999,0.9690497817158996,0.2733333333333333,0.19377777777777783,0.21359558441537885,0.35614711209318045,397.4060684021248,193.296934892514,315.08571834448156,31.006963543756957,10.607390223120497,18.2467855099847,C:\Users\cotjq\OneDrive\Desktop\python_code\Quantum Computing Lab\SVM_Data\alpha data\seed_44\alpha_seed44_run019_idx17_g1.70_B5_K3_xi1_C31.npz,20
44,19,18,5,3,1,1.8,31,0.94,0.7933333333333333,0.1466666666666666,0.9792,0.8712888888888889,0.10791111111111107,0.9730285615567484,0.833111728624413,0.13991683293233548,0.3432652947744218,104.06377203041191,7.973678048235762,0.8,0.8874666666666666,0.8691857827784459,0.94,0.9680000000000001,0.9689066220927036,0.17333333333333323,0.16533333333333333,0.258204851948292,0.5132260158289735,429.6769380711389,237.1143434350472,323.1689917295687,29.256390226780784,10.450561647397077,18.05762981005156,C:\Users\cotjq\OneDrive\Desktop\python_code\Quantum Computing Lab\SVM_Data\alpha data\seed_44\alpha_seed44_run019_idx18_g1.80_B5_K3_xi1_C31.npz,20
44,19,19,5,3,1,1.9,31,0.94,0.7866666666666666,0.15333333333333332,0.9792,0.8672000000000001,0.11199999999999988,0.9730285615567484,0.8323653687622186,0.14066319279452988,0.34909609638307865,102.01234217574859,7.967228486235931,0.8133333333333334,0.885688888888889,0.8753231513876935,0.9,0.9600000000000001,0.961087658015845,0.18000000000000005,0.1850666666666667,0.20423612133632896,0.5143481379456663,381.50026123504017,218.27178758867774,293.6703522116087,26.407759157012958,13.872943682773034,18.931834632311773,C:\Users\cotjq\OneDrive\Desktop\python_code\Quantum Computing Lab\SVM_Data\alpha data\seed_44\alpha_seed44_run019_idx19_g1.90_B5_K3_xi1_C31.npz,20
44,19,20,5,3,1,2.0,31,0.94,0.8066666666666666,0.1333333333333333,0.9792000000000001,0.8664888888888889,0.1127111111111112,0.9744612029893899,0.8245025780952813,0.1499586248941086,0.3503790810859847,101.04349475294231,8.071696585371896,0.8133333333333334,0.9024,0.894254716905168,0.92,0.9695999999999999,0.9714970456444142,0.17333333333333334,0.15928888888888892,0.1722477870414134,0.3248426290105674,394.38525531650316,191.25998576365453,287.51635778817274,48.10961270070466,10.022381279139784,18.290843949939692,C:\Users\cotjq\OneDrive\Desktop\python_code\Quantum Computing Lab\SVM_Data\alpha data\seed_44\alpha_seed44_run019_idx20_g2.00_B5_K3_xi1_C31.npz,20
44,19,21,5,3,1,2.1,31,0.94,0.8066666666666666,0.1333333333333333,0.9792000000000001,0.8640000000000001,0.11519999999999997,0.9744612029893899,0.8190617804590359,0.155399422530354,0.3518951675014628,98.81162770727036,8.076227834643843,0.8066666666666666,0.8816,0.8689391315875079,0.92,0.9664,0.971416977225673,0.1466666666666666,0.1783111111111111,0.25335561531833783,0.24841215506766562,456.6763643753046,166.35729220875214,304.0562128234049,27.821268752606585,13.007925055246375,20.488009316184254,C:\Users\cotjq\OneDrive\Desktop\python_code\Quantum Computing Lab\SVM_Data\alpha data\seed_44\alpha_seed44_run019_idx21_g2.10_B5_K3_xi1_C31.npz,20
44,19,22,5,3,1,2.2,31,0.94,0.8,0.1399999999999999,0.976,0.8645333333333333,0.11146666666666671,0.9701271370553239,0.8247376759247187,0.14538946113060525,0.35476141330237043,96.46465578222426,7.9026475836352805,0.84,0.9228444444444445,0.9167916230272258,0.92,0.9792000000000001,0.9805373737373738,0.16666666666666663,0.21848888888888884,0.3061496274039992,0.408098510971097,373.4447784426875,181.5033280048898,259.3410925350996,33.10375836177368,10.456184293490942,17.87919845944017,C:\Users\cotjq\OneDrive\Desktop\python_code\Quantum Computing Lab\SVM_Data\alpha data\seed_44\alpha_seed44_run019_idx22_g2.20_B5_K3_xi1_C31.npz,20
44,19,23,5,3,1,2.3,31,0.94,0.7933333333333333,0.1466666666666666,0.9776,0.8643555555555557,0.11324444444444437,0.9729842799124668,0.8294192696957261,0.14356501021674073,0.3564880661281826,95.2423559146679,7.8114141648789,0.8133333333333334,0.9015111111111112,0.8992392082523992,0.94,0.9792,0.9793534851621809,0.19333333333333336,0.20568888888888903,0.19910874865688566,0.9221543361183944,393.230208817929,129.34729837146688,264.7448380584259,33.93913213384138,11.239678810370377,17.88265861583233,C:\Users\cotjq\OneDrive\Desktop\python_code\Quantum Computing Lab\SVM_Data\alpha data\seed_44\alpha_seed44_run019_idx23_g2.30_B5_K3_xi1_C31.npz,20
44,19,24,5,3,1,2.4,31,0.94,0.7933333333333333,0.1466666666666666,0.9776,0.8647111111111112,0.11288888888888882,0.9729842799124668,0.8315335852382023,0.14145069467426452,0.35699014785554417,94.65727867812994,7.784781267562035,0.8133333333333334,0.9082666666666667,0.8965582802544343,0.9,0.9712,0.9763736108779588,0.17333333333333334,0.19591111111111104,0.299300016181123,0.34482575549276656,401.45275383840976,78.87720753681907,266.1476970858793,30.73057873530014,12.841610940719903,19.052612207844867,C:\Users\cotjq\OneDrive\Desktop\python_code\Quantum Computing Lab\SVM_Data\alpha data\seed_44\alpha_seed44_run019_idx24_g2.40_B5_K3_xi1_C31.npz,20
44,19,25,5,3,1,2.5,31,0.94,0.7933333333333333,0.1466666666666666,0.9776,0.8647111111111111,0.11288888888888893,0.9729842799124668,0.8327173242537338,0.14026695565873304,0.35874373101695733,94.7295459840264,7.763770258502407,0.8333333333333334,0.9077333333333334,0.9152384532372904,0.94,0.9728,0.9724445776445777,0.15999999999999992,0.18133333333333324,0.21763401538124572,0.37250845582346026,325.63774089792093,179.29340944479853,261.5675395860498,26.02358436170592,11.752798878653172,18.752975328367015,C:\Users\cotjq\OneDrive\Desktop\python_code\Quantum Computing Lab\SVM_Data\alpha data\seed_44\alpha_seed44_run019_idx25_g2.50_B5_K3_xi1_C31.npz,20
44,19,26,5,3,1,2.6,31,0.94,0.7933333333333333,0.1466666666666666,0.9776,0.8650666666666667,0.11253333333333337,0.9729842799124668,0.8375356656849922,0.13544861422747467,0.35978800464971283,95.75257908936644,7.67356102788604,0.8266666666666667,0.8876444444444445,0.8752146135147849,0.94,0.9807999999999999,0.9841919191919193,0.18000000000000005,0.15502222222222228,0.18637931056301194,0.2434148806328317,340.19872172899176,99.06632154482892,229.5872987536314,30.067499747018537,11.229345883853535,20.489121205285244,C:\Users\cotjq\OneDrive\Desktop\python_code\Quantum Computing Lab\SVM_Data\alpha data\seed_44\alpha_seed44_run019_idx26_g2.60_B5_K3_xi1_C31.npz,20
44,19,27,5,3,1,2.7,31,0.94,0.7866666666666666,0.15333333333333332,0.9792000000000001,0.8664888888888889,0.1127111111111112,0.9756509465791335,0.8393797664858986,0.1362711800932349,0.3616197567830418,98.02085729076086,7.569589742770514,0.8,0.8890666666666667,0.888585249614669,0.94,0.9823999999999999,0.984973076923077,0.17333333333333334,0.1717333333333334,0.19635478510002824,0.3579170871381299,351.0287882552637,96.60542869680164,236.04002169271052,34.35519109297469,10.617283094246647,19.327164048347246,C:\Users\cotjq\OneDrive\Desktop\python_code\Quantum Computing Lab\SVM_Data\alpha data\seed_44\alpha_seed44_run019_idx27_g2.70_B5_K3_xi1_C31.npz,20
44,19,28,5,3,1,2.8,31,0.94,0.78,0.15999999999999992,0.9808,0.866311111111111,0.11448888888888897,0.9781509465791335,0.8406784986126505,0.13747244796648295,0.3648802382694566,101.13769808042768,7.484037538422587,0.8066666666666666,0.8618666666666667,0.8648532962540748,0.94,0.9712,0.9727844985931943,0.21333333333333326,0.16568888888888877,0.1986402226507673,0.35576012563251824,344.1236830002159,117.95236763492599,245.01575957763924,29.16089328497554,12.624555779345652,19.141228840772484,C:\Users\cotjq\OneDrive\Desktop\python_code\Quantum Computing Lab\SVM_Data\alpha data\seed_44\alpha_seed44_run019_idx28_g2.80_B5_K3_xi1_C31.npz,20
44,19,29,5,3,1,2.9,31,0.94,0.7733333333333333,0.16666666666666663,0.9808,0.8643555555555557,0.11644444444444435,0.9781509465791335,0.8391208580395922,0.13903008853954124,0.3689494345194845,103.54685749525677,7.413304810175276,0.8066666666666666,0.872,0.8628020399249191,0.94,0.9696,0.974821363125711,0.21999999999999997,0.19644444444444453,0.24743595557865983,0.5250333115316077,294.28642768092107,48.07701360919533,220.05081768560618,38.28375773627514,12.738338498026371,20.150019238005108,C:\Users\cotjq\OneDrive\Desktop\python_code\Quantum Computing Lab\SVM_Data\alpha data\seed_44\alpha_seed44_run019_idx29_g2.90_B5_K3_xi1_C31.npz,20
44,20,0,5,3,1,0.0,31,0.5,0.5,0.0,0.5,0.5,0.0,0.5,0.5,0.0,0.0,-1.0097419586828951e-28,50.0,0.5,0.5,0.5,0.5,0.5,0.5,0.0,0.0,0.0,0.0,0.5,0.0,0.125,50.0,50.0,50.0,C:\Users\cotjq\OneDrive\Desktop\python_code\Quantum Computing Lab\SVM_Data\alpha data\seed_44\alpha_seed44_run020_idx00_g0.00_B5_K3_xi1_C31.npz,20
44,20,1,5,3,1,0.1,31,0.84,0.7666666666666667,0.07333333333333325,0.9344,0.8661333333333333,0.0682666666666667,0.9404859519565403,0.848163110503393,0.09232284145314729,0.11704885812190402,228.38105741405118,23.19621495493452,0.8333333333333334,0.9039999999999999,0.8766360326623885,0.84,0.9344000000000001,0.9400302091156665,0.14,0.15626666666666666,0.20208955065868084,0.11060336150244487,231.53797846447424,127.57191993247116,173.29467273227812,34.52847869590759,25.378257900177594,28.88765572173194,C:\Users\cotjq\OneDrive\Desktop\python_code\Quantum Computing Lab\SVM_Data\alpha data\seed_44\alpha_seed44_run020_idx01_g0.10_B5_K3_xi1_C31.npz,20
44,20,2,5,3,1,0.2,31,0.88,0.8066666666666666,0.07333333333333336,0.9488000000000001,0.8922666666666667,0.056533333333333435,0.9513585296529239,0.8685758333167728,0.0827826963361511,0.12509523898395275,175.18249314917824,17.29259799480108,0.8666666666666667,0.9235555555555556,0.9086033576953393,0.9,0.9648,0.9698283562933174,0.18666666666666665,0.1665777777777777,0.1726553706649021,0.15755716776866668,329.8275941422282,97.71767708457249,223.5476530800841,27.686465059162067,16.8508033735349,20.61923737322517,C:\Users\cotjq\OneDrive\Desktop\python_code\Quantum Computing Lab\SVM_Data\alpha data\seed_44\alpha_seed44_run020_idx02_g0.20_B5_K3_xi1_C31.npz,20
44,20,3,5,3,1,0.3,31,0.88,0.8066666666666666,0.07333333333333336,0.9648,0.8981333333333335,0.06666666666666654,0.9649868006606398,0.8766116205431189,0.08837518011752088,0.14051579389435848,145.98951634135295,15.404328543836913,0.8466666666666667,0.912,0.8983265074715406,0.9,0.9632000000000001,0.9663418657723442,0.1466666666666666,0.14026666666666676,0.17749747870844446,0.15867750570314615,382.7292142605179,177.76710602074348,269.95017321878413,35.816531221858924,15.132621782760987,21.063604233863472,C:\Users\cotjq\OneDrive\Desktop\python_code\Quantum Computing Lab\SVM_Data\alpha data\seed_44\alpha_seed44_run020_idx03_g0.30_B5_K3_xi1_C31.npz,20
44,20,4,5,3,1,0.4,31,0.9,0.8133333333333334,0.08666666666666667,0.9712000000000001,0.8917333333333334,0.07946666666666669,0.9659035310317179,0.8722865664318659,0.09361696459985203,0.18489741895697243,156.10066059701515,13.327616246321597,0.84,0.9196444444444445,0.8843427072027598,0.9,0.9744,0.9769535434303052,0.16000000000000003,0.18257777777777773,0.22289738842920004,0.31786662921940684,484.4408632165323,196.347904608369,316.0599230424805,25.818009268645277,13.28578876935653,17.82016130241322,C:\Users\cotjq\OneDrive\Desktop\python_code\Quantum Computing Lab\SVM_Data\alpha data\seed_44\alpha_seed44_run020_idx04_g0.40_B5_K3_xi1_C31.npz,20
44,20,5,5,3,1,0.5,31,0.9,0.82,0.08000000000000007,0.9696,0.8942222222222224,0.07537777777777765,0.9643093281331672,0.8747770010911495,0.08953232704201763,0.1837385832775913,128.23843792865944,12.977071320186983,0.84,0.9064888888888889,0.8847037303585628,0.94,0.9568,0.9599594399139695,0.17333333333333323,0.15111111111111108,0.19855558897018322,0.4739227770665131,428.30259187605134,232.3565546434416,356.44027163499715,41.11282661020876,13.100235469528133,20.93774005463834,C:\Users\cotjq\OneDrive\Desktop\python_code\Quantum Computing Lab\SVM_Data\alpha data\seed_44\alpha_seed44_run020_idx05_g0.50_B5_K3_xi1_C31.npz,20
44,20,6,5,3,1,0.6,31,0.9,0.82,0.08000000000000007,0.9744,0.8986666666666667,0.07573333333333332,0.9701281952563822,0.8769713839522585,0.09315681130412368,0.20173444796027318,131.01376981894327,11.628934726106454,0.8266666666666667,0.9100444444444444,0.8857547864162125,0.94,0.9808,0.9800358372875536,0.14666666666666672,0.11928888888888889,0.17832150339830988,0.351131788104714,471.524179488606,236.5169008566671,385.0329852206139,32.01063535520909,11.183148576412478,19.711935336043464,C:\Users\cotjq\OneDrive\Desktop\python_code\Quantum Computing Lab\SVM_Data\alpha data\seed_44\alpha_seed44_run020_idx06_g0.60_B5_K3_xi1_C31.npz,20
44,20,7,5,3,1,0.7,31,0.94,0.8133333333333334,0.1266666666666666,0.9808,0.8967111111111111,0.08408888888888888,0.9758857044138913,0.8731112141568141,0.10277449025707719,0.22268819345745533,129.09856402549678,10.80975391995792,0.8466666666666667,0.9004444444444445,0.8915872304532892,0.92,0.9728,0.9765687381672037,0.1133333333333334,0.11342222222222231,0.16277512533811977,0.3220056109473032,508.22671596508525,302.49053867113435,373.55234276637077,35.95447470855006,10.805276854157782,19.17494736674227,C:\Users\cotjq\OneDrive\Desktop\python_code\Quantum Computing Lab\SVM_Data\alpha data\seed_44\alpha_seed44_run020_idx07_g0.70_B5_K3_xi1_C31.npz,20
44,20,8,5,3,1,0.8,31,0.94,0.8,0.1399999999999999,0.9792,0.8864000000000001,0.09279999999999988,0.9730285615567484,0.8541816915999213,0.11884686995682714,0.2673566961828829,132.7749073934835,9.832595053952126,0.8333333333333334,0.9072,0.8778385383449852,0.92,0.9616,0.9596404318755982,0.15333333333333332,0.1285333333333334,0.18669200696434785,0.4166402860595436,461.61736405323177,184.45756806579308,375.1372256915176,40.02118186661164,11.982510449053935,21.450955597189566,C:\Users\cotjq\OneDrive\Desktop\python_code\Quantum Computing Lab\SVM_Data\alpha data\seed_44\alpha_seed44_run020_idx08_g0.80_B5_K3_xi1_C31.npz,20
44,20,9,5,3,1,0.9,31,0.94,0.8,0.1399999999999999,0.9792,0.8830222222222223,0.0961777777777777,0.9730285615567484,0.8490021331204723,0.12402642843627609,0.2793313853381394,128.42888161940573,9.66319555756844,0.8333333333333334,0.9072,0.9031163308973932,0.94,0.9855999999999999,0.9834053122570285,0.16000000000000003,0.14915555555555549,0.2160496440774844,0.3656454896046709,585.4595345866213,265.4586935305717,421.9993574989927,39.216574441577826,10.060928165944734,20.26329099231706,C:\Users\cotjq\OneDrive\Desktop\python_code\Quantum Computing Lab\SVM_Data\alpha data\seed_44\alpha_seed44_run020_idx09_g0.90_B5_K3_xi1_C31.npz,20
44,20,10,5,3,1,1.0,31,0.94,0.8,0.1399999999999999,0.9792,0.8856888888888889,0.0935111111111111,0.9730285615567484,0.850738510602184,0.12229005095456447,0.2814507240963103,124.71810226269153,9.457329041394205,0.8266666666666667,0.9079111111111112,0.8889101588147071,0.9,0.9696,0.9685808325274593,0.1333333333333333,0.16764444444444437,0.25921540436871493,0.44665800042959714,501.9497649815284,233.84782581027395,390.9666256094019,22.070423962381767,13.675487299868383,18.119887392025955,C:\Users\cotjq\OneDrive\Desktop\python_code\Quantum Computing Lab\SVM_Data\alpha data\seed_44\alpha_seed44_run020_idx10_g1.00_B5_K3_xi1_C31.npz,20
44,20,11,5,3,1,1.1,31,0.92,0.8,0.12,0.9792,0.8871111111111111,0.09208888888888889,0.9730285615567484,0.8526020327421364,0.12042652881461202,0.28360635914711596,126.50904534724759,9.233637894482877,0.8466666666666667,0.9160888888888888,0.8908959581456571,0.92,0.968,0.9696410796410797,0.17333333333333334,0.13600000000000012,0.22225612506478654,0.3124873080069616,462.674032150591,199.04428575841249,367.5225664209687,25.51277023546603,12.732036776404868,17.227713337610652,C:\Users\cotjq\OneDrive\Desktop\python_code\Quantum Computing Lab\SVM_Data\alpha data\seed_44\alpha_seed44_run020_idx11_g1.10_B5_K3_xi1_C31.npz,20
44,20,12,5,3,1,1.2,31,0.92,0.8,0.12,0.9792,0.8846222222222223,0.09457777777777765,0.9730285615567484,0.8492694788533237,0.12375908270342473,0.28566036203891254,118.29981224761431,9.220003327531149,0.8533333333333334,0.9111111111111111,0.9008653155769537,0.92,0.976,0.9775415888459367,0.18666666666666665,0.18844444444444441,0.23637419448398678,0.29028730753947785,495.9094893048544,258.08357959460255,363.32753446230015,24.840593961352702,11.546101890545712,16.44047388667518,C:\Users\cotjq\OneDrive\Desktop\python_code\Quantum Computing Lab\SVM_Data\alpha data\seed_44\alpha_seed44_run020_idx12_g1.20_B5_K3_xi1_C31.npz,20
44,20,13,5,3,1,1.3,31,0.92,0.7933333333333333,0.1266666666666667,0.9808,0.8856888888888889,0.09511111111111115,0.9758857044138913,0.8435994545730868,0.1322862498408045,0.292414065555887,118.94212918613239,8.822718594826604,0.84,0.8992,0.892470802716063,0.92,0.9744,0.9729139095420964,0.15333333333333332,0.14239999999999986,0.18321337103935575,0.30823067736309956,529.7731311682949,257.39204918600507,369.50637185358335,30.11121895530964,9.802393716717042,18.803618947450122,C:\Users\cotjq\OneDrive\Desktop\python_code\Quantum Computing Lab\SVM_Data\alpha data\seed_44\alpha_seed44_run020_idx13_g1.30_B5_K3_xi1_C31.npz,20
44,20,14,5,3,1,1.4,31,0.94,0.8,0.1399999999999999,0.9808,0.8849777777777779,0.09582222222222214,0.9758857044138913,0.842262779968217,0.13362292444567436,0.3001153904168513,120.95412781910287,8.440379115367996,0.84,0.9000888888888888,0.8841428024505507,0.92,0.976,0.9795040708084187,0.18000000000000005,0.16337777777777773,0.1920248481583804,0.37210562229654126,437.58138473197164,262.044768211976,326.55740410567057,38.0816502941937,11.343432776450172,18.515629015196623,C:\Users\cotjq\OneDrive\Desktop\python_code\Quantum Computing Lab\SVM_Data\alpha data\seed_44\alpha_seed44_run020_idx14_g1.40_B5_K3_xi1_C31.npz,20
44,20,15,5,3,1,1.5,31,0.94,0.8,0.1399999999999999,0.9808,0.8833777777777778,0.09742222222222219,0.9758857044138913,0.8398925854237905,0.1359931189901008,0.3076483138485647,115.22847399186671,8.380810973885037,0.8333333333333334,0.9141333333333334,0.9033080804964077,0.92,0.9808,0.9820111606534396,0.19999999999999996,0.16533333333333322,0.218474936298779,0.4320394825427436,479.75539796713656,135.01251814405694,333.18214431135505,27.484975017233843,10.80903023516373,18.32116368372433,C:\Users\cotjq\OneDrive\Desktop\python_code\Quantum Computing Lab\SVM_Data\alpha data\seed_44\alpha_seed44_run020_idx15_g1.50_B5_K3_xi1_C31.npz,20
44,20,16,5,3,1,1.6,31,0.94,0.8,0.1399999999999999,0.9808,0.8785777777777778,0.10222222222222221,0.9758857044138913,0.8348174596929117,0.14106824472097967,0.31890304074558784,110.5819572819053,8.289771775016389,0.8466666666666667,0.9176888888888889,0.9089802101258632,0.92,0.968,0.9675935180875133,0.17333333333333334,0.18613333333333337,0.2416500890570994,0.29032949606590086,469.94039797416735,184.3383522080556,322.93697767256197,36.22784201952089,12.662844774449928,19.298636248157685,C:\Users\cotjq\OneDrive\Desktop\python_code\Quantum Computing Lab\SVM_Data\alpha data\seed_44\alpha_seed44_run020_idx16_g1.60_B5_K3_xi1_C31.npz,20
44,20,17,5,3,1,1.7,31,0.94,0.7933333333333333,0.1466666666666666,0.9808,0.8741333333333333,0.10666666666666669,0.9758857044138913,0.8287919435479508,0.1470937608659405,0.3319903799571792,106.94611507565918,8.165245783816175,0.8466666666666667,0.9089777777777778,0.8966786488948003,0.92,0.9776,0.9743281952563823,0.20000000000000007,0.20835555555555563,0.30202278928934057,0.32928911912147407,393.93655810725323,248.2143479027875,300.4572120962338,26.62545874487229,12.6979764806977,18.33996823350268,C:\Users\cotjq\OneDrive\Desktop\python_code\Quantum Computing Lab\SVM_Data\alpha data\seed_44\alpha_seed44_run020_idx17_g1.70_B5_K3_xi1_C31.npz,20
44,20,18,5,3,1,1.8,31,0.94,0.7933333333333333,0.1466666666666666,0.9792,0.8712888888888889,0.10791111111111107,0.9730285615567484,0.833111728624413,0.13991683293233548,0.3432652947744218,104.06377203041191,7.973678048235762,0.84,0.9050666666666666,0.8904606602259644,0.92,0.9760000000000001,0.9725234103472494,0.17333333333333334,0.15893333333333337,0.19445432833320586,0.32574995280064034,431.64879653362755,197.527906256112,339.4026769688561,36.81285152485976,12.468652755398603,19.848857003476233,C:\Users\cotjq\OneDrive\Desktop\python_code\Quantum Computing Lab\SVM_Data\alpha data\seed_44\alpha_seed44_run020_idx18_g1.80_B5_K3_xi1_C31.npz,20
44,20,19,5,3,1,1.9,31,0.94,0.7866666666666666,0.15333333333333332,0.9792,0.8672000000000001,0.11199999999999988,0.9730285615567484,0.8323653687622186,0.14066319279452988,0.34909609638307865,102.01234217574859,7.967228486235931,0.8466666666666667,0.9025777777777778,0.8892957063201098,0.92,0.9696,0.9744445776445777,0.15333333333333332,0.18400000000000005,0.2859526523055096,0.3928306600473207,409.41304251887686,170.10533449371042,300.95800168813213,31.313507225887623,10.897841459537426,18.638792812413236,C:\Users\cotjq\OneDrive\Desktop\python_code\Quantum Computing Lab\SVM_Data\alpha data\seed_44\alpha_seed44_run020_idx19_g1.90_B5_K3_xi1_C31.npz,20
44,20,20,5,3,1,2.0,31,0.94,0.8066666666666666,0.1333333333333333,0.9792000000000001,0.8664888888888889,0.1127111111111112,0.9744612029893899,0.8245025780952813,0.1499586248941086,0.3503790810859847,101.04349475294231,8.071696585371896,0.82,0.8846222222222222,0.8738647504351287,0.94,0.9744,0.9698567436805827,0.18000000000000005,0.19217777777777778,0.29827193979884636,0.35933260146640533,373.42192045953664,192.50004157192382,290.90866243409675,28.594355832300664,9.765862368262102,19.10812881446025,C:\Users\cotjq\OneDrive\Desktop\python_code\Quantum Computing Lab\SVM_Data\alpha data\seed_44\alpha_seed44_run020_idx20_g2.00_B5_K3_xi1_C31.npz,20
44,20,21,5,3,1,2.1,31,0.94,0.8066666666666666,0.1333333333333333,0.9792000000000001,0.8640000000000001,0.11519999999999997,0.9744612029893899,0.8190617804590359,0.155399422530354,0.3518951675014628,98.81162770727036,8.076227834643843,0.8333333333333334,0.8967111111111111,0.8980315218034796,0.9,0.9712000000000001,0.9722873068960025,0.19333333333333336,0.20551111111111098,0.22647605778558944,0.24817034269690394,396.53348994149576,206.3370125117423,281.3408262567934,25.345632116794437,11.861195844319004,18.090365557301343,C:\Users\cotjq\OneDrive\Desktop\python_code\Quantum Computing Lab\SVM_Data\alpha data\seed_44\alpha_seed44_run020_idx21_g2.10_B5_K3_xi1_C31.npz,20
44,20,22,5,3,1,2.2,31,0.94,0.8,0.1399999999999999,0.976,0.8645333333333333,0.11146666666666671,0.9701271370553239,0.8247376759247187,0.14538946113060525,0.35476141330237043,96.46465578222426,7.9026475836352805,0.8266666666666667,0.8919111111111111,0.8889488180786829,0.92,0.9776,0.9774894794361062,0.18666666666666665,0.15644444444444439,0.21487907852916155,0.34272585436469727,401.7804919235143,156.82226672748743,281.7712958839625,40.60357612382771,11.594597268547606,19.400939851063683,C:\Users\cotjq\OneDrive\Desktop\python_code\Quantum Computing Lab\SVM_Data\alpha data\seed_44\alpha_seed44_run020_idx22_g2.20_B5_K3_xi1_C31.npz,20
44,20,23,5,3,1,2.3,31,0.94,0.7933333333333333,0.1466666666666666,0.9776,0.8643555555555557,0.11324444444444437,0.9729842799124668,0.8294192696957261,0.14356501021674073,0.3564880661281826,95.2423559146679,7.8114141648789,0.84,0.8981333333333332,0.890967706048216,0.94,0.9807999999999999,0.9826478081058727,0.21333333333333337,0.17351111111111117,0.22483308271145985,0.3671695166838691,376.4809785155687,180.6859603040443,286.5402962855717,30.125568367454335,11.163988114215671,16.25782498462447,C:\Users\cotjq\OneDrive\Desktop\python_code\Quantum Computing Lab\SVM_Data\alpha data\seed_44\alpha_seed44_run020_idx23_g2.30_B5_K3_xi1_C31.npz,20
44,20,24,5,3,1,2.4,31,0.94,0.7933333333333333,0.1466666666666666,0.9776,0.8647111111111112,0.11288888888888882,0.9729842799124668,0.8315335852382023,0.14145069467426452,0.35699014785554417,94.65727867812994,7.784781267562035,0.8,0.8956444444444445,0.8998921343181171,0.92,0.9632000000000001,0.9674954085982219,0.19333333333333336,0.1756444444444446,0.197895780901314,0.22320409177266248,393.8176948192337,129.14034696471762,274.67291062250655,46.49315998134098,12.59698767607168,21.275823821863867,C:\Users\cotjq\OneDrive\Desktop\python_code\Quantum Computing Lab\SVM_Data\alpha data\seed_44\alpha_seed44_run020_idx24_g2.40_B5_K3_xi1_C31.npz,20
44,20,25,5,3,1,2.5,31,0.94,0.7933333333333333,0.1466666666666666,0.9776,0.8647111111111111,0.11288888888888893,0.9729842799124668,0.8327173242537338,0.14026695565873304,0.35874373101695733,94.7295459840264,7.763770258502407,0.8133333333333334,0.8883555555555556,0.8774374682292754,0.94,0.9728,0.9720044526907041,0.18666666666666665,0.21884444444444462,0.2886724691450595,0.37811658466510956,346.23867221795314,162.74289009219842,259.37336836636524,37.212409018643434,10.442497866594277,19.1733007840021,C:\Users\cotjq\OneDrive\Desktop\python_code\Quantum Computing Lab\SVM_Data\alpha data\seed_44\alpha_seed44_run020_idx25_g2.50_B5_K3_xi1_C31.npz,20
44,20,26,5,3,1,2.6,31,0.94,0.7933333333333333,0.1466666666666666,0.9776,0.8650666666666667,0.11253333333333337,0.9729842799124668,0.8375356656849922,0.13544861422747467,0.35978800464971283,95.75257908936644,7.67356102788604,0.8333333333333334,0.8984888888888889,0.8857889596462668,0.92,0.9792,0.9786384982281456,0.21333333333333337,0.1523555555555557,0.16094374268157086,0.2579475065401307,331.8543556290125,77.20621926740355,251.5285148487469,32.09690531197887,10.090848751034478,19.17134156689265,C:\Users\cotjq\OneDrive\Desktop\python_code\Quantum Computing Lab\SVM_Data\alpha data\seed_44\alpha_seed44_run020_idx26_g2.60_B5_K3_xi1_C31.npz,20
44,20,27,5,3,1,2.7,31,0.94,0.7866666666666666,0.15333333333333332,0.9792000000000001,0.8664888888888889,0.1127111111111112,0.9756509465791335,0.8393797664858986,0.1362711800932349,0.3616197567830418,98.02085729076086,7.569589742770514,0.8266666666666667,0.8945777777777778,0.8924440355547509,0.92,0.9776,0.979679469356231,0.2466666666666667,0.2076444444444444,0.2767358944981194,0.26576082572714477,345.0297294542459,117.23786442160163,215.0759835121637,26.47717770770012,12.451781582325964,17.447035050951918,C:\Users\cotjq\OneDrive\Desktop\python_code\Quantum Computing Lab\SVM_Data\alpha data\seed_44\alpha_seed44_run020_idx27_g2.70_B5_K3_xi1_C31.npz,20
44,20,28,5,3,1,2.8,31,0.94,0.78,0.15999999999999992,0.9808,0.866311111111111,0.11448888888888897,0.9781509465791335,0.8406784986126505,0.13747244796648295,0.3648802382694566,101.13769808042768,7.484037538422587,0.8133333333333334,0.8922666666666668,0.8958834079826536,0.92,0.9680000000000001,0.9746338646338647,0.15999999999999992,0.15146666666666664,0.17849168829051854,0.3372735258339362,324.50206747302377,129.178233626144,244.43915676225464,32.59794285066779,11.384241774196997,21.36015115408571,C:\Users\cotjq\OneDrive\Desktop\python_code\Quantum Computing Lab\SVM_Data\alpha data\seed_44\alpha_seed44_run020_idx28_g2.80_B5_K3_xi1_C31.npz,20
44,20,29,5,3,1,2.9,31,0.94,0.7733333333333333,0.16666666666666663,0.9808,0.8643555555555557,0.11644444444444435,0.9781509465791335,0.8391208580395922,0.13903008853954124,0.3689494345194845,103.54685749525677,7.413304810175276,0.8133333333333334,0.8808888888888889,0.8872625923463681,0.94,0.9728,0.9786363636363637,0.21333333333333337,0.1843555555555555,0.20608245866695674,0.39223327163646315,320.2560795762463,133.20838347940176,221.322887751695,32.82415866299188,12.98873330508206,19.316760088057343,C:\Users\cotjq\OneDrive\Desktop\python_code\Quantum Computing Lab\SVM_Data\alpha data\seed_44\alpha_seed44_run020_idx29_g2.90_B5_K3_xi1_C31.npz,20
